leg,Carrol C Feet,キャロルＣフット,1960,1960,TRUE,TRUE,TRUE,TRUE,FALSE
leg,Zyra C Feet,ザイラＣフット,1961,1961,TRUE,TRUE,TRUE,TRUE,FALSE
leg,Loose C Leg,ルースＣレッグ,1962,1962,TRUE,TRUE,TRUE,TRUE,FALSE
leg,Higakure C Greaves,ヒガクレＣグリーヴ,1973,1973,TRUE,TRUE,TRUE,TRUE,FALSE
leg,Harokyu D Feet,ハロキュＤフット,1557,1557,TRUE,TRUE,TRUE,TRUE,FALSE
leg,Evol D Feet・White,エヴォルＤフット・白,1928,1928,TRUE,TRUE,TRUE,TRUE,FALSE
leg,Evol D Feet・Red,エヴォルＤフット・赤,1929,1929,TRUE,TRUE,TRUE,TRUE,FALSE
leg,Evol D Feet・Blue,エヴォルＤフット・青,1930,1930,TRUE,TRUE,TRUE,TRUE,FALSE
leg,Evol D Feet・Purple,エヴォルＤフット・紫,1931,1931,TRUE,TRUE,TRUE,TRUE,FALSE
leg,Blue Ice Emperor D Feet,蒼皇氷Ｄフット,1871,1871,TRUE,TRUE,TRUE,TRUE,FALSE
leg,White Ice Emperor D Feet,白皇氷Ｄフット,1872,1872,TRUE,TRUE,TRUE,TRUE,FALSE
leg,Red Ice Emperor D Feet,紅皇氷Ｄフット,1873,1873,TRUE,TRUE,TRUE,TRUE,FALSE
leg,Rance C Greaves,ランセＣグリーヴ,1975,1975,TRUE,TRUE,TRUE,TRUE,FALSE
leg,Santa D Feet,サンタＤフット,700,700,TRUE,TRUE,TRUE,TRUE,FALSE
leg,Anteka D Feet,ガウシカＤフット,1527,1527,TRUE,TRUE,TRUE,TRUE,FALSE
leg,Sakufi D Feet,サクフィＤフット,1911,1911,TRUE,TRUE,TRUE,TRUE,FALSE
leg,Asumo D Feet,アスモＤフット,1932,1932,TRUE,TRUE,TRUE,TRUE,FALSE
leg,Dios D Feet,ディオスＤフット,1921,1921,TRUE,TRUE,TRUE,TRUE,FALSE
leg,Asteli D Feet・White,アステリＤフット・白,1693,1693,TRUE,TRUE,TRUE,TRUE,FALSE
leg,Asteli D Feet・Blue,アステリＤフット・青,1694,1694,TRUE,TRUE,TRUE,TRUE,FALSE
leg,Asteli D Feet・Red,アステリＤフット・赤,1695,1695,TRUE,TRUE,TRUE,TRUE,FALSE
leg,Asteli D Feet・Black,アステリＤフット・黒,1696,1696,TRUE,TRUE,TRUE,TRUE,FALSE
leg,Lien D Feet・Blue,リアンＤフット・青,397,398,TRUE,TRUE,TRUE,TRUE,FALSE
leg,Lien D Feet・Red,リアンＤフット・赤,398,399,TRUE,TRUE,TRUE,TRUE,FALSE
leg,Lien D Feet・Black,リアンＤフット・黒,399,400,TRUE,TRUE,TRUE,TRUE,FALSE
leg,Lien D Feet・White,リアンＤフット・白,400,401,TRUE,TRUE,TRUE,TRUE,FALSE
leg,Lien D Feet・Crimson,リアンＤフット・紅,413,414,TRUE,TRUE,TRUE,TRUE,FALSE
leg,Lien D Feet・藍,リアンＤフット・藍,775,775,TRUE,TRUE,TRUE,TRUE,FALSE
leg,Lien D Feet・Peach,リアンＤフット・桃,776,776,TRUE,TRUE,TRUE,TRUE,FALSE
leg,Carrol D Feet・Black,キャロルＤフット・黒,1490,1490,TRUE,TRUE,TRUE,TRUE,FALSE
leg,Carrol D Feet・Blue,キャロルＤフット・青,1491,1491,TRUE,TRUE,TRUE,TRUE,FALSE
leg,Carrol D Feet・White,キャロルＤフット・白,1492,1492,TRUE,TRUE,TRUE,TRUE,FALSE
leg,Carrol D Feet・Red,キャロルＤフット・赤,1493,1493,TRUE,TRUE,TRUE,TRUE,FALSE
leg,Carrol D Feet・Peach,キャロルＤフット・桃,1726,1726,TRUE,TRUE,TRUE,TRUE,FALSE
leg,Gothic D Greaves,ゴシックＤグリーヴ,222,223,TRUE,TRUE,TRUE,TRUE,FALSE
leg,Kirin Dレガース,キリンＤレガース,70,71,TRUE,TRUE,TRUE,TRUE,FALSE
leg,Farunokku D Greaves,ファルノＤグリーヴ,1175,1175,TRUE,TRUE,TRUE,TRUE,FALSE
leg,Farunokku D Leggings,ファルノＤレギンス,1176,1176,TRUE,TRUE,TRUE,TRUE,FALSE
leg,Pokara D Greaves,ポカラＤグリーヴ,1179,1179,TRUE,TRUE,TRUE,TRUE,FALSE
leg,Pokara D Leggings,ポカラＤレギンス,1180,1180,TRUE,TRUE,TRUE,TRUE,FALSE
leg,Genesis D [Greaves 】,創音奏Ｄ【具足】,1654,1654,TRUE,TRUE,TRUE,TRUE,FALSE
leg,Motion D [Greaves 】,音紡奏Ｄ【具足】,1655,1655,TRUE,TRUE,TRUE,TRUE,FALSE
leg,Lightning D [Greaves 】,照雷Ｄ【具足】,1802,1802,TRUE,TRUE,TRUE,TRUE,FALSE
leg,Thunder D [Greaves 】,明雷Ｄ【具足】,1803,1803,TRUE,TRUE,TRUE,TRUE,FALSE
leg,Toridcless D Greaves,トリドＤグリーヴ,1760,1760,TRUE,TRUE,TRUE,TRUE,FALSE
leg,Toridcless D Leggings,トリドＤレギンス,1761,1761,TRUE,TRUE,TRUE,TRUE,FALSE
leg,Guan D Greaves,グァンＤグリーヴ,1852,1852,TRUE,TRUE,TRUE,TRUE,FALSE
leg,Guan D Leggings,グァンＤレギンス,1853,1853,TRUE,TRUE,TRUE,TRUE,FALSE
leg,Varusa D Greaves,ヴァルＤグリーヴ,1656,1656,TRUE,TRUE,TRUE,TRUE,FALSE
leg,Varusa D Leggings,ヴァルＤレギンス,1657,1657,TRUE,TRUE,TRUE,TRUE,FALSE
leg,Toa D Greaves,トアＤグリーヴ,1875,1875,TRUE,TRUE,TRUE,TRUE,FALSE
leg,Toa D Leggings,トアＤレギンス,1876,1876,TRUE,TRUE,TRUE,TRUE,FALSE
leg,Blitz Dレガース,ブリッツＤレガース,792,792,TRUE,TRUE,TRUE,TRUE,FALSE
leg,Stroma D Greaves,ストロマＤグリーヴ,1264,1264,TRUE,TRUE,TRUE,TRUE,FALSE
leg,Stroma D Leggings,ストロマＤレギンス,1265,1265,TRUE,TRUE,TRUE,TRUE,FALSE
leg,Elegance D [Greaves 】,雅深Ｄ【具足】,1637,1637,TRUE,TRUE,TRUE,TRUE,FALSE
leg,Grace D [Greaves 】,雅淵Ｄ【具足】,1638,1638,TRUE,TRUE,TRUE,TRUE,FALSE
leg,Altera D Greaves,アルテラＤグリーヴ,1336,1336,TRUE,TRUE,TRUE,TRUE,FALSE
leg,Altera D Leggings,アルテラＤレギンス,1337,1337,TRUE,TRUE,TRUE,TRUE,FALSE
leg,Pobo D Greaves,ポボルムＤグリーヴ,1652,1652,TRUE,TRUE,TRUE,TRUE,FALSE
leg,Pobo D Leggings,ポボルムＤレギンス,1653,1653,TRUE,TRUE,TRUE,TRUE,FALSE
leg,Zinogre C Greaves,ジンオウＣグリーヴ,1794,1794,TRUE,TRUE,TRUE,TRUE,FALSE
leg,Zinogre C Leggings,ジンオウＣレギンス,1795,1795,TRUE,TRUE,TRUE,TRUE,FALSE
leg,Hornetaur UD Greaves,タロスＵＤグリーヴ,133,134,TRUE,TRUE,TRUE,TRUE,FALSE
leg,Hornetaur UD Leggings,タロスＵＤレギンス,133,134,TRUE,TRUE,TRUE,TRUE,FALSE
leg,Rathalos D Greaves,レウスＤグリーヴ,10,9,TRUE,TRUE,TRUE,TRUE,FALSE
leg,Rathalos D Leggings,レウスＤレギンス,11,10,TRUE,TRUE,TRUE,TRUE,FALSE
leg,Gogo D Greaves,ゴゴＤグリーヴ,1030,1030,TRUE,TRUE,TRUE,TRUE,FALSE
leg,Gogo D Leggings,ゴゴＤレギンス,1031,1031,TRUE,TRUE,TRUE,TRUE,FALSE
leg,Azul D Greaves,アスールＤグリーヴ,321,322,TRUE,TRUE,TRUE,TRUE,FALSE
leg,Azul D Leggings,アスールＤレギンス,322,323,TRUE,TRUE,TRUE,TRUE,FALSE
leg,Harvest D Boots,ハーヴェストＤブーツ,523,524,TRUE,TRUE,TRUE,TRUE,FALSE
leg,Harvest D Leggings,ハーヴェストＤレギンス,524,525,TRUE,TRUE,TRUE,TRUE,FALSE
leg,Melan D Greaves,メランＤグリーヴ,368,369,TRUE,TRUE,TRUE,TRUE,FALSE
leg,Melan D Leggings,メランＤレギンス,369,370,TRUE,TRUE,TRUE,TRUE,FALSE
leg,Diru D Greaves,ディールＤグリーヴ,567,568,TRUE,TRUE,TRUE,TRUE,FALSE
leg,Diru D Leggings,ディールＤレギンス,568,569,TRUE,TRUE,TRUE,TRUE,FALSE
leg,Tandress D Feet,タンドレスＤフット,1194,1194,TRUE,TRUE,TRUE,TRUE,FALSE
leg,Tandress D Boots,タンドレスＤブーツ,1195,1195,TRUE,TRUE,TRUE,TRUE,FALSE
leg,Rance D Greaves,ランセＤグリーヴ,1733,1733,TRUE,TRUE,TRUE,TRUE,FALSE
leg,Rance D Leggings,ランセＤレギンス,1734,1734,TRUE,TRUE,TRUE,TRUE,FALSE
leg,Ganeto D Greaves,ガネトＤグリーヴ,1776,1776,TRUE,TRUE,TRUE,TRUE,FALSE
leg,Ganeto D Leggings,ガネトＤレギンス,1777,1777,TRUE,TRUE,TRUE,TRUE,FALSE
leg,Chiru D Greaves,チールＤグリーヴ,1735,1735,TRUE,TRUE,TRUE,TRUE,FALSE
leg,Chiru D Leggings,チールＤレギンス,1736,1736,TRUE,TRUE,TRUE,TRUE,FALSE
leg,Shiusu D Greaves,シウスＤグリーヴ,1837,1837,TRUE,TRUE,TRUE,TRUE,FALSE
leg,Shiusu D Leggings,シウスＤレギンス,1838,1838,TRUE,TRUE,TRUE,TRUE,FALSE
leg,Once D Greaves・無,ワンスＤグリーヴ・無,1988,1988,TRUE,TRUE,TRUE,TRUE,FALSE
leg,Pale Sakura D [Hakama 】,淡桜Ｄ【袴】,754,754,TRUE,TRUE,TRUE,TRUE,FALSE
leg,Howla D Feet,ハウラＤフット,1849,1849,TRUE,TRUE,TRUE,TRUE,FALSE
leg,Panse D Feet,パンセＤフット,1967,1967,TRUE,TRUE,TRUE,TRUE,FALSE
leg,Marriage D Feet,マリジュＤフット,1965,1965,TRUE,TRUE,TRUE,TRUE,FALSE
leg,Snow Miku D Feet,雪ミクＤフット,0,1976,FALSE,TRUE,TRUE,TRUE,FALSE
leg,Miku D Feet,ミクＤフット,1277,1277,TRUE,TRUE,TRUE,TRUE,FALSE
leg,Wasou Legs D,和奏ノ脛当Ｄ,1861,1861,TRUE,TRUE,TRUE,TRUE,FALSE
leg,Felyne D Greaves,アイルーＤグリーヴ,1906,1906,FALSE,TRUE,TRUE,TRUE,FALSE
leg,Brown D Greaves,チャトラＤグリーヴ,1907,1907,FALSE,TRUE,TRUE,TRUE,FALSE
leg,Monotone D Greaves,シロＤグリーヴ,1908,1908,FALSE,TRUE,TRUE,TRUE,FALSE
leg,Two-tone D Greaves,クロシロＤグリーヴ,1909,1909,FALSE,TRUE,TRUE,TRUE,FALSE
leg,Butterfly D Crura,パピメルＤガンバ,0,258,FALSE,TRUE,TRUE,TRUE,FALSE
leg,Demon Lord ノ足枷D,鬼神ノ足枷Ｄ,441,442,TRUE,TRUE,TRUE,TRUE,FALSE
leg,Demon Tale ノ足枷D,鬼伝ノ足枷Ｄ,1848,1848,TRUE,TRUE,TRUE,TRUE,FALSE
leg,鬼凛ノ足枷D,鬼凛ノ足枷Ｄ,1920,1920,TRUE,TRUE,TRUE,TRUE,FALSE
leg,Empress C Greaves,エンプレスＣグリーヴ,160,161,TRUE,TRUE,TRUE,TRUE,FALSE
leg,Empress C Leggings,エンプレスＣレギンス,161,162,TRUE,TRUE,TRUE,TRUE,FALSE
leg,Kaiser C Greaves,カイザーＣグリーヴ,158,159,TRUE,TRUE,TRUE,TRUE,FALSE
leg,Kaiser C Leggings,カイザーＣレギンス,159,160,TRUE,TRUE,TRUE,TRUE,FALSE
leg,Dragon D Feet,ドラゴンＤフット,34,35,TRUE,TRUE,TRUE,TRUE,FALSE
leg,Dragon D Legs,ドラゴンＤレグス,35,34,TRUE,TRUE,TRUE,TRUE,FALSE
leg,Nargacuga C Greaves,ナルガＣグリーヴ,1850,1850,TRUE,TRUE,TRUE,TRUE,FALSE
leg,Nargacuga C Leggings,ナルガＣレギンス,1851,1851,TRUE,TRUE,TRUE,TRUE,FALSE
leg,Harudo D Greaves,ハルドＤグリーヴ,1702,1702,TRUE,TRUE,TRUE,TRUE,FALSE
leg,Harudo D Leggings,ハルドＤレギンス,1703,1703,TRUE,TRUE,TRUE,TRUE,FALSE
leg,Elegance D [Greaves 】,雅孔Ｄ【具足】,1550,1550,TRUE,TRUE,TRUE,TRUE,FALSE
leg,Grace D [Greaves 】,雅穿Ｄ【具足】,1551,1551,TRUE,TRUE,TRUE,TRUE,FALSE
leg,Meraginasu D Greaves,メラギＤグリーヴ,1484,1484,TRUE,TRUE,TRUE,TRUE,FALSE
leg,Meraginasu D Leggings,メラギＤレギンス,1485,1485,TRUE,TRUE,TRUE,TRUE,FALSE
leg,Hesyumu D Feet,ヘシュムＤフット,1933,1933,TRUE,TRUE,TRUE,TRUE,FALSE
leg,Kasamie D Feet,カサミエＤフット,1966,1966,TRUE,TRUE,TRUE,TRUE,FALSE
leg,Cielo D Feet,シエロＤフット,1845,1845,TRUE,TRUE,TRUE,TRUE,FALSE
leg,Vichi D Feet,ヴィーチＤフット,1790,1790,TRUE,TRUE,TRUE,TRUE,FALSE
leg,Rocbouquet D Feet,ロックブーケＤフット,1938,1938,FALSE,TRUE,TRUE,TRUE,FALSE
leg,Claudia D Feet,クローディアＤフット,1939,1939,FALSE,TRUE,TRUE,TRUE,FALSE
leg,Kinosu D Greaves,キノスＤグリーヴ,445,446,TRUE,TRUE,TRUE,TRUE,FALSE
leg,Himeros D Greaves,ヒメロスＤグリーヴ,446,447,TRUE,TRUE,TRUE,TRUE,FALSE
leg,Charien D Leggings,カリエンＤレギンス,447,448,TRUE,TRUE,TRUE,TRUE,FALSE
leg,Arietta D Leg,アリエッタＤレッグ,449,450,TRUE,TRUE,TRUE,TRUE,FALSE
leg,Craft D Boots,クラフトＤブーツ,539,540,TRUE,TRUE,TRUE,TRUE,FALSE
leg,Shieri D Greaves,シエリーＤグリーヴ,561,562,TRUE,TRUE,TRUE,TRUE,FALSE
leg,Pupen D Greaves,プペンＤグリーヴ,741,741,TRUE,TRUE,TRUE,TRUE,FALSE
leg,Moss Cover D Greaves,モスカバＤグリーヴ,742,742,TRUE,TRUE,TRUE,TRUE,FALSE
leg,Excelle D Greaves,エクセレＤグリーヴ,740,740,TRUE,TRUE,TRUE,TRUE,FALSE
leg,Ordre D Greaves,オルドルＤグリーヴ,1789,1789,TRUE,TRUE,TRUE,TRUE,FALSE
leg,Rath Duo D Greaves,リオデュオＤグリーヴ,462,463,TRUE,TRUE,TRUE,TRUE,FALSE
leg,Atra D Greaves,アトラＤグリーヴ,672,672,TRUE,TRUE,TRUE,TRUE,FALSE
leg,Madaru D Greaves,マダルＤグリーヴ,1162,1162,TRUE,TRUE,TRUE,TRUE,FALSE
leg,Shasse D Greaves,シャッセＤグリーヴ,733,733,TRUE,TRUE,TRUE,TRUE,FALSE
leg,Orchesis D Greaves,オルケシスＤグリーヴ,1002,1002,TRUE,TRUE,TRUE,TRUE,FALSE
leg,Blize D Greaves,ブリゼＤグリーヴ,1260,1260,TRUE,TRUE,TRUE,TRUE,FALSE
leg,Quoiz D Feet,クオイズＤフット,1670,1670,TRUE,TRUE,TRUE,TRUE,FALSE
leg,Kalais D Feet,カライスＤフット,1671,1671,TRUE,TRUE,TRUE,TRUE,FALSE
leg,Lucchese D Feet,ルケーゼＤフット,1672,1672,TRUE,TRUE,TRUE,TRUE,FALSE
leg,Entora D Greaves,エントラＤグリーヴ,1029,1029,TRUE,TRUE,TRUE,TRUE,FALSE
leg,Penre D Feet,ペンレＤフット,1968,1968,TRUE,TRUE,TRUE,TRUE,FALSE
leg,Rokka D Feet,ロッカＤフット,1969,1969,TRUE,TRUE,TRUE,TRUE,FALSE
leg,YoRHa No.2 Type B D Feet,ﾖﾙﾊ二号B型Ｄフット,1990,1990,FALSE,TRUE,TRUE,TRUE,FALSE
leg,トリートC Greaves,トリートＣグリーヴ,2083,2083,TRUE,TRUE,TRUE,TRUE,FALSE
leg,Craft C Boots,クラフトＣブーツ,2084,2084,TRUE,TRUE,TRUE,TRUE,FALSE
leg,Cielo C Feet,シエロＣフット,2085,2085,TRUE,TRUE,TRUE,TRUE,FALSE
leg,Felyne C Greaves,アイルーＣグリーヴ,2086,2086,TRUE,TRUE,TRUE,TRUE,FALSE
leg,Knight King Legs BM D Blue,騎士王の脚甲：剣Ｄ青,0,1278,FALSE,TRUE,TRUE,TRUE,FALSE
leg,Knight King Legs BM D Red,騎士王の脚甲：剣Ｄ赤,0,1279,FALSE,TRUE,TRUE,TRUE,FALSE
leg,Knight King Legs BM D Black,騎士王の脚甲：剣Ｄ黒,0,1280,FALSE,TRUE,TRUE,TRUE,FALSE
leg,Knight King Legs BM D White,騎士王の脚甲：剣Ｄ白,0,1281,FALSE,TRUE,TRUE,TRUE,FALSE
leg,Gorgon D Feet・Black,ゴルゴンＤフット・黒,0,1476,FALSE,TRUE,TRUE,TRUE,FALSE
leg,Gorgon D Feet・Blue,ゴルゴンＤフット・青,0,1478,FALSE,TRUE,TRUE,TRUE,FALSE
leg,Gorgon D Feet・White,ゴルゴンＤフット・白,0,1479,FALSE,TRUE,TRUE,TRUE,FALSE
leg,Gorgon D Feet・Red,ゴルゴンＤフット・赤,0,1480,FALSE,TRUE,TRUE,TRUE,FALSE
leg,Arben D Feet,アーベンＤフット,1925,1925,TRUE,TRUE,TRUE,TRUE,FALSE
leg,Aura D Feet,アウラＤフット,1846,1846,TRUE,TRUE,TRUE,TRUE,FALSE
leg,Gagachu D Feet,ガガチュＤフット,1831,1831,TRUE,TRUE,TRUE,TRUE,FALSE
leg,Kurofi D Feet,クロフィＤフット,1910,1910,TRUE,TRUE,TRUE,TRUE,FALSE
leg,Keravuno D Feet,ケラヴノＤフット,1791,1791,TRUE,TRUE,TRUE,TRUE,FALSE
leg,Espinas ZD Heel,エスピナZDフェルゼ,1944,1944,TRUE,TRUE,TRUE,TRUE,FALSE
leg,Espinas ZD March,エスピナZDアヴィレ,1945,1945,TRUE,TRUE,TRUE,TRUE,FALSE
leg,Hypnoc ZD Greaves,ヒプノZDグリーヴ,1948,1948,TRUE,TRUE,TRUE,TRUE,FALSE
leg,Hypnoc ZD Leggings,ヒプノZDレギンス,1949,1949,TRUE,TRUE,TRUE,TRUE,FALSE
leg,Khezu ZD Greaves,フルフルZDグリーヴ,1952,1952,TRUE,TRUE,TRUE,TRUE,FALSE
leg,Khezu ZD Leggings,フルフルZDレギンス,1953,1953,TRUE,TRUE,TRUE,TRUE,FALSE
leg,Hermitaur ZD Greaves,ザザミZDグリーヴ,1954,1954,TRUE,TRUE,TRUE,TRUE,FALSE
leg,Hermitaur ZD Leggings,ザザミZDレギンス,1955,1955,TRUE,TRUE,TRUE,TRUE,FALSE
leg,Rathalos ZD Greaves,レウスZDグリーヴ,1950,1950,TRUE,TRUE,TRUE,TRUE,FALSE
leg,Rathalos ZD Leggings,レウスZDレギンス,1951,1951,TRUE,TRUE,TRUE,TRUE,FALSE
leg,Blango ZD Greaves,ブランゴZDグリーヴ,1956,1956,TRUE,TRUE,TRUE,TRUE,FALSE
leg,Blango ZD Leggings,ブランゴZDレギンス,1957,1957,TRUE,TRUE,TRUE,TRUE,FALSE
leg,Vashimu ZD Greaves,ヴァシムZDグリーヴ,1946,1946,TRUE,TRUE,TRUE,TRUE,FALSE
leg,Vashimu ZD Leggings,ヴァシムZDレギンス,1947,1947,TRUE,TRUE,TRUE,TRUE,FALSE
leg,Tigrex ZD Greaves,レックスZDグリーヴ,1958,1958,TRUE,TRUE,TRUE,TRUE,FALSE
leg,Tigrex ZD Leggings,レックスZDレギンス,1959,1959,TRUE,TRUE,TRUE,TRUE,FALSE
leg,Hyujikiki ZD Greaves,ヒュジZDグリーヴ,1977,1977,TRUE,TRUE,TRUE,TRUE,FALSE
leg,Hyujikiki ZD Leggings,ヒュジZDレギンス,1978,1978,TRUE,TRUE,TRUE,TRUE,FALSE
leg,Gear ZD Greaves,ギアZDグリーヴ,1981,1981,TRUE,TRUE,TRUE,TRUE,FALSE
leg,Gear ZD Leggings,ギアZDレギンス,1982,1982,TRUE,TRUE,TRUE,TRUE,FALSE
leg,Muruta D Feet,ムルタＤフット,1825,1825,TRUE,TRUE,TRUE,TRUE,FALSE
leg,Midogaron ZD Greaves,ミドZDグリーヴ,1979,1979,TRUE,TRUE,TRUE,TRUE,FALSE
leg,Midogaron ZD Leggings,ミドZDレギンス,1980,1980,TRUE,TRUE,TRUE,TRUE,FALSE
leg,White Fatalis D Feet,祖龍Ｄフット,1710,1710,TRUE,TRUE,TRUE,TRUE,FALSE
leg,White Fatalis D Legs,祖龍Ｄレグス,1711,1711,TRUE,TRUE,TRUE,TRUE,FALSE
leg,Elzelion D Greaves,エルゼＤグリーヴ,2090,2090,TRUE,TRUE,TRUE,TRUE,FALSE
leg,Elzelion D Leggings,エルゼＤレギンス,2091,2091,TRUE,TRUE,TRUE,TRUE,FALSE
leg,Zakka D Feet,ザッカＤフット,1970,1970,TRUE,TRUE,TRUE,TRUE,FALSE
leg,十ノ軌跡C Feet,十ノ軌跡Ｃフット,2058,2058,TRUE,TRUE,TRUE,TRUE,FALSE
leg,十ノ至道C Boots,十ノ至道Ｃブーツ,2059,2059,TRUE,TRUE,TRUE,TRUE,FALSE
leg,Rantana D Feet,ランタナＤフット,2081,2081,TRUE,TRUE,TRUE,TRUE,FALSE
leg,Eris D Feet,エリスＤフット,2107,2107,TRUE,TRUE,TRUE,TRUE,FALSE
leg,Magisa D Feet・Red,マギサＤフット・赤,379,380,TRUE,TRUE,TRUE,TRUE,FALSE
leg,Magisa D Feet・Black,マギサＤフット・黒,392,393,TRUE,TRUE,TRUE,TRUE,FALSE
leg,Magisa D Feet・Green,マギサＤフット・緑,381,382,TRUE,TRUE,TRUE,TRUE,FALSE
leg,Magisa D Feet・White,マギサＤフット・白,382,383,TRUE,TRUE,TRUE,TRUE,FALSE
leg,Magisa D Feet・Blue,マギサＤフット・青,380,381,TRUE,TRUE,TRUE,TRUE,FALSE
leg,Waka Legs D,和花ノ脛当Ｄ,1860,1860,TRUE,TRUE,TRUE,TRUE,FALSE
leg,Shaln D Feet・Blue,シャランＤフット・青,455,456,TRUE,TRUE,TRUE,TRUE,FALSE
leg,Shaln D Feet・Green,シャランＤフット・緑,456,457,TRUE,TRUE,TRUE,TRUE,FALSE
leg,Shaln D Feet・Purple,シャランＤフット・紫,457,458,TRUE,TRUE,TRUE,TRUE,FALSE
leg,Shaln D Feet・White,シャランＤフット・白,458,459,TRUE,TRUE,TRUE,TRUE,FALSE
leg,Shaln D Feet・Red,シャランＤフット・赤,459,460,TRUE,TRUE,TRUE,TRUE,FALSE
leg,Shaln D Feet・Crimson,シャランＤフット・紅,522,523,TRUE,TRUE,TRUE,TRUE,FALSE
leg,Shaln D Feet・Orange,シャランＤフット・橙,521,522,TRUE,TRUE,TRUE,TRUE,FALSE
leg,Carriage D Feet,キャリッジＤフット,1520,1520,TRUE,TRUE,TRUE,TRUE,FALSE
leg,Marble D Feet,マーブルＤフット,1522,1522,TRUE,TRUE,TRUE,TRUE,FALSE
leg,Shandy D Feet,シャンディＤフット,1523,1523,TRUE,TRUE,TRUE,TRUE,FALSE
leg,Banquet D Feet,バンケットＤフット,1521,1521,TRUE,TRUE,TRUE,TRUE,FALSE
leg,Korinyi D Feet,コリニィＤフット,2087,2087,TRUE,TRUE,TRUE,TRUE,FALSE
leg,Renka Greaves D,煉華ノ具足Ｄ,2108,2108,TRUE,TRUE,TRUE,TRUE,FALSE
leg,Kukubo D Feet,ククボＤフット,701,701,TRUE,TRUE,TRUE,TRUE,FALSE
leg,Kakabu D Feet,カカブＤフット,1069,1069,TRUE,TRUE,TRUE,TRUE,FALSE
leg,Aruru D Feet,アルルＤフット,1116,1116,TRUE,TRUE,TRUE,TRUE,FALSE
leg,Red Cat D Boots,あかねこ服Ｄブーツ,401,402,TRUE,TRUE,TRUE,TRUE,FALSE
leg,Rios D Greaves,ライオスＤグリーヴ,1681,1681,TRUE,TRUE,TRUE,TRUE,FALSE
leg,Bonito D Greaves,ボニトＤグリーヴ,1682,1682,TRUE,TRUE,TRUE,TRUE,FALSE
leg,Meirida D Greaves,メイリダＤグリーヴ,1737,1737,TRUE,TRUE,TRUE,TRUE,FALSE
leg,Miniomu D Greaves,ミニオムＤグリーヴ,1775,1775,TRUE,TRUE,TRUE,TRUE,FALSE
leg,Harimeno D Greaves,ハリメノＤグリーヴ,1836,1836,TRUE,TRUE,TRUE,TRUE,FALSE
leg,Deliver D Greaves,デリヴＤグリーヴ,1251,1251,TRUE,TRUE,TRUE,TRUE,FALSE
leg,Asaku D Greaves,アサークＤグリーヴ,1252,1252,TRUE,TRUE,TRUE,TRUE,FALSE
leg,Desordre D Greaves,デゾルトＤグリーヴ,1253,1253,TRUE,TRUE,TRUE,TRUE,FALSE
leg,Haragan D Greaves,ハラガンＤグリーヴ,1679,1679,TRUE,TRUE,TRUE,TRUE,FALSE
leg,Abuyado D Greaves,アブヤドＤグリーヴ,1680,1680,TRUE,TRUE,TRUE,TRUE,FALSE
leg,Rukodiora ZD Greaves,ルコZDグリーヴ,2092,2092,TRUE,TRUE,TRUE,TRUE,FALSE
leg,Rukodiora ZD Leggings,ルコZDレギンス,2093,2093,TRUE,TRUE,TRUE,TRUE,FALSE
leg,Plesioth ZD Greaves,ガノZDグリーヴ,2094,2094,TRUE,TRUE,TRUE,TRUE,FALSE
leg,Plesioth ZD Leggings,ガノZDレギンス,2095,2095,TRUE,TRUE,TRUE,TRUE,FALSE
leg,Sharufu D Greaves,シャルフＤグリーヴ,1984,1984,TRUE,TRUE,TRUE,TRUE,FALSE
leg,Kamara D Greaves,カマラＤグリーヴ,2082,2082,TRUE,TRUE,TRUE,TRUE,FALSE
leg,Liebre D Greaves,リエブレＤグリーヴ,2099,2099,TRUE,TRUE,TRUE,TRUE,FALSE
leg,Korinyi C Feet,コリニィＣフット,2098,2098,TRUE,TRUE,TRUE,TRUE,FALSE
leg,Ruche D Greaves,ルーチェＤグリーヴ,2105,2105,TRUE,TRUE,TRUE,TRUE,FALSE
leg,Strength D Leg,ストレングスＤレッグ,250,251,TRUE,TRUE,TRUE,TRUE,FALSE
leg,Rage D Feet,レイジＤフット,576,577,TRUE,TRUE,TRUE,TRUE,FALSE
leg,Rampage D Feet,ランページＤフット,577,578,TRUE,TRUE,TRUE,TRUE,FALSE
leg,Blaze D Feet,ブレイズＤフット,578,579,TRUE,TRUE,TRUE,TRUE,FALSE
leg,Poogie D Feet,プーギーＤフット,1022,1022,TRUE,TRUE,TRUE,TRUE,FALSE
leg,Mandora D Feet,マンドラＤフット,1024,1024,TRUE,TRUE,TRUE,TRUE,FALSE
leg,Aonoko D Feet,アオノコＤフット,1023,1023,TRUE,TRUE,TRUE,TRUE,FALSE
leg,Gauss D Greaves,ガウスＤグリーヴ,1130,1130,TRUE,TRUE,TRUE,TRUE,FALSE
leg,Weber D Greaves,ウェーバＤグリーヴ,1131,1131,TRUE,TRUE,TRUE,TRUE,FALSE
leg,Gilbert D Greaves,ギルバートＤグリーヴ,1132,1132,TRUE,TRUE,TRUE,TRUE,FALSE
leg,Zuibei D Heel,ズィベイＤフェルゼ,1510,1510,TRUE,TRUE,TRUE,TRUE,FALSE
leg,Chiarim D Feet,チアリムＤフット,1864,1864,TRUE,TRUE,TRUE,TRUE,FALSE
leg,Scholar C Socks,スカラーＣソックス,0,1842,FALSE,TRUE,TRUE,TRUE,FALSE
leg,Rhopessa C Crura,ファルメルＣガンバ,0,1816,FALSE,TRUE,TRUE,TRUE,FALSE
leg,Yukumo ノハカマC・Heaven,ユクモノハカマＣ・天,1804,1804,TRUE,TRUE,TRUE,TRUE,FALSE
leg,White 蘭D Feet,白蘭Ｄフット,1558,1558,TRUE,TRUE,TRUE,TRUE,FALSE
leg,Crimson 霞D Feet,紅霞Ｄフット,1559,1559,TRUE,TRUE,TRUE,TRUE,FALSE
leg,Demonclad ノ足枷D,鬼穿ノ足枷Ｄ,1974,1974,TRUE,TRUE,TRUE,TRUE,FALSE
leg,Tangusu D Greaves,タングスＤグリーヴ,1160,1160,TRUE,TRUE,TRUE,TRUE,FALSE
leg,Disu D Greaves,ディスＤグリーヴ,1187,1187,TRUE,TRUE,TRUE,TRUE,FALSE
leg,Disu D Leggings,ディスＤレギンス,1188,1188,TRUE,TRUE,TRUE,TRUE,FALSE
leg,Lils D Greaves,リルスＤグリーヴ,790,790,TRUE,TRUE,TRUE,TRUE,FALSE
leg,Lils D Leggings,リルスＤレギンス,791,791,TRUE,TRUE,TRUE,TRUE,FALSE
leg,Dragon SC Feet,ドラゴンSCフット,128,129,TRUE,TRUE,TRUE,TRUE,FALSE
leg,Dragon SC Legs,ドラゴンSCレグス,129,130,TRUE,TRUE,TRUE,TRUE,FALSE
leg,Dragon GD Feet,ドラゴンGDフット,1537,1537,TRUE,TRUE,TRUE,TRUE,FALSE
leg,Dragon GD Legs,ドラゴンGDレグス,1538,1538,TRUE,TRUE,TRUE,TRUE,FALSE
leg,Vulcan D Feet,バルカンＤフット,45,46,TRUE,TRUE,TRUE,TRUE,FALSE
leg,Vulcan D Legs,バルカンＤレグス,46,47,TRUE,TRUE,TRUE,TRUE,FALSE
leg,Vulcan GD Feet,バルカンGDフット,1539,1539,TRUE,TRUE,TRUE,TRUE,FALSE
leg,Vulcan GD Legs,バルカンGDレグス,1540,1540,TRUE,TRUE,TRUE,TRUE,FALSE
leg,Garnet D Greaves,ガーネットＤグリーヴ,658,658,TRUE,TRUE,TRUE,TRUE,FALSE
leg,Amethyst D Greaves,アメジストＤグリーヴ,659,659,TRUE,TRUE,TRUE,TRUE,FALSE
leg,Coral D Greaves,コーラルＤグリーヴ,660,660,TRUE,TRUE,TRUE,TRUE,FALSE
leg,Quartz D Greaves,クォーツＤグリーヴ,661,661,TRUE,TRUE,TRUE,TRUE,FALSE
leg,Emerald D Greaves,エメラルドＤグリーヴ,664,664,TRUE,TRUE,TRUE,TRUE,FALSE
leg,Pearl D Greaves,パールＤグリーヴ,665,665,TRUE,TRUE,TRUE,TRUE,FALSE
leg,Ruby D Greaves,ルビーＤグリーヴ,662,662,TRUE,TRUE,TRUE,TRUE,FALSE
leg,Sapphire D Greaves,サファイアＤグリーヴ,663,663,TRUE,TRUE,TRUE,TRUE,FALSE
leg,Topaz D Leggings,トパーズＤレギンス,666,666,TRUE,TRUE,TRUE,TRUE,FALSE
leg,Tourmaline D Leggings,トルマリンＤレギンス,667,667,TRUE,TRUE,TRUE,TRUE,FALSE
leg,Lapis D Leggings,ラピスＤレギンス,668,668,TRUE,TRUE,TRUE,TRUE,FALSE
leg,Hisui D Greaves,ヒスイＤグリーヴ,1541,1541,TRUE,TRUE,TRUE,TRUE,FALSE
leg,Onyx D Greaves,オニキスＤグリーヴ,1889,1889,TRUE,TRUE,TRUE,TRUE,FALSE
leg,Veloci ーツ Feet D,ランポスーツフットＤ,146,147,TRUE,TRUE,TRUE,TRUE,FALSE
leg,Gen ーツ Feet D,ゲネポスーツフットＤ,147,148,TRUE,TRUE,TRUE,TRUE,FALSE
leg,Io ーツ Feet D,イーオスーツフットＤ,148,149,TRUE,TRUE,TRUE,TRUE,FALSE
leg,Gia ーツ Feet D,ギアノスーツフットＤ,116,116,TRUE,TRUE,TRUE,TRUE,FALSE
leg,Mosswine Feet D,モスフットＤ,192,193,TRUE,TRUE,TRUE,TRUE,FALSE
leg,Remobra ーツ Feet D,ガブラスーツフットＤ,118,118,TRUE,TRUE,TRUE,TRUE,FALSE
leg,Battle Leggings PD Blue,バトルレギンスPD青,289,290,TRUE,TRUE,TRUE,TRUE,FALSE
leg,Battle Leggings PD Yellow,バトルレギンスPD黄,291,292,TRUE,TRUE,TRUE,TRUE,FALSE
leg,Battle Leggings PD Purple,バトルレギンスPD紫,293,294,TRUE,TRUE,TRUE,TRUE,FALSE
leg,Rathian Greaves PD Blue,レイアグリーヴPD青,309,310,TRUE,TRUE,TRUE,TRUE,FALSE
leg,Rathian Greaves PD Red,レイアグリーヴPD赤,311,312,TRUE,TRUE,TRUE,TRUE,FALSE
leg,Rathian Greaves PD Black,レイアグリーヴPD黒,313,314,TRUE,TRUE,TRUE,TRUE,FALSE
leg,Khezu Feet PD Blue,フルフルフットPD青,315,316,TRUE,TRUE,TRUE,TRUE,FALSE
leg,Khezu Feet PD Green,フルフルフットPD緑,317,318,TRUE,TRUE,TRUE,TRUE,FALSE
leg,Khezu Feet PD Black,フルフルフットPD黒,319,320,TRUE,TRUE,TRUE,TRUE,FALSE
leg,Espinas Greaves PD Red,エスピナグリーヴPD赤,323,324,TRUE,TRUE,TRUE,TRUE,FALSE
leg,Espinas Greaves PD Blue,エスピナグリーヴPD青,325,326,TRUE,TRUE,TRUE,TRUE,FALSE
leg,Espinas Greaves PD Yellow,エスピナグリーヴPD黄,327,328,TRUE,TRUE,TRUE,TRUE,FALSE
leg,Espinas Leggings PD Red,エスピナレギンスPD赤,324,325,TRUE,TRUE,TRUE,TRUE,FALSE
leg,Espinas Leggings PD Blue,エスピナレギンスPD青,326,327,TRUE,TRUE,TRUE,TRUE,FALSE
leg,Espinas Leggings PD Yellow,エスピナレギンスPD黄,328,329,TRUE,TRUE,TRUE,TRUE,FALSE
leg,Healer Socks PD Blue,ヒーラーソックスPD青,0,295,FALSE,TRUE,TRUE,TRUE,FALSE
leg,Healer Socks PD White,ヒーラーソックスPD白,0,297,FALSE,TRUE,TRUE,TRUE,FALSE
leg,Healer Socks PD Yellow,ヒーラーソックスPD黄,0,299,FALSE,TRUE,TRUE,TRUE,FALSE
leg,Shourou 【端足】D,ショウロウ【端足】Ｄ,1181,1181,TRUE,TRUE,TRUE,TRUE,FALSE
leg,Mitama 【端足】D,ミタマ【端足】Ｄ,1182,1182,TRUE,TRUE,TRUE,TRUE,FALSE
leg,Burning Cliff D [Hakama 】,焔嶽Ｄ【袴】,1942,1942,TRUE,TRUE,TRUE,TRUE,FALSE
leg,Crimson Cliff D [Hakama 】,緋嶽Ｄ【袴】,1943,1943,TRUE,TRUE,TRUE,TRUE,FALSE
leg,Ledia D Boots,ルディアＤブーツ,540,541,TRUE,TRUE,TRUE,TRUE,FALSE
leg,White Snake Greaves D,白蛇ノ具足Ｄ,749,749,TRUE,TRUE,TRUE,TRUE,FALSE
leg,Black Tiger Greaves D,黒虎ノ具足Ｄ,748,748,TRUE,TRUE,TRUE,TRUE,FALSE
leg,Crushing Fog D [Hakama 】,崩霧Ｄ【袴】,750,750,TRUE,TRUE,TRUE,TRUE,FALSE
leg,Valued Word Hakama D,納言ノ袴Ｄ,752,752,TRUE,TRUE,TRUE,TRUE,FALSE
leg,Blue Sky Hakama D,蒼空ノ袴Ｄ,746,746,TRUE,TRUE,TRUE,TRUE,FALSE
leg,Noon Glow Hakama D,夕焼ノ袴Ｄ,747,747,TRUE,TRUE,TRUE,TRUE,FALSE
leg,Kosho D [Hakama 】,紅昇Ｄ【袴】,1740,1740,TRUE,TRUE,TRUE,TRUE,FALSE
leg,True Shadow Hakama D,絶影ノ袴Ｄ,751,751,TRUE,TRUE,TRUE,TRUE,FALSE
leg,Furogada D Greaves,フロガダＤグリーヴ,1732,1732,TRUE,TRUE,TRUE,TRUE,FALSE
leg,Lars D Greaves,ラースＤグリーヴ,1224,1224,TRUE,TRUE,TRUE,TRUE,FALSE
leg,Donru D Greaves,ドゥンルＤグリーヴ,2078,2078,TRUE,TRUE,TRUE,TRUE,FALSE
leg,Inagami ZD Greaves,イナガミZDグリーヴ,2113,2113,TRUE,TRUE,TRUE,TRUE,FALSE
leg,Barioth C Greaves,ベリオＣグリーヴ,1812,1812,TRUE,TRUE,TRUE,TRUE,FALSE
leg,Barioth C Leggings,ベリオＣレギンス,1813,1813,TRUE,TRUE,TRUE,TRUE,FALSE
leg,Brachy C Greaves,ブラキＣグリーヴ,1798,1798,TRUE,TRUE,TRUE,TRUE,FALSE
leg,Brachy C Leggings,ブラキＣレギンス,1799,1799,TRUE,TRUE,TRUE,TRUE,FALSE
leg,Uragaan C Greaves,ガンキンＣグリーヴ,1814,1814,TRUE,TRUE,TRUE,TRUE,FALSE
leg,Uragaan C Leggings,ガンキンＣレギンス,1815,1815,TRUE,TRUE,TRUE,TRUE,FALSE
leg,Stygian C Greaves,獄狼Ｃグリーヴ,1914,1914,TRUE,TRUE,TRUE,TRUE,FALSE
leg,Stygian C Leggings,獄狼Ｃレギンス,1915,1915,TRUE,TRUE,TRUE,TRUE,FALSE
leg,Gore C Greaves,ゴアＣグリーヴ,1926,1926,TRUE,TRUE,TRUE,TRUE,FALSE
leg,Gore C Leggings,ゴアＣレギンス,1927,1927,TRUE,TRUE,TRUE,TRUE,FALSE
leg,Vangis C Greaves,バンギスＣグリーヴ,1796,1796,TRUE,TRUE,TRUE,TRUE,FALSE
leg,Vangis C Leggings,バンギスＣレギンス,1797,1797,TRUE,TRUE,TRUE,TRUE,FALSE
leg,Shagaru C Greaves,シャガルＣグリーヴ,1986,1986,TRUE,TRUE,TRUE,TRUE,FALSE
leg,Shagaru C Leggings,シャガルＣレギンス,1987,1987,TRUE,TRUE,TRUE,TRUE,FALSE
leg,Inagami ZD Leggings,イナガミZDレギンス,2114,2114,TRUE,TRUE,TRUE,TRUE,FALSE
leg,Tempest C [Hakama 】,荒天Ｃ【袴】,2111,2111,TRUE,TRUE,TRUE,TRUE,FALSE
leg,Welkin C [Hakama 】,蒼天Ｃ【袴】,2112,2112,TRUE,TRUE,TRUE,TRUE,FALSE
leg,Levin D Greaves,レビンＤグリーヴ,2106,2106,TRUE,TRUE,TRUE,TRUE,FALSE
leg,Rose Ball Gown D・Toenail,薔薇の舞踏服Ｄ・脚甲,2132,2132,FALSE,TRUE,TRUE,TRUE,FALSE
leg,Shui D Greaves,シュイＤグリーヴ,2121,2121,TRUE,TRUE,TRUE,TRUE,FALSE
leg,AB Layer D BM Legs Red,ABレイヤーＤ脚：剣赤,0,1746,FALSE,TRUE,TRUE,TRUE,FALSE
leg,AB Layer D BM Legs Blue,ABレイヤーＤ脚：剣青,0,1747,FALSE,TRUE,TRUE,TRUE,FALSE
leg,AB Layer D BM Legs Black,ABレイヤーＤ脚：剣黒,0,1748,FALSE,TRUE,TRUE,TRUE,FALSE
leg,AB Layer D BM Legs White,ABレイヤーＤ脚：剣白,0,1749,FALSE,TRUE,TRUE,TRUE,FALSE
leg,Ruban D Feet,リュバンＤフット,0,1687,FALSE,TRUE,TRUE,TRUE,FALSE
leg,Orloj D Boots,オルロジュＤブーツ,0,1688,FALSE,TRUE,TRUE,TRUE,FALSE
leg,Bright D Greaves,ブライトＤグリーヴ,1215,1215,TRUE,TRUE,TRUE,TRUE,FALSE
leg,Juari D Greaves,ジュアリＤグリーヴ,1216,1216,TRUE,TRUE,TRUE,TRUE,FALSE
leg,Tinku D Greaves,ティンクＤグリーヴ,1217,1217,TRUE,TRUE,TRUE,TRUE,FALSE
leg,Shatemu D Boots,シャテムＤブーツ,1301,1301,TRUE,TRUE,TRUE,TRUE,FALSE
leg,Hevria D Boots,ヘヴリアＤブーツ,1302,1302,TRUE,TRUE,TRUE,TRUE,FALSE
leg,Tiuru D Boots,ティルルＤブーツ,1303,1303,TRUE,TRUE,TRUE,TRUE,FALSE
leg,Kaila D Feet,カイラＤフット,1830,1830,TRUE,TRUE,TRUE,TRUE,FALSE
leg,Fonce D Greaves,フォンセＤグリーヴ,2089,2089,TRUE,TRUE,TRUE,TRUE,FALSE
leg,Hypnoc ルータD Leg,ヒプノルータＤレッグ,412,413,TRUE,TRUE,TRUE,TRUE,FALSE
leg,Hypnolia D Leg,ヒプノリアＤレッグ,444,445,TRUE,TRUE,TRUE,TRUE,FALSE
leg,Es Quera D Leg,エス・クェラＤレッグ,423,424,TRUE,TRUE,TRUE,TRUE,FALSE
leg,Ecole D Leg,エコールＤレッグ,466,467,TRUE,TRUE,TRUE,TRUE,FALSE
leg,Guns D Leg,ガンズＤレッグ,440,441,TRUE,TRUE,TRUE,TRUE,FALSE
leg,Agria D Leg,アグリアＤレッグ,484,485,TRUE,TRUE,TRUE,TRUE,FALSE
leg,Fauve D Leg,フォーヴＤレッグ,485,486,TRUE,TRUE,TRUE,TRUE,FALSE
leg,ティーアD Leg,ティーアＤレッグ,525,526,TRUE,TRUE,TRUE,TRUE,FALSE
leg,Muse D Leg,ミューズＤレッグ,526,527,TRUE,TRUE,TRUE,TRUE,FALSE
leg,Dicto D Leg,ディクトＤレッグ,558,559,TRUE,TRUE,TRUE,TRUE,FALSE
leg,Kruss D Leg,クリュスＤレッグ,563,564,TRUE,TRUE,TRUE,TRUE,FALSE
leg,Starina D Leg,スタリナＤレッグ,564,565,TRUE,TRUE,TRUE,TRUE,FALSE
leg,Loose D Leg,ルースＤレッグ,566,567,TRUE,TRUE,TRUE,TRUE,FALSE
leg,Mirado D Leg,ミラドＤレッグ,671,671,TRUE,TRUE,TRUE,TRUE,FALSE
leg,Deyuru D Greaves,デュールＤグリーヴ,677,677,TRUE,TRUE,TRUE,TRUE,FALSE
leg,Robust Dペイル,ロバストＤペイル,678,678,TRUE,TRUE,TRUE,TRUE,FALSE
leg,Falco D Greaves,ファルコＤグリーヴ,706,706,TRUE,TRUE,TRUE,TRUE,FALSE
leg,Howx D Greaves,ハウクスＤグリーヴ,743,743,TRUE,TRUE,TRUE,TRUE,FALSE
leg,Pirata D Greaves,ピラータＤグリーヴ,774,774,TRUE,TRUE,TRUE,TRUE,FALSE
leg,Zeroi D Greaves,ゼロイＤグリーヴ,1000,1000,TRUE,TRUE,TRUE,TRUE,FALSE
leg,Rail D Greaves,レイルＤグリーヴ,1014,1014,TRUE,TRUE,TRUE,TRUE,FALSE
leg,Ridere D Greaves,リーデレＤグリーヴ,1027,1027,TRUE,TRUE,TRUE,TRUE,FALSE
leg,Riot D Greaves,リエットＤグリーヴ,1041,1041,TRUE,TRUE,TRUE,TRUE,FALSE
leg,Rutare D Greaves,ルターレＤグリーヴ,1057,1057,TRUE,TRUE,TRUE,TRUE,FALSE
leg,Rolling Flow の Greaves・D,流転の具足・Ｄ,1071,1071,TRUE,TRUE,TRUE,TRUE,FALSE
leg,Rolling Sky の Greaves・D,嵐転の具足・Ｄ,1072,1072,TRUE,TRUE,TRUE,TRUE,FALSE
leg,Cubie D Feet,キュビィＤフット,1124,1124,TRUE,TRUE,TRUE,TRUE,FALSE
leg,Kemor D Feet,ケモルＤフット,1125,1125,TRUE,TRUE,TRUE,TRUE,FALSE
leg,Latria D Feet,ラトリアＤフット,1153,1153,TRUE,TRUE,TRUE,TRUE,FALSE
leg,Kontao D Feet,コンタオＤフット,1154,1154,TRUE,TRUE,TRUE,TRUE,FALSE
leg,Ukon Dキック,オービスＤキック,1203,1203,TRUE,TRUE,TRUE,TRUE,FALSE
leg,ロットDキック,ロットＤキック,1204,1204,TRUE,TRUE,TRUE,TRUE,FALSE
leg,Shoko D Leg,ウーコンＤレッグ,1249,1249,TRUE,TRUE,TRUE,TRUE,FALSE
leg,Nimbus D Leg,ニンバスＤレッグ,1250,1250,TRUE,TRUE,TRUE,TRUE,FALSE
leg,Moonlight Hakama・D,月陽ノ袴・Ｄ,1304,1304,TRUE,TRUE,TRUE,TRUE,FALSE
leg,Dawnbreak Hakama・D,曙光ノ袴・Ｄ,1305,1305,TRUE,TRUE,TRUE,TRUE,FALSE
leg,Toridcless ZD Greaves,トリドZDグリーヴ,2115,2115,TRUE,TRUE,TRUE,TRUE,FALSE
leg,Toridcless ZD Leggings,トリドZDレギンス,2116,2116,TRUE,TRUE,TRUE,TRUE,FALSE
leg,Doragyurosu ZD Greaves,ドラギュZDグリーヴ,2117,2117,TRUE,TRUE,TRUE,TRUE,FALSE
leg,Doragyurosu ZD Leggings,ドラギュZDレギンス,2118,2118,TRUE,TRUE,TRUE,TRUE,FALSE
leg,Alfi D Feet,アルフィＤフット,2119,2119,TRUE,TRUE,TRUE,TRUE,FALSE
leg,Kaifa D Greaves,カイファＤグリーヴ,2122,2122,TRUE,TRUE,TRUE,TRUE,FALSE
leg,Straza D Feet,ストラザＤフット,2123,2123,TRUE,TRUE,TRUE,TRUE,FALSE
leg,Renka Greaves C,煉華ノ具足Ｃ,2131,2131,TRUE,TRUE,TRUE,TRUE,FALSE
leg,Survey Corps D Feet,調査兵団Ｄフット,1533,1533,TRUE,TRUE,TRUE,TRUE,FALSE
leg,Training Corps D Feet,訓練兵団Ｄフット,1534,1534,TRUE,TRUE,TRUE,TRUE,FALSE
leg,Holy Maiden Armor D・Toenail,救国の聖女服Ｄ・脚甲,0,2134,FALSE,TRUE,TRUE,TRUE,FALSE
leg,Rebellion Armour D・Toenail,叛逆の甲冑Ｄ・脚甲,0,2133,FALSE,TRUE,TRUE,TRUE,FALSE
leg,Dinato D Greaves,ディナトＤグリーヴ,1779,1779,TRUE,TRUE,TRUE,TRUE,FALSE
leg,Duque D Greaves,ドゥケＤグリーヴ,1780,1780,TRUE,TRUE,TRUE,TRUE,FALSE
leg,Granu D Greaves,グラヌＤグリーヴ,1781,1781,TRUE,TRUE,TRUE,TRUE,FALSE
leg,Chiyo Legs D,千代ノ脛当Ｄ,1821,1821,TRUE,TRUE,TRUE,TRUE,FALSE
leg,Rubellite D Greaves,ルベライトＤグリーヴ,1133,1133,TRUE,TRUE,TRUE,TRUE,FALSE
leg,ラズライトD Greaves,ラズライトＤグリーヴ,1134,1134,TRUE,TRUE,TRUE,TRUE,FALSE
leg,Zircon D Greaves,ジルコンＤグリーヴ,1135,1135,TRUE,TRUE,TRUE,TRUE,FALSE
leg,Spinel D Greaves,スピネルＤグリーヴ,1136,1136,TRUE,TRUE,TRUE,TRUE,FALSE
leg,Jade D Greaves,ジェイドＤグリーヴ,1139,1139,TRUE,TRUE,TRUE,TRUE,FALSE
leg,Agate D Greaves,アゲートＤグリーヴ,1140,1140,TRUE,TRUE,TRUE,TRUE,FALSE
leg,Pyrope D Greaves,パイローブＤグリーヴ,1137,1137,TRUE,TRUE,TRUE,TRUE,FALSE
leg,アイオラD Greaves,アイオラＤグリーヴ,1138,1138,TRUE,TRUE,TRUE,TRUE,FALSE
leg,Rutile D Greaves,ルチルＤグリーヴ,1890,1890,TRUE,TRUE,TRUE,TRUE,FALSE
leg,Blood D Greaves,ブラッドＤグリーヴ,1542,1542,TRUE,TRUE,TRUE,TRUE,FALSE
leg,Citrine D Leggings,シトリンＤレギンス,1141,1141,TRUE,TRUE,TRUE,TRUE,FALSE
leg,Peridot D Leggings,ペリドットＤレギンス,1142,1142,TRUE,TRUE,TRUE,TRUE,FALSE
leg,Turquoise D Leggings,ターコイズＤレギンス,1143,1143,TRUE,TRUE,TRUE,TRUE,FALSE
leg,Mafumofu Boots PD Red,マフモフブーツPD赤,306,307,TRUE,TRUE,TRUE,TRUE,FALSE
leg,Mafumofu Boots PD Yellow,マフモフブーツPD黄,307,308,TRUE,TRUE,TRUE,TRUE,FALSE
leg,Mafumofu Boots PD Purple,マフモフブーツPD紫,308,309,TRUE,TRUE,TRUE,TRUE,FALSE
leg,Basarios Leggings PD Red,バサルレギンスPD赤,295,296,TRUE,TRUE,TRUE,TRUE,FALSE
leg,Basarios Leggings PD Black,バサルレギンスPD黒,297,298,TRUE,TRUE,TRUE,TRUE,FALSE
leg,Basarios Leggings PD Yellow,バサルレギンスPD黄,299,300,TRUE,TRUE,TRUE,TRUE,FALSE
leg,Blango Greaves PD Yellow,ブランゴグリーヴPD黄,330,331,TRUE,TRUE,TRUE,TRUE,FALSE
leg,Blango Greaves PD Blue,ブランゴグリーヴPD青,331,332,TRUE,TRUE,TRUE,TRUE,FALSE
leg,Blango Greaves PD Black,ブランゴグリーヴPD黒,332,333,TRUE,TRUE,TRUE,TRUE,FALSE
leg,Golden Hakama PD White,金色ノ袴PD白,333,334,TRUE,TRUE,TRUE,TRUE,FALSE
leg,Golden Hakama PD Purple,金色ノ袴PD紫,334,335,TRUE,TRUE,TRUE,TRUE,FALSE
leg,Golden Hakama PD Green,金色ノ袴PD緑,335,336,TRUE,TRUE,TRUE,TRUE,FALSE
leg,Gravios Leggings PD Green,グラビドレギンスPD緑,336,337,TRUE,TRUE,TRUE,TRUE,FALSE
leg,Gravios Leggings PD Purple,グラビドレギンスPD紫,337,338,TRUE,TRUE,TRUE,TRUE,FALSE
leg,Gravios Leggings PD Red,グラビドレギンスPD赤,338,339,TRUE,TRUE,TRUE,TRUE,FALSE
leg,High Metal Greaves PD Black,ハイメタグリーヴPD黒,349,350,TRUE,TRUE,TRUE,TRUE,FALSE
leg,High Metal Greaves PD Blue,ハイメタグリーヴPD青,347,348,TRUE,TRUE,TRUE,TRUE,FALSE
leg,High Metal Greaves PD Yellow,ハイメタグリーヴPD黄,348,349,TRUE,TRUE,TRUE,TRUE,FALSE
leg,S・Sol Greaves PD Red,Ｓ・ソルグリーヴPD赤,350,351,TRUE,TRUE,TRUE,TRUE,FALSE
leg,S・Sol Greaves PD Purple,Ｓ・ソルグリーヴPD紫,351,352,TRUE,TRUE,TRUE,TRUE,FALSE
leg,S・Sol Greaves PD Black,Ｓ・ソルグリーヴPD黒,352,353,TRUE,TRUE,TRUE,TRUE,FALSE
leg,Garuga Leggings PD White,ガルルガレギンスPD白,353,354,TRUE,TRUE,TRUE,TRUE,FALSE
leg,Garuga Leggings PD Green,ガルルガレギンスPD緑,354,355,TRUE,TRUE,TRUE,TRUE,FALSE
leg,Garuga Leggings PD Red,ガルルガレギンスPD赤,355,356,TRUE,TRUE,TRUE,TRUE,FALSE
leg,Hermitaur Greaves PD Blue,ザザミグリーヴPD青,408,409,TRUE,TRUE,TRUE,TRUE,FALSE
leg,Hermitaur Greaves PD White,ザザミグリーヴPD白,410,411,TRUE,TRUE,TRUE,TRUE,FALSE
leg,Hermitaur Greaves PD Purple,ザザミグリーヴPD紫,409,410,TRUE,TRUE,TRUE,TRUE,FALSE
leg,Kushala ペイル PD Red,クシャナペイルPD赤,383,384,TRUE,TRUE,TRUE,TRUE,FALSE
leg,Kushala ペイル PD Yellow,クシャナペイルPD黄,384,385,TRUE,TRUE,TRUE,TRUE,FALSE
leg,Kushala ペイル PD Green,クシャナペイルPD緑,385,386,TRUE,TRUE,TRUE,TRUE,FALSE
leg,Kushala ハディ PD Red,クシャナハディPD赤,389,390,TRUE,TRUE,TRUE,TRUE,FALSE
leg,Kushala ハディ PD Yellow,クシャナハディPD黄,390,391,TRUE,TRUE,TRUE,TRUE,FALSE
leg,Kushala ハディ PD Green,クシャナハディPD緑,391,392,TRUE,TRUE,TRUE,TRUE,FALSE
leg,忍の Tabi・陽D,忍の足袋・陽Ｄ,38,38,TRUE,TRUE,TRUE,TRUE,FALSE
leg,忍の Tabi・陰D,忍の足袋・陰Ｄ,39,39,TRUE,TRUE,TRUE,TRUE,FALSE
leg,Bonne D Greaves,ボンネＤグリーヴ,2130,2130,TRUE,TRUE,TRUE,TRUE,FALSE
leg,Kalais D Leggings,カライスＤレギンス,1674,1674,TRUE,TRUE,TRUE,TRUE,FALSE
leg,Lucchese D Leggings,ルケーゼＤレギンス,1675,1675,TRUE,TRUE,TRUE,TRUE,FALSE
leg,Quoiz D Leggings,クオイズＤレギンス,1673,1673,TRUE,TRUE,TRUE,TRUE,FALSE
leg,Nekodan D Feet,ネコダンＤフット,1788,1788,TRUE,TRUE,TRUE,TRUE,FALSE
leg,Gudan D Feet,グーダンＤフット,1912,1912,TRUE,TRUE,TRUE,TRUE,FALSE
leg,Saine D Feet,サイネＤフット,2120,2120,TRUE,TRUE,TRUE,TRUE,FALSE
leg,Wing D Feet,ウイングＤフット,2124,2124,TRUE,TRUE,TRUE,TRUE,FALSE
leg,Gasura ZD Greaves,ガスラZDグリーヴ,2135,2135,TRUE,TRUE,TRUE,TRUE,FALSE
leg,Gasura ZD Leggings,ガスラZDレギンス,2136,2136,TRUE,TRUE,TRUE,TRUE,FALSE
leg,Seregios C Greaves,レギオスＣグリーヴ,2139,2139,TRUE,TRUE,TRUE,TRUE,FALSE
leg,Seregios C Leggings,レギオスＣレギンス,2140,2140,TRUE,TRUE,TRUE,TRUE,FALSE
leg,Pinbi D Feet,ピンビＤフット,2158,2158,TRUE,TRUE,TRUE,TRUE,FALSE
leg,Pribu D Feet,プリブＤフット,2159,2159,TRUE,TRUE,TRUE,TRUE,FALSE
leg,Nerihi Greaves D,煉緋ノ具足Ｄ,2164,2164,TRUE,TRUE,TRUE,TRUE,FALSE
leg,Urpina D Feet,ウルピナＤフット,0,2166,FALSE,TRUE,TRUE,TRUE,FALSE
leg,Bune D Feet,ビューネイＤフット,0,2167,FALSE,TRUE,TRUE,TRUE,FALSE
leg,Melas D Leggings,メラースＤレギンス,2180,2180,TRUE,TRUE,TRUE,TRUE,FALSE
leg,Byakko・Kensei D Feet,白虎・剣聖Ｄフット,1343,1343,TRUE,TRUE,TRUE,TRUE,FALSE
leg,Byakko・双龍D Feet,白虎・双龍Ｄフット,1347,1347,TRUE,TRUE,TRUE,TRUE,FALSE
leg,Byakko・Blade 王D Feet,白虎・剣王Ｄフット,1351,1351,TRUE,TRUE,TRUE,TRUE,FALSE
leg,Byakko・刀神D Feet,白虎・刀神Ｄフット,1355,1355,TRUE,TRUE,TRUE,TRUE,FALSE
leg,Byakko・Heaven 槍D Feet,白虎・天槍Ｄフット,1359,1359,TRUE,TRUE,TRUE,TRUE,FALSE
leg,Byakko・砲皇D Feet,白虎・砲皇Ｄフット,1363,1363,TRUE,TRUE,TRUE,TRUE,FALSE
leg,Byakko・鈍器獣D Feet,白虎・鈍器獣Ｄフット,1367,1367,TRUE,TRUE,TRUE,TRUE,FALSE
leg,Byakko・奏帝D Feet,白虎・奏帝Ｄフット,1371,1371,TRUE,TRUE,TRUE,TRUE,FALSE
leg,Byakko・穿凰D Feet,白虎・穿凰Ｄフット,1543,1543,TRUE,TRUE,TRUE,TRUE,FALSE
leg,Byakko・斬将D Feet,白虎・斬将Ｄフット,1891,1891,TRUE,TRUE,TRUE,TRUE,FALSE
leg,Byakko・銃傑D Boots,白虎・銃傑Ｄブーツ,1375,1375,TRUE,TRUE,TRUE,TRUE,FALSE
leg,Byakko・銃仙D Boots,白虎・銃仙Ｄブーツ,1379,1379,TRUE,TRUE,TRUE,TRUE,FALSE
leg,Byakko・Bow 鬼D Boots,白虎・弓鬼Ｄブーツ,1383,1383,TRUE,TRUE,TRUE,TRUE,FALSE
leg,Kirin レガース PD Red,キリンレガースPD赤,386,387,TRUE,TRUE,TRUE,TRUE,FALSE
leg,Kirin レガース PD Purple,キリンレガースPD紫,387,388,TRUE,TRUE,TRUE,TRUE,FALSE
leg,Kirin レガース PD Black,キリンレガースPD黒,388,389,TRUE,TRUE,TRUE,TRUE,FALSE
leg,Kaiser Greaves PD White,カイザーグリーヴPD白,403,404,TRUE,TRUE,TRUE,TRUE,FALSE
leg,Kaiser Leggings PD White,カイザーレギンスPD白,406,407,TRUE,TRUE,TRUE,TRUE,FALSE
leg,Kaiser Greaves PD Black,カイザーグリーヴPD黒,402,403,TRUE,TRUE,TRUE,TRUE,FALSE
leg,Kaiser Leggings PD Black,カイザーレギンスPD黒,405,406,TRUE,TRUE,TRUE,TRUE,FALSE
leg,Kaiser Greaves PD Green,カイザーグリーヴPD緑,404,405,TRUE,TRUE,TRUE,TRUE,FALSE
leg,Kaiser Leggings PD Green,カイザーレギンスPD緑,407,408,TRUE,TRUE,TRUE,TRUE,FALSE
leg,Mizuha [Greaves] PD Blue,ミヅハ【具足】PD青,432,433,TRUE,TRUE,TRUE,TRUE,FALSE
leg,Mizuha [Greaves] PD Red,ミヅハ【具足】PD赤,433,434,TRUE,TRUE,TRUE,TRUE,FALSE
leg,Mizuha [Greaves] PD Yellow,ミヅハ【具足】PD黄,431,432,TRUE,TRUE,TRUE,TRUE,FALSE
leg,Toyotama [Greaves] PD Blue,トヨタマ【具足】PD青,435,436,TRUE,TRUE,TRUE,TRUE,FALSE
leg,Toyotama [Greaves] PD Red,トヨタマ【具足】PD赤,436,437,TRUE,TRUE,TRUE,TRUE,FALSE
leg,Toyotama [Greaves] PD Yellow,トヨタマ【具足】PD黄,434,435,TRUE,TRUE,TRUE,TRUE,FALSE
leg,凛 [Hakama] PD Black,凛【袴】PD黒,0,439,FALSE,TRUE,TRUE,TRUE,FALSE
leg,凛 [Hakama] PD Purple,凛【袴】PD紫,0,438,FALSE,TRUE,TRUE,TRUE,FALSE
leg,凛 [Hakama] PD White,凛【袴】PD白,0,440,FALSE,TRUE,TRUE,TRUE,FALSE
leg,Ceanataur Leggings PD Red,ギザミレギンスPD赤,467,468,TRUE,TRUE,TRUE,TRUE,FALSE
leg,Ceanataur Leggings PD Black,ギザミレギンスPD黒,468,469,TRUE,TRUE,TRUE,TRUE,FALSE
leg,Ceanataur Leggings PD Yellow,ギザミレギンスPD黄,469,470,TRUE,TRUE,TRUE,TRUE,FALSE
leg,Remobra Feet PD White,ガブラスフットPD白,473,474,TRUE,TRUE,TRUE,TRUE,FALSE
leg,Remobra Feet PD Yellow,ガブラスフットPD黄,474,475,TRUE,TRUE,TRUE,TRUE,FALSE
leg,Remobra Feet PD Black,ガブラスフットPD黒,475,476,TRUE,TRUE,TRUE,TRUE,FALSE
leg,Harze D Feet,ハーゼＤフット,1155,1155,TRUE,TRUE,TRUE,TRUE,FALSE
leg,Revenants D Heel,ルヴナンＤフェルゼ,1511,1511,TRUE,TRUE,TRUE,TRUE,FALSE
leg,Kukubo D Leggings,ククボＤレギンス,702,702,TRUE,TRUE,TRUE,TRUE,FALSE
leg,Kakabu D Leggings,カカブＤレギンス,1070,1070,TRUE,TRUE,TRUE,TRUE,FALSE
leg,Aruru D Leggings,アルルＤレギンス,1117,1117,TRUE,TRUE,TRUE,TRUE,FALSE
leg,Suzaku・Kensei D Feet,朱雀・剣聖Ｄフット,1342,1342,TRUE,TRUE,TRUE,TRUE,FALSE
leg,Suzaku・双龍D Feet,朱雀・双龍Ｄフット,1346,1346,TRUE,TRUE,TRUE,TRUE,FALSE
leg,Suzaku・Blade 王D Feet,朱雀・剣王Ｄフット,1350,1350,TRUE,TRUE,TRUE,TRUE,FALSE
leg,Suzaku・刀神D Feet,朱雀・刀神Ｄフット,1354,1354,TRUE,TRUE,TRUE,TRUE,FALSE
leg,Suzaku・Heaven 槍D Feet,朱雀・天槍Ｄフット,1358,1358,TRUE,TRUE,TRUE,TRUE,FALSE
leg,Suzaku・砲皇D Feet,朱雀・砲皇Ｄフット,1362,1362,TRUE,TRUE,TRUE,TRUE,FALSE
leg,Suzaku・鈍器獣D Feet,朱雀・鈍器獣Ｄフット,1366,1366,TRUE,TRUE,TRUE,TRUE,FALSE
leg,Suzaku・奏帝D Feet,朱雀・奏帝Ｄフット,1370,1370,TRUE,TRUE,TRUE,TRUE,FALSE
leg,Suzaku・穿凰D Feet,朱雀・穿凰Ｄフット,1544,1544,TRUE,TRUE,TRUE,TRUE,FALSE
leg,Suzaku・斬将D Feet,朱雀・斬将Ｄフット,1892,1892,TRUE,TRUE,TRUE,TRUE,FALSE
leg,Suzaku・銃傑D Boots,朱雀・銃傑Ｄブーツ,1374,1374,TRUE,TRUE,TRUE,TRUE,FALSE
leg,Suzaku・銃仙D Boots,朱雀・銃仙Ｄブーツ,1378,1378,TRUE,TRUE,TRUE,TRUE,FALSE
leg,Suzaku・Bow 鬼D Boots,朱雀・弓鬼Ｄブーツ,1382,1382,TRUE,TRUE,TRUE,TRUE,FALSE
leg,PVタイツ PD Red,ＰＶタイツPD赤,0,471,FALSE,TRUE,TRUE,TRUE,FALSE
leg,PVタイツ PD Blue,ＰＶタイツPD青,0,472,FALSE,TRUE,TRUE,TRUE,FALSE
leg,PVタイツ PD Purple,ＰＶタイツPD紫,0,473,FALSE,TRUE,TRUE,TRUE,FALSE
leg,Empress Feet PD Red,エンプレスフットPD赤,500,501,TRUE,TRUE,TRUE,TRUE,FALSE
leg,Empress Feet PD Yellow,エンプレスフットPD黄,502,503,TRUE,TRUE,TRUE,TRUE,FALSE
leg,Empress Feet PD Purple,エンプレスフットPD紫,504,505,TRUE,TRUE,TRUE,TRUE,FALSE
leg,Empress Boots PD Red,エンプレスブーツPD赤,501,502,TRUE,TRUE,TRUE,TRUE,FALSE
leg,Empress Boots PD Yellow,エンプレスブーツPD黄,503,504,TRUE,TRUE,TRUE,TRUE,FALSE
leg,Empress Boots PD Purple,エンプレスブーツPD紫,505,506,TRUE,TRUE,TRUE,TRUE,FALSE
leg,Vespoid Greaves PD Yellow,ランゴグリーヴPD黄,506,507,TRUE,TRUE,TRUE,TRUE,FALSE
leg,Vespoid Greaves PD Black,ランゴグリーヴPD黒,507,508,TRUE,TRUE,TRUE,TRUE,FALSE
leg,Vespoid Greaves PD Blue,ランゴグリーヴPD青,508,509,TRUE,TRUE,TRUE,TRUE,FALSE
leg,Death Stench Heel PD White,デスギアフェルゼPD白,530,531,TRUE,TRUE,TRUE,TRUE,FALSE
leg,Death Stench Heel PD Red,デスギアフェルゼPD赤,531,532,TRUE,TRUE,TRUE,TRUE,FALSE
leg,Death Stench Heel PD Blue,デスギアフェルゼPD青,532,533,TRUE,TRUE,TRUE,TRUE,FALSE
leg,Diablos Feet PD Purple,ディアブロフットPD紫,533,534,TRUE,TRUE,TRUE,TRUE,FALSE
leg,Diablos Feet PD Blue,ディアブロフットPD青,534,535,TRUE,TRUE,TRUE,TRUE,FALSE
leg,Diablos Feet PD Yellow,ディアブロフットPD黄,535,536,TRUE,TRUE,TRUE,TRUE,FALSE
leg,Makluva Pants PD Green,マカルパパンツPD緑,536,537,TRUE,TRUE,TRUE,TRUE,FALSE
leg,Makluva Pants PD Blue,マカルパパンツPD青,537,538,TRUE,TRUE,TRUE,TRUE,FALSE
leg,Makluva Pants PD Black,マカルパパンツPD黒,538,539,TRUE,TRUE,TRUE,TRUE,FALSE
leg,Akantor ケマル PD Black,アカムトケマルPD黒,588,589,TRUE,TRUE,TRUE,TRUE,FALSE
leg,Akantor ケマル PD Red,アカムトケマルPD赤,589,590,TRUE,TRUE,TRUE,TRUE,FALSE
leg,Akantor ケマル PD White,アカムトケマルPD白,590,591,TRUE,TRUE,TRUE,TRUE,FALSE
leg,Akantor チケル PD Black,アカムトチケルPD黒,591,592,TRUE,TRUE,TRUE,TRUE,FALSE
leg,Akantor チケル PD Red,アカムトチケルPD赤,592,593,TRUE,TRUE,TRUE,TRUE,FALSE
leg,Akantor チケル PD White,アカムトチケルPD白,593,594,TRUE,TRUE,TRUE,TRUE,FALSE
leg,Gravios Greaves PD Black,グラビドグリーヴPD黒,594,595,TRUE,TRUE,TRUE,TRUE,FALSE
leg,Gravios Greaves PD Blue,グラビドグリーヴPD青,595,596,TRUE,TRUE,TRUE,TRUE,FALSE
leg,Gravios Greaves PD Red,グラビドグリーヴPD赤,596,597,TRUE,TRUE,TRUE,TRUE,FALSE
leg,Sharuru D Greaves,シャルルＤグリーヴ,1985,1985,TRUE,TRUE,TRUE,TRUE,FALSE
leg,Neriotori Greaves D,煉鳳ノ具足Ｄ,2109,2109,TRUE,TRUE,TRUE,TRUE,FALSE
leg,Anorupatisu ZD Greaves,アノルZDグリーヴ,2137,2137,TRUE,TRUE,TRUE,TRUE,FALSE
leg,Anorupatisu ZD Leggings,アノルZDレギンス,2138,2138,TRUE,TRUE,TRUE,TRUE,FALSE
leg,Dylan D Feet,ディランＤフット,2160,2160,TRUE,TRUE,TRUE,TRUE,FALSE
leg,Dibble D Feet,ディブルＤフット,2161,2161,TRUE,TRUE,TRUE,TRUE,FALSE
leg,Fins D Feet,フィンスＤフット,2162,2162,TRUE,TRUE,TRUE,TRUE,FALSE
leg,Dins D Feet,ディンスＤフット,2163,2163,TRUE,TRUE,TRUE,TRUE,FALSE
leg,Charis D Feet,カリスＤフット,2172,2172,TRUE,TRUE,TRUE,TRUE,FALSE
leg,Miriam D Feet,ミリアムＤフット,2173,2173,TRUE,TRUE,TRUE,TRUE,FALSE
leg,Lenigan D Feet,レニガンＤフット,2174,2174,TRUE,TRUE,TRUE,TRUE,FALSE
leg,Katante D Greaves,カタンテＤグリーヴ,1963,1963,TRUE,TRUE,TRUE,TRUE,FALSE
leg,Rikante D Greaves,リカンテＤグリーヴ,2088,2088,TRUE,TRUE,TRUE,TRUE,FALSE
leg,Merente D Greaves,メレンテＤグリーヴ,2110,2110,TRUE,TRUE,TRUE,TRUE,FALSE
leg,Utante D Greaves,ウタンテＤグリーヴ,2125,2125,TRUE,TRUE,TRUE,TRUE,FALSE
leg,Brooke D Feet,ブルックＤフット,1306,1306,TRUE,TRUE,TRUE,TRUE,FALSE
leg,Shirukku D Feet,シルックＤフット,1307,1307,TRUE,TRUE,TRUE,TRUE,FALSE
leg,Gorukku D Feet,ゴルックＤフット,1742,1742,TRUE,TRUE,TRUE,TRUE,FALSE
leg,Kiyoshi Greaves D,潔燭ノ具足Ｄ,2170,2170,TRUE,TRUE,TRUE,TRUE,FALSE
leg,Kashoku Greaves D,華燭ノ具足Ｄ,2171,2171,TRUE,TRUE,TRUE,TRUE,FALSE
leg,Jyaga D Greaves,ジャガーＤグリーヴ,1090,1090,TRUE,TRUE,TRUE,TRUE,FALSE
leg,Cure D Greaves,キュールＤグリーヴ,1919,1919,TRUE,TRUE,TRUE,TRUE,FALSE
leg,Jess D Greaves,ジェスＤグリーヴ,1100,1100,TRUE,TRUE,TRUE,TRUE,FALSE
leg,Riaruo D Greaves,リアルオＤグリーヴ,1807,1807,TRUE,TRUE,TRUE,TRUE,FALSE
leg,Reiresu D Greaves,レイレスＤグリーヴ,1869,1869,TRUE,TRUE,TRUE,TRUE,FALSE
leg,Reuasu D Greaves,レウアスＤグリーヴ,1835,1835,TRUE,TRUE,TRUE,TRUE,FALSE
leg,Buran D Greaves,ブランＤグリーヴ,463,464,TRUE,TRUE,TRUE,TRUE,FALSE
leg,Shimashima D Feet,しましまＤフット,1745,1745,TRUE,TRUE,TRUE,TRUE,FALSE
leg,Furante D Greaves,フランテＤグリーヴ,2126,2126,TRUE,TRUE,TRUE,TRUE,FALSE
leg,Favila D Feet,ファビラＤフット,2175,2175,TRUE,TRUE,TRUE,TRUE,FALSE
leg,Alicia D Feet,アリシアＤフット,2232,2232,TRUE,TRUE,TRUE,TRUE,FALSE
leg,Masaha Dress C [Tabi 】,雅葉ノ装Ｃ【足袋】,2187,2187,TRUE,TRUE,TRUE,TRUE,FALSE
leg,Aura C Feet,アウラＣフット,2204,2204,TRUE,TRUE,TRUE,TRUE,FALSE
leg,Asumo C Feet,アスモＣフット,2205,2205,TRUE,TRUE,TRUE,TRUE,FALSE
leg,Rokka C Feet,ロッカＣフット,2206,2206,TRUE,TRUE,TRUE,TRUE,FALSE
leg,Ruche C Greaves,ルーチェＣグリーヴ,2207,2207,TRUE,TRUE,TRUE,TRUE,FALSE
leg,Shui C Greaves,シュイＣグリーヴ,2208,2208,TRUE,TRUE,TRUE,TRUE,FALSE
leg,Masaha Dress D [Tabi] Red,雅葉ノ装Ｄ【足袋】朱,2183,2183,TRUE,TRUE,TRUE,TRUE,FALSE
leg,Masaha Dress D [Tabi] Silver,雅葉ノ装Ｄ【足袋】銀,2184,2184,TRUE,TRUE,TRUE,TRUE,FALSE
leg,Masaha Dress D [Tabi] Blue,雅葉ノ装Ｄ【足袋】碧,2185,2185,TRUE,TRUE,TRUE,TRUE,FALSE
leg,Masaha Dress D [Tabi] Orange,雅葉ノ装Ｄ【足袋】橙,2186,2186,TRUE,TRUE,TRUE,TRUE,FALSE
leg,Genbu・Kensei D Feet,玄武・剣聖Ｄフット,1340,1340,TRUE,TRUE,TRUE,TRUE,FALSE
leg,Genbu・双龍D Feet,玄武・双龍Ｄフット,1344,1344,TRUE,TRUE,TRUE,TRUE,FALSE
leg,Genbu・Blade 王D Feet,玄武・剣王Ｄフット,1348,1348,TRUE,TRUE,TRUE,TRUE,FALSE
leg,Genbu・刀神D Feet,玄武・刀神Ｄフット,1352,1352,TRUE,TRUE,TRUE,TRUE,FALSE
leg,Genbu・Heaven 槍D Feet,玄武・天槍Ｄフット,1356,1356,TRUE,TRUE,TRUE,TRUE,FALSE
leg,Genbu・砲皇D Feet,玄武・砲皇Ｄフット,1360,1360,TRUE,TRUE,TRUE,TRUE,FALSE
leg,Genbu・鈍器獣D Feet,玄武・鈍器獣Ｄフット,1364,1364,TRUE,TRUE,TRUE,TRUE,FALSE
leg,Genbu・奏帝D Feet,玄武・奏帝Ｄフット,1368,1368,TRUE,TRUE,TRUE,TRUE,FALSE
leg,Genbu・穿凰D Feet,玄武・穿凰Ｄフット,1545,1545,TRUE,TRUE,TRUE,TRUE,FALSE
leg,Genbu・斬将D Feet,玄武・斬将Ｄフット,1893,1893,TRUE,TRUE,TRUE,TRUE,FALSE
leg,Genbu・銃傑D Boots,玄武・銃傑Ｄブーツ,1372,1372,TRUE,TRUE,TRUE,TRUE,FALSE
leg,Genbu・銃仙D Boots,玄武・銃仙Ｄブーツ,1376,1376,TRUE,TRUE,TRUE,TRUE,FALSE
leg,Genbu・Bow 鬼D Boots,玄武・弓鬼Ｄブーツ,1380,1380,TRUE,TRUE,TRUE,TRUE,FALSE
leg,Tanzanite D Greaves,タンザナＤグリーヴ,2141,2141,TRUE,TRUE,TRUE,TRUE,FALSE
leg,Hematite D Greaves,ヘマタイトＤグリーヴ,2142,2142,TRUE,TRUE,TRUE,TRUE,FALSE
leg,Byakko・磁星D Feet,白虎・磁星Ｄフット,2143,2143,TRUE,TRUE,TRUE,TRUE,FALSE
leg,Suzaku・磁星D Feet,朱雀・磁星Ｄフット,2144,2144,TRUE,TRUE,TRUE,TRUE,FALSE
leg,Genbu・磁星D Feet,玄武・磁星Ｄフット,2145,2145,TRUE,TRUE,TRUE,TRUE,FALSE
leg,Tigrex Greaves PD Black,レックスグリーヴPD黒,598,599,TRUE,TRUE,TRUE,TRUE,FALSE
leg,Tigrex Greaves PD White,レックスグリーヴPD白,599,600,TRUE,TRUE,TRUE,TRUE,FALSE
leg,Tigrex Greaves PD Purple,レックスグリーヴPD紫,600,601,TRUE,TRUE,TRUE,TRUE,FALSE
leg,Monoblos Boots PD Yellow,モノブロスブーツPD黄,601,602,TRUE,TRUE,TRUE,TRUE,FALSE
leg,Monoblos Boots PD Green,モノブロスブーツPD緑,602,603,TRUE,TRUE,TRUE,TRUE,FALSE
leg,Monoblos Boots PD White,モノブロスブーツPD白,603,604,TRUE,TRUE,TRUE,TRUE,FALSE
leg,Khezu Leggings PD Black,フルフルレギンスPD黒,320,321,TRUE,TRUE,TRUE,TRUE,FALSE
leg,Khezu Leggings PD Green,フルフルレギンスPD緑,318,319,TRUE,TRUE,TRUE,TRUE,FALSE
leg,Khezu Leggings PD Blue,フルフルレギンスPD青,316,317,TRUE,TRUE,TRUE,TRUE,FALSE
leg,Plesioth Greaves PD Black,ガノスグリーヴPD黒,686,686,TRUE,TRUE,TRUE,TRUE,FALSE
leg,Plesioth Greaves PD Yellow,ガノスグリーヴPD黄,687,687,TRUE,TRUE,TRUE,TRUE,FALSE
leg,Plesioth Greaves PD Purple,ガノスグリーヴPD紫,688,688,TRUE,TRUE,TRUE,TRUE,FALSE
leg,Plesioth Leggings PD Black,ガノスレギンスPD黒,689,689,TRUE,TRUE,TRUE,TRUE,FALSE
leg,Plesioth Leggings PD Yellow,ガノスレギンスPD黄,690,690,TRUE,TRUE,TRUE,TRUE,FALSE
leg,Plesioth Leggings PD Purple,ガノスレギンスPD紫,691,691,TRUE,TRUE,TRUE,TRUE,FALSE
leg,Gypceros Leggings PD Red,ゲリョスレギンスPD赤,692,692,TRUE,TRUE,TRUE,TRUE,FALSE
leg,Gypceros Leggings PD Yellow,ゲリョスレギンスPD黄,693,693,TRUE,TRUE,TRUE,TRUE,FALSE
leg,Gypceros Leggings PD Green,ゲリョスレギンスPD緑,694,694,TRUE,TRUE,TRUE,TRUE,FALSE
leg,Kagura [Hakama] PD Red,神楽【袴】PD赤,724,724,TRUE,TRUE,TRUE,TRUE,FALSE
leg,Kagura [Hakama] PD Black,神楽【袴】PD黒,725,725,TRUE,TRUE,TRUE,TRUE,FALSE
leg,Kagura [Hakama] PD Purple,神楽【袴】PD紫,726,726,TRUE,TRUE,TRUE,TRUE,FALSE
leg,Kamiza [Hakama] PD Red,神座【袴】PD赤,727,727,TRUE,TRUE,TRUE,TRUE,FALSE
leg,Kamiza [Hakama] PD Black,神座【袴】PD黒,728,728,TRUE,TRUE,TRUE,TRUE,FALSE
leg,Kamiza [Hakama] PD Purple,神座【袴】PD紫,729,729,TRUE,TRUE,TRUE,TRUE,FALSE
leg,Mosswine Feet PD White,モスフットPD白,730,730,TRUE,TRUE,TRUE,TRUE,FALSE
leg,Mosswine Feet PD Yellow,モスフットPD黄,731,731,TRUE,TRUE,TRUE,TRUE,FALSE
leg,Mosswine Feet PD Blue,モスフットPD青,732,732,TRUE,TRUE,TRUE,TRUE,FALSE
leg,忍の Tabi・陰 PD Yellow,忍の足袋・陰PD黄,771,771,TRUE,TRUE,TRUE,TRUE,FALSE
leg,忍の Tabi・陰 PD Red,忍の足袋・陰PD赤,772,772,TRUE,TRUE,TRUE,TRUE,FALSE
leg,忍の Tabi・陰 PD Blue,忍の足袋・陰PD青,773,773,TRUE,TRUE,TRUE,TRUE,FALSE
leg,Dusk D Feet・Red,ダスクＤフット・赤,1784,1784,TRUE,TRUE,TRUE,TRUE,FALSE
leg,Dusk D Feet・White,ダスクＤフット・白,1785,1785,TRUE,TRUE,TRUE,TRUE,FALSE
leg,Dusk D Feet・Peach,ダスクＤフット・桃,1786,1786,TRUE,TRUE,TRUE,TRUE,FALSE
leg,Dusk D Feet・Blue,ダスクＤフット・青,1787,1787,TRUE,TRUE,TRUE,TRUE,FALSE
leg,Marin D Feet・Blue,マリンＤフット・青,1716,1716,TRUE,TRUE,TRUE,TRUE,FALSE
leg,Marin D Feet・Peach,マリンＤフット・桃,1717,1717,TRUE,TRUE,TRUE,TRUE,FALSE
leg,Marin D Feet・White,マリンＤフット・白,1718,1718,TRUE,TRUE,TRUE,TRUE,FALSE
leg,Marin D Feet・Black,マリンＤフット・黒,1719,1719,TRUE,TRUE,TRUE,TRUE,FALSE
leg,Reflet D Feet・Blue,ルフレＤフット・青,1720,1720,TRUE,TRUE,TRUE,TRUE,FALSE
leg,Reflet D Feet・White,ルフレＤフット・白,1722,1722,TRUE,TRUE,TRUE,TRUE,FALSE
leg,Reflet D Feet・Red,ルフレＤフット・赤,1721,1721,TRUE,TRUE,TRUE,TRUE,FALSE
leg,Reflet D Feet・Black,ルフレＤフット・黒,1723,1723,TRUE,TRUE,TRUE,TRUE,FALSE
leg,Tenpi ノ鉄衣D・Red,天日ノ鉄衣Ｄ・赤,0,1662,FALSE,TRUE,TRUE,TRUE,FALSE
leg,Tenpi ノ鉄衣D・Blue,天日ノ鉄衣Ｄ・青,0,1665,FALSE,TRUE,TRUE,TRUE,FALSE
leg,Tenpi ノ鉄衣D・Black,天日ノ鉄衣Ｄ・黒,0,1664,FALSE,TRUE,TRUE,TRUE,FALSE
leg,Tenpi ノ鉄衣D・White,天日ノ鉄衣Ｄ・白,0,1663,FALSE,TRUE,TRUE,TRUE,FALSE
leg,Naga D Feet・Blue,ナーガＤフット・青,1516,1516,TRUE,TRUE,TRUE,TRUE,FALSE
leg,Naga D Feet・Red,ナーガＤフット・赤,1517,1517,TRUE,TRUE,TRUE,TRUE,FALSE
leg,Naga D Feet・White,ナーガＤフット・白,1518,1518,TRUE,TRUE,TRUE,TRUE,FALSE
leg,Naga D Feet・Black,ナーガＤフット・黒,1519,1519,TRUE,TRUE,TRUE,TRUE,FALSE
leg,Sheriff D Feet・Tea,シェリフＤフット・茶,1297,1297,TRUE,TRUE,TRUE,TRUE,FALSE
leg,Sheriff D Feet・Black,シェリフＤフット・黒,1298,1298,TRUE,TRUE,TRUE,TRUE,FALSE
leg,Sheriff D Feet・Blue,シェリフＤフット・青,1299,1299,TRUE,TRUE,TRUE,TRUE,FALSE
leg,Sheriff D Feet・White,シェリフＤフット・白,1300,1300,TRUE,TRUE,TRUE,TRUE,FALSE
leg,Serena D Feet・Purple,セレナＤフット・紫,1494,1494,TRUE,TRUE,TRUE,TRUE,FALSE
leg,Serena D Feet・Blue,セレナＤフット・青,1495,1495,TRUE,TRUE,TRUE,TRUE,FALSE
leg,Serena D Feet・White,セレナＤフット・白,1496,1496,TRUE,TRUE,TRUE,TRUE,FALSE
leg,Serena D Feet・Red,セレナＤフット・赤,1497,1497,TRUE,TRUE,TRUE,TRUE,FALSE
leg,Gelt D Feet・Black,ゲルトＤフット・黒,1245,1245,TRUE,TRUE,TRUE,TRUE,FALSE
leg,Gelt D Feet・Copper,ゲルトＤフット・銅,1246,1246,TRUE,TRUE,TRUE,TRUE,FALSE
leg,Gelt D Feet・Silver,ゲルトＤフット・銀,1247,1247,TRUE,TRUE,TRUE,TRUE,FALSE
leg,Gelt D Feet・Gold,ゲルトＤフット・金,1248,1248,TRUE,TRUE,TRUE,TRUE,FALSE
leg,Gloria D Feet・Gold,グロリアＤフット・金,1218,1218,TRUE,TRUE,TRUE,TRUE,FALSE
leg,Gloria D Feet・Blue,グロリアＤフット・青,1219,1219,TRUE,TRUE,TRUE,TRUE,FALSE
leg,Gloria D Feet・Water,グロリアＤフット・水,1220,1220,TRUE,TRUE,TRUE,TRUE,FALSE
leg,Gloria D Feet・Red,グロリアＤフット・赤,1221,1221,TRUE,TRUE,TRUE,TRUE,FALSE
leg,Cloth D Feet・Red,クロースＤフット・赤,1225,1225,TRUE,TRUE,TRUE,TRUE,FALSE
leg,Cloth D Feet・Blue,クロースＤフット・青,1226,1226,TRUE,TRUE,TRUE,TRUE,FALSE
leg,Cloth D Feet・Purple,クロースＤフット・紫,1227,1227,TRUE,TRUE,TRUE,TRUE,FALSE
leg,Cloth D Feet・Green,クロースＤフット・緑,1228,1228,TRUE,TRUE,TRUE,TRUE,FALSE
leg,Rast D Feet・Black,レイストＤフット・黒,1163,1163,TRUE,TRUE,TRUE,TRUE,FALSE
leg,Rast D Feet・Blue,レイストＤフット・青,1164,1164,TRUE,TRUE,TRUE,TRUE,FALSE
leg,Rast D Feet・Crimson,レイストＤフット・紅,1165,1165,TRUE,TRUE,TRUE,TRUE,FALSE
leg,Rast D Feet・White,レイストＤフット・白,1166,1166,TRUE,TRUE,TRUE,TRUE,FALSE
leg,Siena D Greaves・Silver,シエナＤグリーヴ・銀,1126,1126,TRUE,TRUE,TRUE,TRUE,FALSE
leg,Siena D Greaves・Black,シエナＤグリーヴ・黒,1127,1127,TRUE,TRUE,TRUE,TRUE,FALSE
leg,Siena D Greaves・Red,シエナＤグリーヴ・赤,1128,1128,TRUE,TRUE,TRUE,TRUE,FALSE
leg,Siena D Greaves・Blue,シエナＤグリーヴ・青,1129,1129,TRUE,TRUE,TRUE,TRUE,FALSE
leg,Cultu D Feet・Ash,カウチュＤフット・灰,1073,1073,TRUE,TRUE,TRUE,TRUE,FALSE
leg,Cultu D Feet・Blue,カウチュＤフット・青,1074,1074,TRUE,TRUE,TRUE,TRUE,FALSE
leg,Cultu D Feet・Orange,カウチュＤフット・橙,1075,1075,TRUE,TRUE,TRUE,TRUE,FALSE
leg,Cultu D Feet・Green,カウチュＤフット・緑,1076,1076,TRUE,TRUE,TRUE,TRUE,FALSE
leg,Truss D Leggings Blue,トラスＤレギンス青,1044,1044,TRUE,TRUE,TRUE,TRUE,FALSE
leg,Truss D Leggings Red,トラスＤレギンス赤,1045,1045,TRUE,TRUE,TRUE,TRUE,FALSE
leg,Truss D Leggings White,トラスＤレギンス白,1046,1046,TRUE,TRUE,TRUE,TRUE,FALSE
leg,Truss D Leggings Purple,トラスＤレギンス紫,1047,1047,TRUE,TRUE,TRUE,TRUE,FALSE
leg,Maisto D Feet・Crimson,マイストＤフット・紅,1017,1018,TRUE,TRUE,TRUE,TRUE,FALSE
leg,Maisto D Feet・Green,マイストＤフット・緑,1018,1017,TRUE,TRUE,TRUE,TRUE,FALSE
leg,Maisto D Feet・Green,マイストＤフット・蒼,1020,1020,TRUE,TRUE,TRUE,TRUE,FALSE
leg,Maisto D Feet・Pink,マイストＤフット・桜,1019,1019,TRUE,TRUE,TRUE,TRUE,FALSE
leg,Randa の Hakama・D Yellow,蘭陀の袴・Ｄ黄,777,777,TRUE,TRUE,TRUE,TRUE,FALSE
leg,Randa の Hakama・D Red,蘭陀の袴・Ｄ赤,778,778,TRUE,TRUE,TRUE,TRUE,FALSE
leg,Randa の Hakama・D Purple,蘭陀の袴・Ｄ紫,779,779,TRUE,TRUE,TRUE,TRUE,FALSE
leg,Randa の Hakama・D Gold,蘭陀の袴・Ｄ金,780,780,TRUE,TRUE,TRUE,TRUE,FALSE
leg,Bunny D Feet・Black,バーニーＤフット・黒,709,709,TRUE,TRUE,TRUE,TRUE,FALSE
leg,Bunny D Feet・White,バーニーＤフット・白,710,710,TRUE,TRUE,TRUE,TRUE,FALSE
leg,Bunny D Feet・Red,バーニーＤフット・赤,711,711,TRUE,TRUE,TRUE,TRUE,FALSE
leg,Bunny D Feet・Purple,バーニーＤフット・紫,712,712,TRUE,TRUE,TRUE,TRUE,FALSE
leg,Regelia D Feet・White,リゲリアＤフット・白,681,681,TRUE,TRUE,TRUE,TRUE,FALSE
leg,Regelia D Feet・Red,リゲリアＤフット・赤,682,682,TRUE,TRUE,TRUE,TRUE,FALSE
leg,Regelia D Feet・Green,リゲリアＤフット・緑,683,683,TRUE,TRUE,TRUE,TRUE,FALSE
leg,Regelia D Feet・Blue,リゲリアＤフット・青,684,684,TRUE,TRUE,TRUE,TRUE,FALSE
leg,Aristo D Feet・Blue,アリストＤフット・青,553,554,TRUE,TRUE,TRUE,TRUE,FALSE
leg,Aristo D Feet・White,アリストＤフット・白,554,555,TRUE,TRUE,TRUE,TRUE,FALSE
leg,Aristo D Feet・Purple,アリストＤフット・紫,555,556,TRUE,TRUE,TRUE,TRUE,FALSE
leg,Aristo D Feet・Red,アリストＤフット・赤,556,557,TRUE,TRUE,TRUE,TRUE,FALSE
leg,Melety D Feet・White,メレティＤフット・白,516,517,TRUE,TRUE,TRUE,TRUE,FALSE
leg,Melety D Feet・Red,メレティＤフット・赤,517,518,TRUE,TRUE,TRUE,TRUE,FALSE
leg,Melety D Feet・Blue,メレティＤフット・青,518,519,TRUE,TRUE,TRUE,TRUE,FALSE
leg,Melety D Feet・Black,メレティＤフット・黒,519,520,TRUE,TRUE,TRUE,TRUE,FALSE
leg,Ferme D Feet・Black,フェルムＤフット・黒,488,489,TRUE,TRUE,TRUE,TRUE,FALSE
leg,Ferme D Feet・Red,フェルムＤフット・赤,489,490,TRUE,TRUE,TRUE,TRUE,FALSE
leg,Ferme D Feet・White,フェルムＤフット・白,490,491,TRUE,TRUE,TRUE,TRUE,FALSE
leg,Ferme D Feet・Blue,フェルムＤフット・青,491,492,TRUE,TRUE,TRUE,TRUE,FALSE
leg,Real D Feet・White,レアルＤフット・白,479,480,TRUE,TRUE,TRUE,TRUE,FALSE
leg,Real D Feet・Gold,レアルＤフット・金,483,484,TRUE,TRUE,TRUE,TRUE,FALSE
leg,Real D Feet・Blue,レアルＤフット・青,481,482,TRUE,TRUE,TRUE,TRUE,FALSE
leg,Real D Feet・Red,レアルＤフット・赤,482,483,TRUE,TRUE,TRUE,TRUE,FALSE
leg,Arma D Feet・Black,アルマＤフット・黒,411,412,TRUE,TRUE,TRUE,TRUE,FALSE
leg,Arma D Feet・White,アルマＤフット・白,414,415,TRUE,TRUE,TRUE,TRUE,FALSE
leg,Arma D Feet・Blue,アルマＤフット・青,417,418,TRUE,TRUE,TRUE,TRUE,FALSE
leg,Arma D Feet・Tea,アルマＤフット・茶,416,417,TRUE,TRUE,TRUE,TRUE,FALSE
leg,Honour D Feet・Red,オナブルＤフット・赤,1498,1498,TRUE,TRUE,TRUE,TRUE,FALSE
leg,Honour D Feet・Blue,オナブルＤフット・青,1499,1499,TRUE,TRUE,TRUE,TRUE,FALSE
leg,Honour D Feet・Green,オナブルＤフット・緑,1500,1500,TRUE,TRUE,TRUE,TRUE,FALSE
leg,Honour D Feet・紺,オナブルＤフット・紺,1501,1501,TRUE,TRUE,TRUE,TRUE,FALSE
leg,Pics D Feet・Green,ピクスＤフット・緑,1241,1241,TRUE,TRUE,TRUE,TRUE,FALSE
leg,Pics D Feet・Purple,ピクスＤフット・紫,1243,1243,TRUE,TRUE,TRUE,TRUE,FALSE
leg,Pics D Feet・Black,ピクスＤフット・黒,1242,1242,TRUE,TRUE,TRUE,TRUE,FALSE
leg,Pics D Feet・Water,ピクスＤフット・水,1244,1244,TRUE,TRUE,TRUE,TRUE,FALSE
leg,Magos D Feet・Yellow,マゴスＤフット・黄,1199,1199,TRUE,TRUE,TRUE,TRUE,FALSE
leg,Magos D Feet・Red,マゴスＤフット・赤,1200,1200,TRUE,TRUE,TRUE,TRUE,FALSE
leg,Magos D Feet・Water,マゴスＤフット・水,1201,1201,TRUE,TRUE,TRUE,TRUE,FALSE
leg,Magos D Feet・Blue,マゴスＤフット・青,1202,1202,TRUE,TRUE,TRUE,TRUE,FALSE
leg,Arge D Feet,アージェＤフット,565,566,TRUE,TRUE,TRUE,TRUE,FALSE
leg,Camarera D Feet,カマレラＤフット,657,657,TRUE,TRUE,TRUE,TRUE,FALSE
leg,Metenera D Feet,メテネラＤフット,723,723,TRUE,TRUE,TRUE,TRUE,FALSE
leg,Abitto D Feet,アビットＤフット,789,789,TRUE,TRUE,TRUE,TRUE,FALSE
leg,Riburi D Feet,リブリーＤフット,1040,1040,TRUE,TRUE,TRUE,TRUE,FALSE
leg,Zodic D Feet・Blue,ゾデックＤフット・青,1149,1149,TRUE,TRUE,TRUE,TRUE,FALSE
leg,Zodic D Feet・Tea,ゾデックＤフット・茶,1152,1152,TRUE,TRUE,TRUE,TRUE,FALSE
leg,Zodic D Feet・Green,ゾデックＤフット・緑,1150,1150,TRUE,TRUE,TRUE,TRUE,FALSE
leg,Zodic D Feet・Pink,ゾデックＤフット・桜,1151,1151,TRUE,TRUE,TRUE,TRUE,FALSE
leg,Cayssis D Feet Water,カエシスＤフット水,1120,1120,TRUE,TRUE,TRUE,TRUE,FALSE
leg,Cayssis D Feet Red,カエシスＤフット赤,1121,1121,TRUE,TRUE,TRUE,TRUE,FALSE
leg,Cayssis D Feet Blue,カエシスＤフット青,1122,1122,TRUE,TRUE,TRUE,TRUE,FALSE
leg,Cayssis D Feet Orange,カエシスＤフット橙,1123,1123,TRUE,TRUE,TRUE,TRUE,FALSE
leg,Omet D Feet・Black,オメットＤフット・黒,1091,1091,TRUE,TRUE,TRUE,TRUE,FALSE
leg,Omet D Feet・Red,オメットＤフット・赤,1092,1092,TRUE,TRUE,TRUE,TRUE,FALSE
leg,Omet D Feet・White,オメットＤフット・白,1093,1093,TRUE,TRUE,TRUE,TRUE,FALSE
leg,Omet D Feet・Blue,オメットＤフット・青,1094,1094,TRUE,TRUE,TRUE,TRUE,FALSE
leg,Edio D Feet・Blue,エディオＤフット・青,784,784,TRUE,TRUE,TRUE,TRUE,FALSE
leg,Edio D Feet・Red,エディオＤフット・赤,785,785,TRUE,TRUE,TRUE,TRUE,FALSE
leg,Edio D Feet・Yellow,エディオＤフット・黄,786,786,TRUE,TRUE,TRUE,TRUE,FALSE
leg,Edio D Feet・Black,エディオＤフット・黒,787,787,TRUE,TRUE,TRUE,TRUE,FALSE
leg,Steno D Greaves・Orange,ステノＤグリーヴ・橙,718,718,TRUE,TRUE,TRUE,TRUE,FALSE
leg,Steno D Greaves・Peach,ステノＤグリーヴ・桃,719,719,TRUE,TRUE,TRUE,TRUE,FALSE
leg,Steno D Greaves・Blue,ステノＤグリーヴ・青,720,720,TRUE,TRUE,TRUE,TRUE,FALSE
leg,Steno D Greaves・Red,ステノＤグリーヴ・赤,721,721,TRUE,TRUE,TRUE,TRUE,FALSE
leg,Suriito D Feet・Yellow,スリートＤフット・黄,652,652,TRUE,TRUE,TRUE,TRUE,FALSE
leg,Suriito D Feet・Silver,スリートＤフット・銀,653,653,TRUE,TRUE,TRUE,TRUE,FALSE
leg,Suriito D Feet・Red,スリートＤフット・赤,654,654,TRUE,TRUE,TRUE,TRUE,FALSE
leg,Suriito D Feet・Blue,スリートＤフット・青,655,655,TRUE,TRUE,TRUE,TRUE,FALSE
leg,Galitos D Feet・Tea,ガリトスＤフット・茶,1036,1036,TRUE,TRUE,TRUE,TRUE,FALSE
leg,Galitos D Feet・Red,ガリトスＤフット・赤,1037,1037,TRUE,TRUE,TRUE,TRUE,FALSE
leg,Galitos D Feet・Black,ガリトスＤフット・黒,1038,1038,TRUE,TRUE,TRUE,TRUE,FALSE
leg,Galitos D Feet・Water,ガリトスＤフット・水,1039,1039,TRUE,TRUE,TRUE,TRUE,FALSE
leg,Text D Feet・Purple,テクストＤフット・紫,545,546,TRUE,TRUE,TRUE,TRUE,FALSE
leg,Text D Feet・Green,テクストＤフット・緑,546,547,TRUE,TRUE,TRUE,TRUE,FALSE
leg,Text D Feet・Blue,テクストＤフット・青,547,548,TRUE,TRUE,TRUE,TRUE,FALSE
leg,Text D Feet・Black,テクストＤフット・黒,549,550,TRUE,TRUE,TRUE,TRUE,FALSE
leg,Pharan D Feet・White,ファランＤフット・白,571,572,TRUE,TRUE,TRUE,TRUE,FALSE
leg,Pharan D Feet・Black,ファランＤフット・黒,572,573,TRUE,TRUE,TRUE,TRUE,FALSE
leg,Pharan D Feet・Red,ファランＤフット・赤,573,574,TRUE,TRUE,TRUE,TRUE,FALSE
leg,Pharan D Feet・Blue,ファランＤフット・青,574,575,TRUE,TRUE,TRUE,TRUE,FALSE
leg,Gold D Feet・Red,ゴルトＤフット・赤,511,512,TRUE,TRUE,TRUE,TRUE,FALSE
leg,Gold D Feet・Blue,ゴルトＤフット・青,512,513,TRUE,TRUE,TRUE,TRUE,FALSE
leg,Gold D Feet・Yellow,ゴルトＤフット・黄,513,514,TRUE,TRUE,TRUE,TRUE,FALSE
leg,Gold D Feet・Purple,ゴルトＤフット・紫,514,515,TRUE,TRUE,TRUE,TRUE,FALSE
leg,Claire D Feet・Purple,クレールＤフット・紫,493,494,TRUE,TRUE,TRUE,TRUE,FALSE
leg,Claire D Feet・Water,クレールＤフット・水,494,495,TRUE,TRUE,TRUE,TRUE,FALSE
leg,Claire D Feet・Red,クレールＤフット・赤,495,496,TRUE,TRUE,TRUE,TRUE,FALSE
leg,Claire D Feet・Black,クレールＤフット・黒,496,497,TRUE,TRUE,TRUE,TRUE,FALSE
leg,Gold Cat D Boots,きんねこ服Ｄブーツ,221,222,TRUE,TRUE,TRUE,TRUE,FALSE
leg,Silver Cat D Boots,ぎんねこ服Ｄブーツ,579,580,TRUE,TRUE,TRUE,TRUE,FALSE
leg,Ex D Feet・White,イクスＤフット・白,426,427,TRUE,TRUE,TRUE,TRUE,FALSE
leg,Ex D Feet・Red,イクスＤフット・赤,427,428,TRUE,TRUE,TRUE,TRUE,FALSE
leg,Ex D Feet・Blue,イクスＤフット・青,428,429,TRUE,TRUE,TRUE,TRUE,FALSE
leg,Ex D Feet・Black,イクスＤフット・黒,429,430,TRUE,TRUE,TRUE,TRUE,FALSE
leg,Star Festival D Tabi [Red 】,星祭Ｄ足袋【赤】,344,345,TRUE,TRUE,TRUE,TRUE,FALSE
leg,Star Festival D Tabi [Blue 】,星祭Ｄ足袋【青】,356,357,TRUE,TRUE,TRUE,TRUE,FALSE
leg,Star Festival D Tabi [Black 】,星祭Ｄ足袋【黒】,357,358,TRUE,TRUE,TRUE,TRUE,FALSE
leg,Star Festival D Tabi [White 】,星祭Ｄ足袋【白】,358,359,TRUE,TRUE,TRUE,TRUE,FALSE
leg,Promise D Boots・White,プロミスＤブーツ・白,270,271,TRUE,TRUE,TRUE,TRUE,FALSE
leg,Promise D Boots・Blue,プロミスＤブーツ・青,271,272,TRUE,TRUE,TRUE,TRUE,FALSE
leg,Promise D Boots・Purple,プロミスＤブーツ・紫,272,273,TRUE,TRUE,TRUE,TRUE,FALSE
leg,Promise D Boots・Yellow,プロミスＤブーツ・黄,273,274,TRUE,TRUE,TRUE,TRUE,FALSE
leg,White M Boots D,ホワイトＭブーツＤ,265,266,TRUE,TRUE,TRUE,TRUE,FALSE
leg,Flight Greaves D・White,飛天ノ具足Ｄ・白,1515,1515,TRUE,TRUE,TRUE,TRUE,FALSE
leg,Flight Greaves D・Red,飛天ノ具足Ｄ・赤,1512,1512,TRUE,TRUE,TRUE,TRUE,FALSE
leg,Flight Greaves D・Tea,飛天ノ具足Ｄ・茶,1513,1513,TRUE,TRUE,TRUE,TRUE,FALSE
leg,Flight Greaves D・Blue,飛天ノ具足Ｄ・青,1514,1514,TRUE,TRUE,TRUE,TRUE,FALSE
leg,Bande D Feet・Blue,バンデＤフット・青,1658,1658,TRUE,TRUE,TRUE,TRUE,FALSE
leg,Bande D Feet・Red,バンデＤフット・赤,1659,1659,TRUE,TRUE,TRUE,TRUE,FALSE
leg,Bande D Feet・Green,バンデＤフット・緑,1660,1660,TRUE,TRUE,TRUE,TRUE,FALSE
leg,Bande D Feet・Black,バンデＤフット・黒,1661,1661,TRUE,TRUE,TRUE,TRUE,FALSE
leg,Regnum D Feet・White,レグヌムＤフット・白,1712,1712,TRUE,TRUE,TRUE,TRUE,FALSE
leg,Regnum D Feet・Blue,レグヌムＤフット・青,1713,1713,TRUE,TRUE,TRUE,TRUE,FALSE
leg,Regnum D Feet・Red,レグヌムＤフット・赤,1714,1714,TRUE,TRUE,TRUE,TRUE,FALSE
leg,Regnum D Feet・Tea,レグヌムＤフット・茶,1715,1715,TRUE,TRUE,TRUE,TRUE,FALSE
leg,Gania D Feet・Red,ガニアＤフット・赤,1770,1770,TRUE,TRUE,TRUE,TRUE,FALSE
leg,Gania D Feet・Blue,ガニアＤフット・青,1771,1771,TRUE,TRUE,TRUE,TRUE,FALSE
leg,Gania D Feet・Tea,ガニアＤフット・茶,1772,1772,TRUE,TRUE,TRUE,TRUE,FALSE
leg,Gania D Feet・Purple,ガニアＤフット・紫,1773,1773,TRUE,TRUE,TRUE,TRUE,FALSE
leg,Amistad D Feet・Black,アミスタＤフット・黒,1808,1808,TRUE,TRUE,TRUE,TRUE,FALSE
leg,Amistad D Feet・White,アミスタＤフット・白,1809,1809,TRUE,TRUE,TRUE,TRUE,FALSE
leg,Amistad D Feet・Blue,アミスタＤフット・青,1810,1810,TRUE,TRUE,TRUE,TRUE,FALSE
leg,Amistad D Feet・Crimson,アミスタＤフット・紅,1811,1811,TRUE,TRUE,TRUE,TRUE,FALSE
leg,Perifu D Feet・Blue,ペリフＤフット・青,1856,1856,TRUE,TRUE,TRUE,TRUE,FALSE
leg,Perifu D Feet・Tea,ペリフＤフット・茶,1857,1857,TRUE,TRUE,TRUE,TRUE,FALSE
leg,Perifu D Feet・Green,ペリフＤフット・緑,1858,1858,TRUE,TRUE,TRUE,TRUE,FALSE
leg,Perifu D Feet・Purple,ペリフＤフット・紫,1859,1859,TRUE,TRUE,TRUE,TRUE,FALSE
leg,Vakusu D Greaves,ヴァクスＤグリーヴ,1918,1918,TRUE,TRUE,TRUE,TRUE,FALSE
leg,Rizuvue D Greaves,リズヴェＤグリーヴ,2127,2127,TRUE,TRUE,TRUE,TRUE,FALSE
leg,Konseru D Greaves,コンセルＤグリーヴ,1262,1262,TRUE,TRUE,TRUE,TRUE,FALSE
leg,Utaei Legs D,歌詠ノ脛当Ｄ,2153,2153,TRUE,TRUE,TRUE,TRUE,FALSE
leg,Utatsumugu Legs D,歌紡ノ脛当Ｄ,2154,2154,TRUE,TRUE,TRUE,TRUE,FALSE
leg,Shikari の Greaves D,シカリの具足Ｄ,442,443,TRUE,TRUE,TRUE,TRUE,FALSE
leg,Strega D Greaves,ストレガＤグリーヴ,396,397,TRUE,TRUE,TRUE,TRUE,FALSE
leg,Eques D Greaves,エクエスＤグリーヴ,343,344,TRUE,TRUE,TRUE,TRUE,FALSE
leg,Uida D Feet,ウィダＤフット,451,452,TRUE,TRUE,TRUE,TRUE,FALSE
leg,Kuraaji D Greaves,クラージＤグリーヴ,465,466,TRUE,TRUE,TRUE,TRUE,FALSE
leg,Aneshisu D Greaves,アネシスＤグリーヴ,464,465,TRUE,TRUE,TRUE,TRUE,FALSE
leg,Zaakaa D Greaves,ザーカーＤグリーヴ,552,553,TRUE,TRUE,TRUE,TRUE,FALSE
leg,Vinen D Greaves,ヴィネンＤグリーヴ,760,760,TRUE,TRUE,TRUE,TRUE,FALSE
leg,Rudeos D Greaves,ルデオスＤグリーヴ,1001,1001,TRUE,TRUE,TRUE,TRUE,FALSE
leg,Breo D Greaves,ブレオＤグリーヴ,761,761,TRUE,TRUE,TRUE,TRUE,FALSE
leg,Rouge D Greaves,ルージュＤグリーヴ,370,371,TRUE,TRUE,TRUE,TRUE,FALSE
leg,Onero D Greaves,オネロＤグリーヴ,1089,1089,TRUE,TRUE,TRUE,TRUE,FALSE
leg,Diina D Leg,ディーナＤレッグ,228,229,TRUE,TRUE,TRUE,TRUE,FALSE
leg,Oorowa D Greaves,オーロワＤグリーヴ,1118,1118,TRUE,TRUE,TRUE,TRUE,FALSE
leg,Higakure D Greaves,ヒガクレＤグリーヴ,1257,1257,TRUE,TRUE,TRUE,TRUE,FALSE
leg,Perce D Greaves,ペルセＤグリーヴ,1316,1316,TRUE,TRUE,TRUE,TRUE,FALSE
leg,Orykto D Greaves,オリクトＤグリーヴ,1684,1684,TRUE,TRUE,TRUE,TRUE,FALSE
leg,Orykto D Leggings,オリクトＤレギンス,1685,1685,TRUE,TRUE,TRUE,TRUE,FALSE
leg,Yoruti D Greaves,ヨルティＤグリーヴ,1677,1677,TRUE,TRUE,TRUE,TRUE,FALSE
leg,Nisuru D Greaves,ニスルＤグリーヴ,1222,1222,TRUE,TRUE,TRUE,TRUE,FALSE
leg,Maaden D Greaves,マアデンＤグリーヴ,1738,1738,TRUE,TRUE,TRUE,TRUE,FALSE
leg,Maaden D Leggings,マアデンＤレギンス,1739,1739,TRUE,TRUE,TRUE,TRUE,FALSE
leg,Cheni D Greaves,チェニーＤグリーヴ,1778,1778,TRUE,TRUE,TRUE,TRUE,FALSE
leg,Eguiene D Greaves,エギエネＤグリーヴ,1917,1917,TRUE,TRUE,TRUE,TRUE,FALSE
leg,Toruboda D Greaves,トルボダＤグリーヴ,1834,1834,TRUE,TRUE,TRUE,TRUE,FALSE
leg,Kabariba D Greaves,カバリバＤグリーヴ,1833,1833,TRUE,TRUE,TRUE,TRUE,FALSE
leg,Norukku D Feet,ノルックＤフット,1308,1308,TRUE,TRUE,TRUE,TRUE,FALSE
leg,Valier D Greaves,ヴァリエＤグリーヴ,1867,1867,TRUE,TRUE,TRUE,TRUE,FALSE
leg,Arumyu D Greaves,アルミュＤグリーヴ,2075,2075,TRUE,TRUE,TRUE,TRUE,FALSE
leg,Chatore D Greaves,チャトレＤグリーヴ,2074,2074,TRUE,TRUE,TRUE,TRUE,FALSE
leg,Pashio D Greaves,パシオＤグリーヴ,1223,1223,TRUE,TRUE,TRUE,TRUE,FALSE
leg,Cariva D Greaves,カリヴァＤグリーヴ,2128,2128,TRUE,TRUE,TRUE,TRUE,FALSE
leg,Desutora D Sabaton,デストラＤサバトン,0,2258,FALSE,TRUE,TRUE,TRUE,FALSE
leg,Bogabado ZD Greaves,ボガバドZDグリーヴ,2192,2192,TRUE,TRUE,TRUE,TRUE,FALSE
leg,Bogabado ZD Leggings,ボガバドZDレギンス,2193,2193,TRUE,TRUE,TRUE,TRUE,FALSE
leg,Nerishoku Greaves D,煉燭ノ具足Ｄ,2165,2165,TRUE,TRUE,TRUE,TRUE,FALSE
leg,Gravios ZD Greaves,グラビZDグリーヴ,2190,2190,TRUE,TRUE,TRUE,TRUE,FALSE
leg,Gravios ZD Leggings,グラビZDレギンス,2191,2191,TRUE,TRUE,TRUE,TRUE,FALSE
leg,Baruragaru ZD Greaves,バルラZDグリーヴ,2188,2188,TRUE,TRUE,TRUE,TRUE,FALSE
leg,Baruragaru ZD Leggings,バルラZDレギンス,2189,2189,TRUE,TRUE,TRUE,TRUE,FALSE
leg,Rabius D Feet,ラビウスＤフット,2230,2230,TRUE,TRUE,TRUE,TRUE,FALSE
leg,Rocras D Feet,ロクラスＤフット,2231,2231,TRUE,TRUE,TRUE,TRUE,FALSE
leg,Alisys D Feet,アリシスＤフット,2233,2233,TRUE,TRUE,TRUE,TRUE,FALSE
leg,Loli D Feet,ロゥリィＤフット,2234,2234,TRUE,TRUE,TRUE,TRUE,FALSE
leg,Recolis D Feet,レコリスＤフット,2235,2235,TRUE,TRUE,TRUE,TRUE,FALSE
leg,Rapin D Greaves,ラファンＤグリーヴ,2242,2242,TRUE,TRUE,TRUE,TRUE,FALSE
leg,Rapin C Greaves,ラファンＣグリーヴ,2243,2243,TRUE,TRUE,TRUE,TRUE,FALSE
leg,Quna D Feet,クーナＤフット,0,2168,FALSE,TRUE,TRUE,TRUE,FALSE
leg,Ionia D Feet,イオニアＤフット,0,2169,FALSE,TRUE,TRUE,TRUE,FALSE
leg,Guridi D Greaves,グリディＤグリーヴ,1964,1964,TRUE,TRUE,TRUE,TRUE,FALSE
leg,Shifunyi D Feet,シフニィＤフット,2100,2100,TRUE,TRUE,TRUE,TRUE,FALSE
leg,Rappy D Boots,ラッピーＤブーツ,2198,2198,TRUE,TRUE,TRUE,TRUE,FALSE
leg,Bita D Greaves,ビーターＤグリーヴ,2238,2238,TRUE,TRUE,TRUE,TRUE,FALSE
leg,Koreputo D Greaves,コレプトＤグリーヴ,2239,2239,TRUE,TRUE,TRUE,TRUE,FALSE
leg,Secuti D Feet・Black,セクティＤフット・黒,1289,1289,TRUE,TRUE,TRUE,TRUE,FALSE
leg,Secuti D Feet・Blue,セクティＤフット・青,1290,1290,TRUE,TRUE,TRUE,TRUE,FALSE
leg,Secuti D Feet・Red,セクティＤフット・赤,1291,1291,TRUE,TRUE,TRUE,TRUE,FALSE
leg,Secuti D Feet・White,セクティＤフット・白,1292,1292,TRUE,TRUE,TRUE,TRUE,FALSE
leg,Rockman D Boots,ロックマンＤブーツ,2293,2293,TRUE,TRUE,TRUE,TRUE,FALSE
leg,蜂針D [Greaves 】・Orange,蜂針Ｄ【具足】・橙,0,1229,FALSE,TRUE,TRUE,TRUE,FALSE
leg,Patapatagook C・Rainbow,ぺたぺたグークＣ・虹,2194,2194,TRUE,TRUE,TRUE,TRUE,FALSE
leg,Patapatagook D・Gold,ぺたぺたグークＤ・金,2195,2195,TRUE,TRUE,TRUE,TRUE,FALSE
leg,Patapatagook D・Silver,ぺたぺたグークＤ・銀,2196,2196,TRUE,TRUE,TRUE,TRUE,FALSE
leg,Patapatagook D・Copper,ぺたぺたグークＤ・銅,2197,2197,TRUE,TRUE,TRUE,TRUE,FALSE
leg,Patapatagook D・White,ぺたぺたグークＤ・白,1481,1481,TRUE,TRUE,TRUE,TRUE,FALSE
leg,Patapatagook D・Ash,ぺたぺたグークＤ・灰,1482,1482,TRUE,TRUE,TRUE,TRUE,FALSE
leg,Patapatagook D・Red,ぺたぺたグークＤ・赤,1483,1483,TRUE,TRUE,TRUE,TRUE,FALSE
leg,Kinkou D Feet,キンコウＤフット,2228,2228,TRUE,TRUE,TRUE,TRUE,FALSE
leg,Anbu D Feet,アンブＤフット,2229,2229,TRUE,TRUE,TRUE,TRUE,FALSE
leg,Rengoku Greaves D,煉獄ノ具足Ｄ,2240,2240,TRUE,TRUE,TRUE,TRUE,FALSE
leg,Nerigeki Greaves D,煉戟ノ具足Ｄ,2241,2241,TRUE,TRUE,TRUE,TRUE,FALSE
leg,Shanru D Greaves,シャンルＤグリーヴ,2236,2236,TRUE,TRUE,TRUE,TRUE,FALSE
leg,Fanru D Greaves,ファンルＤグリーヴ,2237,2237,TRUE,TRUE,TRUE,TRUE,FALSE
leg,Zamuza ZD Greaves,ザムザZDグリーヴ,2245,2245,TRUE,TRUE,TRUE,TRUE,FALSE
leg,Zamuza ZD Leggings,ザムザZDレギンス,2246,2246,TRUE,TRUE,TRUE,TRUE,FALSE
leg,Harudo ZD Greaves,ハルドZDグリーヴ,2247,2247,TRUE,TRUE,TRUE,TRUE,FALSE
leg,Harudo ZD Leggings,ハルドZDレギンス,2248,2248,TRUE,TRUE,TRUE,TRUE,FALSE
leg,Arbiter D Sabaton,アービターＤサバトン,2276,2276,TRUE,TRUE,TRUE,TRUE,FALSE
leg,Elysi D Greaves,エリュシＤグリーヴ,2277,2277,TRUE,TRUE,TRUE,TRUE,FALSE
leg,Fine D Feet,フィーネＤフット,2278,2278,TRUE,TRUE,TRUE,TRUE,FALSE
leg,Kotona D Feet,コトナＤフット,2279,2279,TRUE,TRUE,TRUE,TRUE,FALSE
leg,Finis D Feet,フィニスＤフット,2280,2280,TRUE,TRUE,TRUE,TRUE,FALSE
leg,Firl D Feet,フィールＤフット,2281,2281,TRUE,TRUE,TRUE,TRUE,FALSE
leg,Ryoso Legs D,了奏ノ脛当Ｄ,2282,2282,TRUE,TRUE,TRUE,TRUE,FALSE
leg,Gems D Feet,ジェムズＤフット,2284,2284,TRUE,TRUE,TRUE,TRUE,FALSE
leg,Alisha D Feet,アリシャＤフット,2285,2285,TRUE,TRUE,TRUE,TRUE,FALSE
leg,Ricca D Feet,リッカＤフット,2288,2288,TRUE,TRUE,TRUE,TRUE,FALSE
leg,Kelis D Feet,ケリスＤフット,2290,2290,TRUE,TRUE,TRUE,TRUE,FALSE
leg,Myunru D Greaves,ミュンルＤグリーヴ,2292,2292,TRUE,TRUE,TRUE,TRUE,FALSE
leg,Seiryu・Kensei D Feet,青龍・剣聖Ｄフット,1341,1341,TRUE,TRUE,TRUE,TRUE,FALSE
leg,Seiryu・双龍D Feet,青龍・双龍Ｄフット,1345,1345,TRUE,TRUE,TRUE,TRUE,FALSE
leg,Seiryu・Blade 王D Feet,青龍・剣王Ｄフット,1349,1349,TRUE,TRUE,TRUE,TRUE,FALSE
leg,Seiryu・刀神D Feet,青龍・刀神Ｄフット,1353,1353,TRUE,TRUE,TRUE,TRUE,FALSE
leg,Seiryu・Heaven 槍D Feet,青龍・天槍Ｄフット,1357,1357,TRUE,TRUE,TRUE,TRUE,FALSE
leg,Seiryu・砲皇D Feet,青龍・砲皇Ｄフット,1361,1361,TRUE,TRUE,TRUE,TRUE,FALSE
leg,Seiryu・鈍器獣D Feet,青龍・鈍器獣Ｄフット,1365,1365,TRUE,TRUE,TRUE,TRUE,FALSE
leg,Seiryu・奏帝D Feet,青龍・奏帝Ｄフット,1369,1369,TRUE,TRUE,TRUE,TRUE,FALSE
leg,Seiryu・穿凰D Feet,青龍・穿凰Ｄフット,1546,1546,TRUE,TRUE,TRUE,TRUE,FALSE
leg,Seiryu・斬将D Feet,青龍・斬将Ｄフット,1894,1894,TRUE,TRUE,TRUE,TRUE,FALSE
leg,Seiryu・銃傑D Boots,青龍・銃傑Ｄブーツ,1373,1373,TRUE,TRUE,TRUE,TRUE,FALSE
leg,Seiryu・銃仙D Boots,青龍・銃仙Ｄブーツ,1377,1377,TRUE,TRUE,TRUE,TRUE,FALSE
leg,Seiryu・Bow 鬼D Boots,青龍・弓鬼Ｄブーツ,1381,1381,TRUE,TRUE,TRUE,TRUE,FALSE
leg,Seiryu・磁星D Feet,青龍・磁星Ｄフット,2146,2146,TRUE,TRUE,TRUE,TRUE,FALSE
leg,K. Lobster Feet PD Black,ＫロブスタフットPD黒,765,765,TRUE,TRUE,TRUE,TRUE,FALSE
leg,K. Lobster Feet PD Green,ＫロブスタフットPD緑,766,766,TRUE,TRUE,TRUE,TRUE,FALSE
leg,K. Lobster Feet PD Blue,ＫロブスタフットPD青,767,767,TRUE,TRUE,TRUE,TRUE,FALSE
leg,K. Lobster Boots PD Black,ＫロブスタブーツPD黒,768,768,TRUE,TRUE,TRUE,TRUE,FALSE
leg,K. Lobster Boots PD Green,ＫロブスタブーツPD緑,769,769,TRUE,TRUE,TRUE,TRUE,FALSE
leg,K. Lobster Boots PD Blue,ＫロブスタブーツPD青,770,770,TRUE,TRUE,TRUE,TRUE,FALSE
leg,Hypnoc Greaves PD Green,ヒプノグリーヴPD緑,1005,1005,TRUE,TRUE,TRUE,TRUE,FALSE
leg,Hypnoc Greaves PD Red,ヒプノグリーヴPD赤,1006,1006,TRUE,TRUE,TRUE,TRUE,FALSE
leg,Hypnoc Greaves PD Yellow,ヒプノグリーヴPD黄,1007,1007,TRUE,TRUE,TRUE,TRUE,FALSE
leg,Beru Greaves PD Black,ベルグリーヴPD黒,1008,1008,TRUE,TRUE,TRUE,TRUE,FALSE
leg,Beru Greaves PD Red,ベルグリーヴPD赤,1009,1009,TRUE,TRUE,TRUE,TRUE,FALSE
leg,Beru Greaves PD Purple,ベルグリーヴPD紫,1010,1010,TRUE,TRUE,TRUE,TRUE,FALSE
leg,Beru Leggings PD Black,ベルレギンスPD黒,1011,1011,TRUE,TRUE,TRUE,TRUE,FALSE
leg,Beru Leggings PD Red,ベルレギンスPD赤,1012,1012,TRUE,TRUE,TRUE,TRUE,FALSE
leg,Beru Leggings PD Purple,ベルレギンスPD紫,1013,1013,TRUE,TRUE,TRUE,TRUE,FALSE
leg,Black Belt Greaves PD White,クロオビグリーヴPD白,1062,1062,TRUE,TRUE,TRUE,TRUE,FALSE
leg,Black Belt Greaves PD Black,クロオビグリーヴPD黒,1063,1063,TRUE,TRUE,TRUE,TRUE,FALSE
leg,Black Belt Greaves PD Blue,クロオビグリーヴPD青,1064,1064,TRUE,TRUE,TRUE,TRUE,FALSE
leg,Apkallu Greaves PD White,アプカルグリーヴPD白,1086,1086,TRUE,TRUE,TRUE,TRUE,FALSE
leg,Apkallu Greaves PD Green,アプカルグリーヴPD緑,1087,1087,TRUE,TRUE,TRUE,TRUE,FALSE
leg,Apkallu Greaves PD Yellow,アプカルグリーヴPD黄,1088,1088,TRUE,TRUE,TRUE,TRUE,FALSE
leg,Rukodiora Feet PD White,ルコフットPD白,1103,1103,TRUE,TRUE,TRUE,TRUE,FALSE
leg,Rukodiora Feet PD Blue,ルコフットPD青,1104,1104,TRUE,TRUE,TRUE,TRUE,FALSE
leg,Rukodiora Feet PD Red,ルコフットPD赤,1105,1105,TRUE,TRUE,TRUE,TRUE,FALSE
leg,Rukodiora Legs PD White,ルコレグスPD白,1106,1106,TRUE,TRUE,TRUE,TRUE,FALSE
leg,Rukodiora Legs PD Blue,ルコレグスPD青,1107,1107,TRUE,TRUE,TRUE,TRUE,FALSE
leg,Rukodiora Legs PD Red,ルコレグスPD赤,1108,1108,TRUE,TRUE,TRUE,TRUE,FALSE
leg,Comrade Boots PD White Red,コムラダブーツPD白赤,1109,1109,TRUE,TRUE,TRUE,TRUE,FALSE
leg,Comrade Boots PD White Blue,コムラダブーツPD白青,1110,1110,TRUE,TRUE,TRUE,TRUE,FALSE
leg,Comrade Boots PD White Yellow,コムラダブーツPD白黄,1111,1111,TRUE,TRUE,TRUE,TRUE,FALSE
leg,Otono D Greaves,オトノＤグリーヴ,1832,1832,TRUE,TRUE,TRUE,TRUE,FALSE
leg,忍の Tabi・空D,忍の足袋・空Ｄ,138,139,TRUE,TRUE,TRUE,TRUE,FALSE
leg,忍の Tabi・海D,忍の足袋・海Ｄ,139,140,TRUE,TRUE,TRUE,TRUE,FALSE
leg,Shadow Tabi・D,黒影ノ足袋・Ｄ,1189,1189,TRUE,TRUE,TRUE,TRUE,FALSE
leg,Shade Tabi・D,黒陰ノ足袋・Ｄ,1190,1190,TRUE,TRUE,TRUE,TRUE,FALSE
leg,Hope D Greaves,ホープＤグリーヴ,1191,1191,TRUE,TRUE,TRUE,TRUE,FALSE
