hair,Vol アドミラル,ヴォルアドミラル,757,757,TRUE,TRUE,TRUE,TRUE,FALSE
hair,Vol レジェンド,ヴォルレジェンド,758,758,TRUE,TRUE,TRUE,TRUE,FALSE
hair,Carrol C Band,キャロルＣバンド,1960,1960,TRUE,TRUE,TRUE,TRUE,FALSE
hair,Zyra C Helm,ザイラＣヘルム,1961,1961,TRUE,TRUE,TRUE,TRUE,FALSE
hair,Loose C Head,ルースＣヘッド,1962,1962,TRUE,TRUE,TRUE,TRUE,FALSE
hair,Higakure C Helm,ヒガクレＣヘルム,1973,1973,TRUE,TRUE,TRUE,TRUE,FALSE
hair,Harokyu D Head,ハロキュＤヘッド,1557,1557,TRUE,TRUE,TRUE,TRUE,FALSE
hair,Evol D Head・White,エヴォルＤヘッド・白,1928,1928,TRUE,TRUE,TRUE,TRUE,FALSE
hair,Evol D Head・Red,エヴォルＤヘッド・赤,1929,1929,TRUE,TRUE,TRUE,TRUE,FALSE
hair,Evol D Head・Blue,エヴォルＤヘッド・青,1930,1930,TRUE,TRUE,TRUE,TRUE,FALSE
hair,Evol D Head・Purple,エヴォルＤヘッド・紫,1931,1931,TRUE,TRUE,TRUE,TRUE,FALSE
hair,Blue Ice Emperor D Head,蒼皇氷Ｄヘッド,1871,1871,TRUE,TRUE,TRUE,TRUE,FALSE
hair,White Ice Emperor D Head,白皇氷Ｄヘッド,1872,1872,TRUE,TRUE,TRUE,TRUE,FALSE
hair,Red Ice Emperor D Head,紅皇氷Ｄヘッド,1873,1873,TRUE,TRUE,TRUE,TRUE,FALSE
hair,Rance C Head,ランセＣヘッド,1975,1975,TRUE,TRUE,TRUE,TRUE,FALSE
hair,Santa D Head,サンタＤヘッド,257,268,TRUE,TRUE,TRUE,TRUE,FALSE
hair,Anteka D Head,ガウシカＤヘッド,1527,1527,TRUE,TRUE,TRUE,TRUE,FALSE
hair,Sakufi D Head,サクフィＤヘッド,1911,1911,TRUE,TRUE,TRUE,TRUE,FALSE
hair,Asumo D Head,アスモＤヘッド,1932,1932,TRUE,TRUE,TRUE,TRUE,FALSE
hair,Dios D Head,ディオスＤヘッド,1921,1921,TRUE,TRUE,TRUE,TRUE,FALSE
hair,Asteli D Piercings・White,アステリＤピアス・白,1693,1693,TRUE,TRUE,TRUE,TRUE,FALSE
hair,Asteli D Piercings・Blue,アステリＤピアス・青,1694,1694,TRUE,TRUE,TRUE,TRUE,FALSE
hair,Asteli D Piercings・Red,アステリＤピアス・赤,1695,1695,TRUE,TRUE,TRUE,TRUE,FALSE
hair,Asteli D Piercings・Black,アステリＤピアス・黒,1696,1696,TRUE,TRUE,TRUE,TRUE,FALSE
hair,Lien D Head・Blue,リアンＤヘッド・青,395,406,TRUE,TRUE,TRUE,TRUE,FALSE
hair,Lien D Head・Red,リアンＤヘッド・赤,396,407,TRUE,TRUE,TRUE,TRUE,FALSE
hair,Lien D Head・Black,リアンＤヘッド・黒,397,408,TRUE,TRUE,TRUE,TRUE,FALSE
hair,Lien D Head・White,リアンＤヘッド・白,398,409,TRUE,TRUE,TRUE,TRUE,FALSE
hair,Lien D Head・Crimson,リアンＤヘッド・紅,414,425,TRUE,TRUE,TRUE,TRUE,FALSE
hair,Lien D Head・藍,リアンＤヘッド・藍,775,775,TRUE,TRUE,TRUE,TRUE,FALSE
hair,Lien D Head・Peach,リアンＤヘッド・桃,776,776,TRUE,TRUE,TRUE,TRUE,FALSE
hair,Carrol D Band・Black,キャロルＤバンド・黒,1490,1490,TRUE,TRUE,TRUE,TRUE,FALSE
hair,Carrol D Band・Blue,キャロルＤバンド・青,1491,1491,TRUE,TRUE,TRUE,TRUE,FALSE
hair,Carrol D Band・White,キャロルＤバンド・白,1492,1492,TRUE,TRUE,TRUE,TRUE,FALSE
hair,Carrol D Band・Red,キャロルＤバンド・赤,1493,1493,TRUE,TRUE,TRUE,TRUE,FALSE
hair,Carrol D Band・Peach,キャロルＤバンド・桃,1726,1726,TRUE,TRUE,TRUE,TRUE,FALSE
hair,Gothic D Piercings,ゴシックＤピアス,0,0,TRUE,TRUE,TRUE,TRUE,FALSE
hair,Kirin D Horn,キリンＤホーン,100,100,TRUE,TRUE,TRUE,TRUE,TRUE
hair,Farunokku D Helm,ファルノＤヘルム,1175,1175,TRUE,TRUE,TRUE,TRUE,TRUE
hair,Farunokku D Cap,ファルノＤキャップ,1176,1176,TRUE,TRUE,TRUE,TRUE,TRUE
hair,Pokara D Helm,ポカラＤヘルム,1179,1179,TRUE,TRUE,TRUE,TRUE,TRUE
hair,Pokara D Cap,ポカラＤキャップ,1180,1180,TRUE,TRUE,TRUE,TRUE,TRUE
hair,Genesis D【五線譜】,創音奏Ｄ【五線譜】,1654,1654,TRUE,TRUE,TRUE,TRUE,TRUE
hair,Motion D【五線譜】,音紡奏Ｄ【五線譜】,1655,1655,TRUE,TRUE,TRUE,TRUE,TRUE
hair,Lightning D Kabuto,照雷Ｄ【兜】,1802,1802,TRUE,TRUE,TRUE,TRUE,TRUE
hair,Thunder D Kabuto,明雷Ｄ【兜】,1803,1803,TRUE,TRUE,TRUE,TRUE,TRUE
hair,Toridcless D Helm,トリドＤヘルム,1760,1760,TRUE,TRUE,TRUE,TRUE,TRUE
hair,Toridcless D Cap,トリドＤキャップ,1761,1761,TRUE,TRUE,TRUE,TRUE,TRUE
hair,Guan D Head,グァンＤヘッド,1852,1852,TRUE,TRUE,TRUE,TRUE,TRUE
hair,Guan D Cap,グァンＤキャップ,1853,1853,TRUE,TRUE,TRUE,TRUE,TRUE
hair,Varusa D Helm,ヴァルＤヘルム,1656,1656,TRUE,TRUE,TRUE,TRUE,FALSE
hair,Varusa D Cap,ヴァルＤキャップ,1657,1657,TRUE,TRUE,TRUE,TRUE,FALSE
hair,Toa D Helm,トアＤヘルム,1875,1875,TRUE,TRUE,TRUE,TRUE,TRUE
hair,Toa D Cap,トアＤキャップ,1876,1876,TRUE,TRUE,TRUE,TRUE,TRUE
hair,Blitz D Horn,ブリッツＤホーン,792,792,TRUE,TRUE,TRUE,TRUE,TRUE
hair,Stroma D Helm,ストロマＤヘルム,1264,1264,TRUE,TRUE,TRUE,TRUE,TRUE
hair,Stroma D Cap,ストロマＤキャップ,1265,1265,TRUE,TRUE,TRUE,TRUE,TRUE
hair,Elegance D【趣】,雅深Ｄ【趣】,1637,1637,TRUE,TRUE,TRUE,TRUE,TRUE
hair,Grace D【趣】,雅淵Ｄ【趣】,1638,1638,TRUE,TRUE,TRUE,TRUE,TRUE
hair,Altera D Helm,アルテラＤヘルム,1336,1336,TRUE,TRUE,TRUE,TRUE,TRUE
hair,Altera D Cap,アルテラＤキャップ,1337,1337,TRUE,TRUE,TRUE,TRUE,TRUE
hair,Pobo D Helm,ポボルムＤヘルム,1652,1652,TRUE,TRUE,TRUE,TRUE,TRUE
hair,Pobo D Cap,ポボルムＤキャップ,1653,1653,TRUE,TRUE,TRUE,TRUE,TRUE
hair,Zinogre C Helm,ジンオウＣヘルム,1794,1794,TRUE,TRUE,TRUE,TRUE,TRUE
hair,Zinogre C Cap,ジンオウＣキャップ,1795,1795,TRUE,TRUE,TRUE,TRUE,TRUE
hair,Hornetaur UD Helm,タロスＵＤヘルム,149,149,TRUE,TRUE,TRUE,TRUE,TRUE
hair,Hornetaur UD Cap,タロスＵＤキャップ,150,150,TRUE,TRUE,TRUE,TRUE,TRUE
hair,Rathalos D Helm,レウスＤヘルム,21,21,TRUE,TRUE,TRUE,TRUE,TRUE
hair,Rathalos D Cap,レウスＤキャップ,22,22,TRUE,TRUE,TRUE,TRUE,TRUE
hair,Gogo D Helm,ゴゴＤヘルム,1030,1030,TRUE,TRUE,TRUE,TRUE,TRUE
hair,Gogo D Cap,ゴゴＤキャップ,1031,1031,TRUE,TRUE,TRUE,TRUE,TRUE
hair,Azul D Head,アスールＤヘッド,311,322,TRUE,TRUE,TRUE,TRUE,FALSE
hair,Azul D Wig,アスールＤウィッグ,312,323,TRUE,TRUE,TRUE,TRUE,FALSE
hair,Harvest D Head,ハーヴェストＤヘッド,542,553,TRUE,TRUE,TRUE,TRUE,FALSE
hair,Harvest D Piercings,ハーヴェストＤピアス,543,554,TRUE,TRUE,TRUE,TRUE,FALSE
hair,Melan D Head,メランＤヘッド,366,377,TRUE,TRUE,TRUE,TRUE,FALSE
hair,Melan D Wig,メランＤウィッグ,367,378,TRUE,TRUE,TRUE,TRUE,FALSE
hair,Diru D Head,ディールＤヘッド,602,613,TRUE,TRUE,TRUE,TRUE,FALSE
hair,Diru D Wig,ディールＤウィッグ,603,614,TRUE,TRUE,TRUE,TRUE,FALSE
hair,Tandress D Head,タンドレスＤヘッド,1194,1194,TRUE,TRUE,TRUE,TRUE,FALSE
hair,Tandress D Piercings,タンドレスＤピアス,1195,1195,TRUE,TRUE,TRUE,TRUE,FALSE
hair,Rance D Head,ランセＤヘッド,1733,1733,TRUE,TRUE,TRUE,TRUE,FALSE
hair,Rance D Wig,ランセＤウィッグ,1734,1734,TRUE,TRUE,TRUE,TRUE,FALSE
hair,Ganeto D Head,ガネトＤヘッド,1776,1776,TRUE,TRUE,TRUE,TRUE,FALSE
hair,Ganeto D Wig,ガネトＤウィッグ,1777,1777,TRUE,TRUE,TRUE,TRUE,FALSE
hair,Chiru D Head,チールＤヘッド,1735,1735,TRUE,TRUE,TRUE,TRUE,FALSE
hair,Chiru D Wig,チールＤウィッグ,1736,1736,TRUE,TRUE,TRUE,TRUE,FALSE
hair,Shiusu D Head,シウスＤヘッド,1837,1837,TRUE,TRUE,TRUE,TRUE,FALSE
hair,Shiusu D Wig,シウスＤウィッグ,1838,1838,TRUE,TRUE,TRUE,TRUE,FALSE
hair,Uruki Mask D,ウルキーフェイクＤ,1868,1868,TRUE,TRUE,TRUE,TRUE,FALSE
hair,Once D Helm・無,ワンスＤヘルム・無,1988,1988,TRUE,TRUE,TRUE,TRUE,FALSE
hair,Pale Sakura D Hachigane,淡桜Ｄ【鉢金】,754,754,TRUE,TRUE,TRUE,TRUE,FALSE
hair,Iris Piercings D,イーリスピアスＤ,0,0,TRUE,TRUE,TRUE,TRUE,FALSE
hair,Howla D Head,ハウラＤヘッド,1849,1849,TRUE,TRUE,TRUE,TRUE,FALSE
hair,Panse D Head,パンセＤヘッド,1967,1967,TRUE,TRUE,TRUE,TRUE,FALSE
hair,Marriage D Head,マリジュＤヘッド,1965,1965,TRUE,TRUE,TRUE,TRUE,FALSE
hair,Snow Miku D Head,雪ミクＤヘッド,0,1976,FALSE,TRUE,TRUE,TRUE,FALSE
hair,Miku D Head,ミクＤヘッド,1277,1277,TRUE,TRUE,TRUE,TRUE,FALSE
hair,Miku D Head・White,ミクＤヘッド・白,0,1385,FALSE,TRUE,TRUE,TRUE,FALSE
hair,Miku D Head・Yellow,ミクＤヘッド・黄,0,1386,FALSE,TRUE,TRUE,TRUE,FALSE
hair,Miku D Head・Black,ミクＤヘッド・黒,0,1387,FALSE,TRUE,TRUE,TRUE,FALSE
hair,Miku D Head・Brown,ミクＤヘッド・褐,0,1388,FALSE,TRUE,TRUE,TRUE,FALSE
hair,Wasou Cap D,和奏ノ帽Ｄ,1861,1861,TRUE,TRUE,TRUE,TRUE,FALSE
hair,Felyne D Head,アイルーＤヘッド,1906,1906,FALSE,TRUE,TRUE,TRUE,FALSE
hair,Brown D Head,チャトラＤヘッド,1907,1907,FALSE,TRUE,TRUE,TRUE,FALSE
hair,Monotone D Head,シロＤヘッド,1908,1908,FALSE,TRUE,TRUE,TRUE,FALSE
hair,Two-tone D Head,クロシロＤヘッド,1909,1909,FALSE,TRUE,TRUE,TRUE,FALSE
hair,Bistro D Cap,ビストロＤキャップ,203,203,TRUE,TRUE,TRUE,TRUE,FALSE
hair,Butterfly D Vertex,パピメルＤテスタ,0,258,FALSE,TRUE,TRUE,TRUE,FALSE
hair,Demon Lord ノ角D,鬼神ノ角Ｄ,443,454,TRUE,TRUE,TRUE,TRUE,FALSE
hair,Demon Tale ノ角D,鬼伝ノ角Ｄ,1848,1848,TRUE,TRUE,TRUE,TRUE,FALSE
hair,鬼凛ノ角D,鬼凛ノ角Ｄ,1920,1920,TRUE,TRUE,TRUE,TRUE,FALSE
hair,Empress C Sector,エンプレスＣセクター,180,180,TRUE,TRUE,TRUE,TRUE,TRUE
hair,Empress C Mask,エンプレスＣマスク,181,181,TRUE,TRUE,TRUE,TRUE,TRUE
hair,Kaiser C Crown,カイザーＣクラウン,178,178,TRUE,TRUE,TRUE,TRUE,TRUE
hair,Kaiser C Mask,カイザーＣマスク,179,179,TRUE,TRUE,TRUE,TRUE,TRUE
hair,Dragon D Head,ドラゴンＤヘッド,50,50,TRUE,TRUE,TRUE,TRUE,TRUE
hair,Dragon D Face,ドラゴンＤフェイス,51,51,TRUE,TRUE,TRUE,TRUE,TRUE
hair,Nargacuga C Helm,ナルガＣヘルム,1850,1850,TRUE,TRUE,TRUE,TRUE,TRUE
hair,Nargacuga C Cap,ナルガＣキャップ,1851,1851,TRUE,TRUE,TRUE,TRUE,TRUE
hair,Harudo D Helm,ハルドＤヘルム,1702,1702,TRUE,TRUE,TRUE,TRUE,TRUE
hair,Harudo D Cap,ハルドＤキャップ,1703,1703,TRUE,TRUE,TRUE,TRUE,TRUE
hair,Elegance D【趣】,雅孔Ｄ【趣】,1550,1550,TRUE,TRUE,TRUE,TRUE,TRUE
hair,Grace D【趣】,雅穿Ｄ【趣】,1551,1551,TRUE,TRUE,TRUE,TRUE,TRUE
hair,Meraginasu D Helm,メラギＤヘルム,1484,1484,TRUE,TRUE,TRUE,TRUE,TRUE
hair,Meraginasu D Cap,メラギＤキャップ,1485,1485,TRUE,TRUE,TRUE,TRUE,TRUE
hair,Hesyumu D Head,ヘシュムＤヘッド,1933,1933,TRUE,TRUE,TRUE,TRUE,FALSE
hair,Kasamie D Head,カサミエＤヘッド,1966,1966,TRUE,TRUE,TRUE,TRUE,FALSE
hair,Cielo D Head,シエロＤヘッド,1845,1845,TRUE,TRUE,TRUE,TRUE,FALSE
hair,Vichi D Head,ヴィーチＤヘッド,1790,1790,TRUE,TRUE,TRUE,TRUE,FALSE
hair,Rocbouquet D Head,ロックブーケＤヘッド,1938,1938,FALSE,TRUE,TRUE,TRUE,FALSE
hair,Claudia D Head,クローディアＤヘッド,1939,1939,FALSE,TRUE,TRUE,TRUE,FALSE
hair,Emil D Mask,エミールＤフェイク,1989,1989,TRUE,TRUE,TRUE,TRUE,FALSE
hair,Kinosu D Helm,キノスＤヘルム,457,468,TRUE,TRUE,TRUE,TRUE,FALSE
hair,Himeros D Helm,ヒメロスＤヘルム,458,469,TRUE,TRUE,TRUE,TRUE,FALSE
hair,Charien D Cap,カリエンＤキャップ,459,470,TRUE,TRUE,TRUE,TRUE,FALSE
hair,Arietta D Head,アリエッタＤヘッド,461,472,TRUE,TRUE,TRUE,TRUE,FALSE
hair,Craft D Head,クラフトＤヘッド,558,569,TRUE,TRUE,TRUE,TRUE,FALSE
hair,Shieri D Helm,シエリーＤヘルム,588,599,TRUE,TRUE,TRUE,TRUE,FALSE
hair,Pupen D Helm,プペンＤヘルム,741,741,TRUE,TRUE,TRUE,TRUE,FALSE
hair,Moss Cover D Helm,モスカバＤヘルム,742,742,TRUE,TRUE,TRUE,TRUE,FALSE
hair,Excelle D Helm,エクセレＤヘルム,740,740,TRUE,TRUE,TRUE,TRUE,FALSE
hair,Ordre D Helm,オルドルＤヘルム,1789,1789,TRUE,TRUE,TRUE,TRUE,FALSE
hair,Rath Duo D Helm,リオデュオＤヘルム,476,487,TRUE,TRUE,TRUE,TRUE,FALSE
hair,Atra D Helm,アトラＤヘルム,672,672,TRUE,TRUE,TRUE,TRUE,FALSE
hair,Madaru D Helm,マダルＤヘルム,1162,1162,TRUE,TRUE,TRUE,TRUE,FALSE
hair,Shasse D Helm,シャッセＤヘルム,733,733,TRUE,TRUE,TRUE,TRUE,FALSE
hair,Orchesis D Helm,オルケシスＤヘルム,1002,1002,TRUE,TRUE,TRUE,TRUE,FALSE
hair,Blize D Helm,ブリゼＤヘルム,1260,1260,TRUE,TRUE,TRUE,TRUE,FALSE
hair,Quoiz D Head,クオイズＤヘッド,1670,1670,TRUE,TRUE,TRUE,TRUE,FALSE
hair,Kalais D Head,カライスＤヘッド,1671,1671,TRUE,TRUE,TRUE,TRUE,FALSE
hair,Lucchese D Head,ルケーゼＤヘッド,1672,1672,TRUE,TRUE,TRUE,TRUE,FALSE
hair,Entora D Helm,エントラＤヘルム,1029,1029,TRUE,TRUE,TRUE,TRUE,TRUE
hair,Penre D Head,ペンレＤヘッド,1968,1968,TRUE,TRUE,TRUE,TRUE,FALSE
hair,Rokka D Helm,ロッカＤヘルム,1969,1969,TRUE,TRUE,TRUE,TRUE,FALSE
hair,YoRHa No.2 Type B D Head,ﾖﾙﾊ二号B型Ｄヘッド,1990,1990,FALSE,TRUE,TRUE,TRUE,FALSE
hair,トリートC Head,トリートＣヘッド,2083,2083,TRUE,TRUE,TRUE,TRUE,FALSE
hair,Craft C Head,クラフトＣヘッド,2084,2084,TRUE,TRUE,TRUE,TRUE,FALSE
hair,Cielo C Head,シエロＣヘッド,2085,2085,TRUE,TRUE,TRUE,TRUE,FALSE
hair,Felyne C Head,アイルーＣヘッド,2086,2086,TRUE,TRUE,TRUE,TRUE,FALSE
hair,Knight King Hair BM D Blue,騎士王の髪結：剣Ｄ青,0,1278,FALSE,TRUE,TRUE,TRUE,FALSE
hair,Knight King Hair BM D Red,騎士王の髪結：剣Ｄ赤,0,1279,FALSE,TRUE,TRUE,TRUE,FALSE
hair,Knight King Hair BM D Black,騎士王の髪結：剣Ｄ黒,0,1280,FALSE,TRUE,TRUE,TRUE,FALSE
hair,Knight King Hair BM D White,騎士王の髪結：剣Ｄ白,0,1281,FALSE,TRUE,TRUE,TRUE,FALSE
hair,Gorgon D Head・Black,ゴルゴンＤヘッド・黒,0,1476,FALSE,TRUE,TRUE,TRUE,FALSE
hair,Gorgon D Head・Blue,ゴルゴンＤヘッド・青,0,1478,FALSE,TRUE,TRUE,TRUE,FALSE
hair,Gorgon D Head・White,ゴルゴンＤヘッド・白,0,1479,FALSE,TRUE,TRUE,TRUE,FALSE
hair,Gorgon D Head・Red,ゴルゴンＤヘッド・赤,0,1480,FALSE,TRUE,TRUE,TRUE,FALSE
hair,Arben D Head,アーベンＤヘッド,1925,1925,TRUE,TRUE,TRUE,TRUE,FALSE
hair,Aura D Head,アウラＤヘッド,1846,1846,TRUE,TRUE,TRUE,TRUE,FALSE
hair,Gagachu D Piercings,ガガチュＤピアス,1831,1831,TRUE,TRUE,TRUE,TRUE,FALSE
hair,Kurofi D Head,クロフィＤヘッド,1910,1910,TRUE,TRUE,TRUE,TRUE,FALSE
hair,Keravuno D Head,ケラヴノＤヘッド,1791,1791,TRUE,TRUE,TRUE,TRUE,FALSE
hair,Espinas ZD Brain,エスピナZDゲヒル,1944,1944,TRUE,TRUE,TRUE,TRUE,TRUE
hair,Espinas ZD Soul,エスピナZDアゼレ,1945,1945,TRUE,TRUE,TRUE,TRUE,TRUE
hair,Hypnoc ZD Helm,ヒプノZDヘルム,1948,1948,TRUE,TRUE,TRUE,TRUE,TRUE
hair,Hypnoc ZD Cap,ヒプノZDキャップ,1949,1949,TRUE,TRUE,TRUE,TRUE,TRUE
hair,Khezu ZD Helm,フルフルZDヘルム,1952,1952,TRUE,TRUE,TRUE,TRUE,TRUE
hair,Khezu ZD Cap,フルフルZDキャップ,1953,1953,TRUE,TRUE,TRUE,TRUE,TRUE
hair,Hermitaur ZD Helm,ザザミZDヘルム,1954,1954,TRUE,TRUE,TRUE,TRUE,TRUE
hair,Hermitaur ZD Cap,ザザミZDキャップ,1955,1955,TRUE,TRUE,TRUE,TRUE,TRUE
hair,Rathalos ZD Helm,レウスZDヘルム,1950,1950,TRUE,TRUE,TRUE,TRUE,TRUE
hair,Rathalos ZD Cap,レウスZDキャップ,1951,1951,TRUE,TRUE,TRUE,TRUE,TRUE
hair,Blango ZD Helm,ブランゴZDヘルム,1956,1956,TRUE,TRUE,TRUE,TRUE,TRUE
hair,Blango ZD Cap,ブランゴZDキャップ,1957,1957,TRUE,TRUE,TRUE,TRUE,TRUE
hair,Vashimu ZD Helm,ヴァシムZDヘルム,1946,1946,TRUE,TRUE,TRUE,TRUE,TRUE
hair,Vashimu ZD Cap,ヴァシムZDキャップ,1947,1947,TRUE,TRUE,TRUE,TRUE,TRUE
hair,Tigrex ZD Helm,レックスZDヘルム,1958,1958,TRUE,TRUE,TRUE,TRUE,TRUE
hair,Tigrex ZD Cap,レックスZDキャップ,1959,1959,TRUE,TRUE,TRUE,TRUE,TRUE
hair,Hyujikiki ZD Helm,ヒュジZDヘルム,1977,1977,TRUE,TRUE,TRUE,TRUE,TRUE
hair,Hyujikiki ZD Cap,ヒュジZDキャップ,1978,1978,TRUE,TRUE,TRUE,TRUE,TRUE
hair,Gear ZD Helm,ギアZDヘルム,1981,1981,TRUE,TRUE,TRUE,TRUE,TRUE
hair,Gear ZD Cap,ギアZDキャップ,1982,1982,TRUE,TRUE,TRUE,TRUE,TRUE
hair,Muruta D Head,ムルタＤヘッド,1825,1825,TRUE,TRUE,TRUE,TRUE,FALSE
hair,Midogaron ZD Helm,ミドZDヘルム,1979,1979,TRUE,TRUE,TRUE,TRUE,TRUE
hair,Midogaron ZD Cap,ミドZDキャップ,1980,1980,TRUE,TRUE,TRUE,TRUE,TRUE
hair,White Fatalis D Head,祖龍Ｄヘッド,1710,1710,TRUE,TRUE,TRUE,TRUE,FALSE
hair,White Fatalis D Face,祖龍Ｄフェイス,1711,1711,TRUE,TRUE,TRUE,TRUE,FALSE
hair,Elzelion D Helm,エルゼＤヘルム,2090,2090,TRUE,TRUE,TRUE,TRUE,FALSE
hair,Elzelion D Cap,エルゼＤキャップ,2091,2091,TRUE,TRUE,TRUE,TRUE,FALSE
hair,Zakka D Helm,ザッカＤヘルム,1970,1970,TRUE,TRUE,TRUE,TRUE,FALSE
hair,十ノ軌跡C Helm,十ノ軌跡Ｃヘルム,2058,2058,TRUE,TRUE,TRUE,TRUE,FALSE
hair,十ノ至道C Cap,十ノ至道Ｃキャップ,2059,2059,TRUE,TRUE,TRUE,TRUE,FALSE
hair,Rantana D Helm,ランタナＤヘルム,2081,2081,TRUE,TRUE,TRUE,TRUE,FALSE
hair,Eris D Helm,エリスＤヘルム,2107,2107,TRUE,TRUE,TRUE,TRUE,FALSE
hair,Magisa D Head・Red,マギサＤヘッド・赤,376,387,TRUE,TRUE,TRUE,TRUE,FALSE
hair,Magisa D Head・Black,マギサＤヘッド・黒,389,400,TRUE,TRUE,TRUE,TRUE,FALSE
hair,Magisa D Head・Green,マギサＤヘッド・緑,378,389,TRUE,TRUE,TRUE,TRUE,FALSE
hair,Magisa D Head・White,マギサＤヘッド・白,379,390,TRUE,TRUE,TRUE,TRUE,FALSE
hair,Magisa D Head・Blue,マギサＤヘッド・青,377,388,TRUE,TRUE,TRUE,TRUE,FALSE
hair,Waka Cap D,和花ノ帽Ｄ,1860,1860,TRUE,TRUE,TRUE,TRUE,FALSE
hair,Shaln D Head・Blue,シャランＤヘッド・青,467,478,TRUE,TRUE,TRUE,TRUE,FALSE
hair,Shaln D Head・Green,シャランＤヘッド・緑,468,479,TRUE,TRUE,TRUE,TRUE,FALSE
hair,Shaln D Head・Purple,シャランＤヘッド・紫,469,480,TRUE,TRUE,TRUE,TRUE,FALSE
hair,Shaln D Head・White,シャランＤヘッド・白,470,481,TRUE,TRUE,TRUE,TRUE,FALSE
hair,Shaln D Head・Red,シャランＤヘッド・赤,471,482,TRUE,TRUE,TRUE,TRUE,FALSE
hair,Shaln D Head・Crimson,シャランＤヘッド・紅,541,552,TRUE,TRUE,TRUE,TRUE,FALSE
hair,Shaln D Head・Orange,シャランＤヘッド・橙,540,551,TRUE,TRUE,TRUE,TRUE,FALSE
hair,Carriage D Head,キャリッジＤヘッド,1520,1520,TRUE,TRUE,TRUE,TRUE,FALSE
hair,Marble D Head,マーブルＤヘッド,1522,1522,TRUE,TRUE,TRUE,TRUE,FALSE
hair,Shandy D Head,シャンディＤヘッド,1523,1523,TRUE,TRUE,TRUE,TRUE,FALSE
hair,Banquet D Head,バンケットＤヘッド,1521,1521,TRUE,TRUE,TRUE,TRUE,FALSE
hair,Korinyi D Band,コリニィＤバンド,2087,2087,TRUE,TRUE,TRUE,TRUE,FALSE
hair,Renka Headguard D,煉華ノ鉢金Ｄ,2108,2108,TRUE,TRUE,TRUE,TRUE,FALSE
hair,Barrel Cat D Helm・Gold,タルネコＤヘルム・金,1729,1729,TRUE,TRUE,TRUE,TRUE,FALSE
hair,Barrel Cat D Helm・Silver,タルネコＤヘルム・銀,1730,1730,TRUE,TRUE,TRUE,TRUE,FALSE
hair,Barrel Cat D Helm・Copper,タルネコＤヘルム・銅,1731,1731,TRUE,TRUE,TRUE,TRUE,FALSE
hair,Kukubo D Head,ククボＤヘッド,701,701,TRUE,TRUE,TRUE,TRUE,FALSE
hair,Kakabu D Head,カカブＤヘッド,1069,1069,TRUE,TRUE,TRUE,TRUE,FALSE
hair,Aruru D Head,アルルＤヘッド,1116,1116,TRUE,TRUE,TRUE,TRUE,FALSE
hair,Red Cat D Mask,あかねこ服Ｄマスク,399,410,TRUE,TRUE,TRUE,TRUE,FALSE
hair,Rios D Helm,ライオスＤヘルム,1681,1681,TRUE,TRUE,TRUE,TRUE,FALSE
hair,Bonito D Helm,ボニトＤヘルム,1682,1682,TRUE,TRUE,TRUE,TRUE,FALSE
hair,Meirida D Helm,メイリダＤヘルム,1737,1737,TRUE,TRUE,TRUE,TRUE,FALSE
hair,Miniomu D Helm,ミニオムＤヘルム,1775,1775,TRUE,TRUE,TRUE,TRUE,FALSE
hair,Harimeno D Helm,ハリメノＤヘルム,1836,1836,TRUE,TRUE,TRUE,TRUE,FALSE
hair,Deliver D Helm,デリヴＤヘルム,1251,1251,TRUE,TRUE,TRUE,TRUE,FALSE
hair,Asaku D Helm,アサークＤヘルム,1252,1252,TRUE,TRUE,TRUE,TRUE,FALSE
hair,Desordre D Helm,デゾルトＤヘルム,1253,1253,TRUE,TRUE,TRUE,TRUE,FALSE
hair,Haragan D Helm,ハラガンＤヘルム,1679,1679,TRUE,TRUE,TRUE,TRUE,FALSE
hair,Abuyado D Helm,アブヤドＤヘルム,1680,1680,TRUE,TRUE,TRUE,TRUE,FALSE
hair,Rukodiora ZD Helm,ルコZDヘルム,2092,2092,TRUE,TRUE,TRUE,TRUE,TRUE
hair,Rukodiora ZD Cap,ルコZDキャップ,2093,2093,TRUE,TRUE,TRUE,TRUE,TRUE
hair,Plesioth ZD Helm,ガノZDヘルム,2094,2094,TRUE,TRUE,TRUE,TRUE,TRUE
hair,Plesioth ZD Cap,ガノZDキャップ,2095,2095,TRUE,TRUE,TRUE,TRUE,TRUE
hair,Sharufu D Helm,シャルフＤヘルム,1984,1984,TRUE,TRUE,TRUE,TRUE,FALSE
hair,Kamara D Helm,カマラＤヘルム,2082,2082,TRUE,TRUE,TRUE,TRUE,FALSE
hair,Liebre D Helm,リエブレＤヘルム,2099,2099,TRUE,TRUE,TRUE,TRUE,FALSE
hair,Korinyi C Band,コリニィＣバンド,2098,2098,TRUE,TRUE,TRUE,TRUE,FALSE
hair,Ruche D Helm,ルーチェＤヘルム,2105,2105,TRUE,TRUE,TRUE,TRUE,FALSE
hair,Strength D Head,ストレングスＤヘッド,239,250,TRUE,TRUE,TRUE,TRUE,FALSE
hair,Rage D Helm,レイジＤヘルム,611,622,TRUE,TRUE,TRUE,TRUE,FALSE
hair,Rampage D Helm,ランページＤヘルム,612,623,TRUE,TRUE,TRUE,TRUE,FALSE
hair,Blaze D Helm,ブレイズＤヘルム,613,624,TRUE,TRUE,TRUE,TRUE,FALSE
hair,Espi D Mask・Green,エスピＤマスク・緑,266,277,TRUE,TRUE,TRUE,TRUE,FALSE
hair,Espi D Mask・Tea,エスピＤマスク・茶,615,626,TRUE,TRUE,TRUE,TRUE,FALSE
hair,Espi D Mask・White,エスピＤマスク・白,616,627,TRUE,TRUE,TRUE,TRUE,FALSE
hair,Poogie D Crown,プーギーＤクラウン,1022,1022,TRUE,TRUE,TRUE,TRUE,FALSE
hair,Mandora D Helm,マンドラＤヘルム,1024,1024,TRUE,TRUE,TRUE,TRUE,FALSE
hair,Aonoko D Helm,アオノコＤヘルム,1023,1023,TRUE,TRUE,TRUE,TRUE,FALSE
hair,Gauss D Helm,ガウスＤヘルム,1130,1130,TRUE,TRUE,TRUE,TRUE,FALSE
hair,Weber D Helm,ウェーバＤヘルム,1131,1131,TRUE,TRUE,TRUE,TRUE,FALSE
hair,Gilbert D Helm,ギルバートＤヘルム,1132,1132,TRUE,TRUE,TRUE,TRUE,FALSE
hair,Zuibei D Brain,ズィベイＤゲヒル,1510,1510,TRUE,TRUE,TRUE,TRUE,FALSE
hair,Chiarim D Head,チアリムＤヘッド,1864,1864,TRUE,TRUE,TRUE,TRUE,FALSE
hair,Scholar C Hood,スカラーＣフード,0,1842,FALSE,TRUE,TRUE,TRUE,FALSE
hair,Rhopessa C Vertex,ファルメルＣテスタ,0,1816,FALSE,TRUE,TRUE,TRUE,FALSE
hair,Yukumo Kasa C・Heaven,ユクモノカサＣ・天,1804,1804,TRUE,TRUE,TRUE,TRUE,FALSE
hair,White 蘭・Kensei D Helm,白蘭・剣聖Ｄヘルム,1564,1564,TRUE,TRUE,TRUE,TRUE,FALSE
hair,White 蘭・双龍D Helm,白蘭・双龍Ｄヘルム,1570,1570,TRUE,TRUE,TRUE,TRUE,FALSE
hair,White 蘭・Blade 王D Helm,白蘭・剣王Ｄヘルム,1576,1576,TRUE,TRUE,TRUE,TRUE,FALSE
hair,White 蘭・刀神D Helm,白蘭・刀神Ｄヘルム,1582,1582,TRUE,TRUE,TRUE,TRUE,FALSE
hair,White 蘭・鈍器獣D Helm,白蘭・鈍器獣Ｄヘルム,1600,1600,TRUE,TRUE,TRUE,TRUE,FALSE
hair,White 蘭・奏帝D Helm,白蘭・奏帝Ｄヘルム,1606,1606,TRUE,TRUE,TRUE,TRUE,FALSE
hair,White 蘭・Heaven 槍D Helm,白蘭・天槍Ｄヘルム,1588,1588,TRUE,TRUE,TRUE,TRUE,FALSE
hair,White 蘭・砲皇D Helm,白蘭・砲皇Ｄヘルム,1594,1594,TRUE,TRUE,TRUE,TRUE,FALSE
hair,White 蘭・銃傑D Mask,白蘭・銃傑Ｄマスク,1612,1612,TRUE,TRUE,TRUE,TRUE,FALSE
hair,White 蘭・銃仙D Mask,白蘭・銃仙Ｄマスク,1618,1618,TRUE,TRUE,TRUE,TRUE,FALSE
hair,White 蘭・Bow 鬼D Mask,白蘭・弓鬼Ｄマスク,1624,1624,TRUE,TRUE,TRUE,TRUE,FALSE
hair,White 蘭・穿凰D Helm,白蘭・穿凰Ｄヘルム,1630,1630,TRUE,TRUE,TRUE,TRUE,FALSE
hair,White 蘭・斬将D Helm,白蘭・斬将Ｄヘルム,1895,1895,TRUE,TRUE,TRUE,TRUE,FALSE
hair,Crimson 霞・Kensei D Helm,紅霞・剣聖Ｄヘルム,1565,1565,TRUE,TRUE,TRUE,TRUE,FALSE
hair,Crimson 霞・双龍D Helm,紅霞・双龍Ｄヘルム,1571,1571,TRUE,TRUE,TRUE,TRUE,FALSE
hair,Crimson 霞・Blade 王D Helm,紅霞・剣王Ｄヘルム,1577,1577,TRUE,TRUE,TRUE,TRUE,FALSE
hair,Crimson 霞・刀神D Helm,紅霞・刀神Ｄヘルム,1583,1583,TRUE,TRUE,TRUE,TRUE,FALSE
hair,Crimson 霞・鈍器獣D Helm,紅霞・鈍器獣Ｄヘルム,1601,1601,TRUE,TRUE,TRUE,TRUE,FALSE
hair,Crimson 霞・奏帝D Helm,紅霞・奏帝Ｄヘルム,1607,1607,TRUE,TRUE,TRUE,TRUE,FALSE
hair,Crimson 霞・Heaven 槍D Helm,紅霞・天槍Ｄヘルム,1589,1589,TRUE,TRUE,TRUE,TRUE,FALSE
hair,Crimson 霞・砲皇D Helm,紅霞・砲皇Ｄヘルム,1595,1595,TRUE,TRUE,TRUE,TRUE,FALSE
hair,Crimson 霞・銃傑D Mask,紅霞・銃傑Ｄマスク,1613,1613,TRUE,TRUE,TRUE,TRUE,FALSE
hair,Crimson 霞・銃仙D Mask,紅霞・銃仙Ｄマスク,1619,1619,TRUE,TRUE,TRUE,TRUE,FALSE
hair,Crimson 霞・Bow 鬼D Mask,紅霞・弓鬼Ｄマスク,1625,1625,TRUE,TRUE,TRUE,TRUE,FALSE
hair,Crimson 霞・穿凰D Helm,紅霞・穿凰Ｄヘルム,1631,1631,TRUE,TRUE,TRUE,TRUE,FALSE
hair,Crimson 霞・斬将D Helm,紅霞・斬将Ｄヘルム,1896,1896,TRUE,TRUE,TRUE,TRUE,FALSE
hair,Demonclad ノ角D,鬼穿ノ角Ｄ,1974,1974,TRUE,TRUE,TRUE,TRUE,FALSE
hair,Tangusu D Head,タングスＤヘッド,1160,1160,TRUE,TRUE,TRUE,TRUE,FALSE
hair,Disu D Helm,ディスＤヘルム,1187,1187,TRUE,TRUE,TRUE,TRUE,FALSE
hair,Disu D Cap,ディスＤキャップ,1188,1188,TRUE,TRUE,TRUE,TRUE,FALSE
hair,Lils D Head,リルスＤヘッド,790,790,TRUE,TRUE,TRUE,TRUE,TRUE
hair,Lils D Cap,リルスＤキャップ,791,791,TRUE,TRUE,TRUE,TRUE,TRUE
hair,Dragon SC Head,ドラゴンSCヘッド,144,144,TRUE,TRUE,TRUE,TRUE,TRUE
hair,Dragon SC Face,ドラゴンSCフェイス,145,145,TRUE,TRUE,TRUE,TRUE,TRUE
hair,Dragon GD Head,ドラゴンGDヘッド,1537,1537,TRUE,TRUE,TRUE,TRUE,TRUE
hair,Dragon GD Face,ドラゴンGDフェイス,1538,1538,TRUE,TRUE,TRUE,TRUE,TRUE
hair,Vulcan D Head,バルカンＤヘッド,67,67,TRUE,TRUE,TRUE,TRUE,TRUE
hair,Vulcan D Face,バルカンＤフェイス,68,68,TRUE,TRUE,TRUE,TRUE,TRUE
hair,Vulcan GD Head,バルカンGDヘッド,1539,1539,TRUE,TRUE,TRUE,TRUE,TRUE
hair,Vulcan GD Face,バルカンGDフェイス,1540,1540,TRUE,TRUE,TRUE,TRUE,TRUE
hair,Garnet D Helm,ガーネットＤヘルム,658,658,TRUE,TRUE,TRUE,TRUE,TRUE
hair,Amethyst D Helm,アメジストＤヘルム,659,659,TRUE,TRUE,TRUE,TRUE,TRUE
hair,Coral D Helm,コーラルＤヘルム,660,660,TRUE,TRUE,TRUE,TRUE,TRUE
hair,Quartz D Helm,クォーツＤヘルム,661,661,TRUE,TRUE,TRUE,TRUE,TRUE
hair,Emerald D Helm,エメラルドＤヘルム,664,664,TRUE,TRUE,TRUE,TRUE,TRUE
hair,Pearl D Helm,パールＤヘルム,665,665,TRUE,TRUE,TRUE,TRUE,TRUE
hair,Ruby D Helm,ルビーＤヘルム,662,662,TRUE,TRUE,TRUE,TRUE,TRUE
hair,Sapphire D Helm,サファイアＤヘルム,663,663,TRUE,TRUE,TRUE,TRUE,TRUE
hair,Topaz D Cap,トパーズＤキャップ,666,666,TRUE,TRUE,TRUE,TRUE,TRUE
hair,Tourmaline D Cap,トルマリンＤキャップ,667,667,TRUE,TRUE,TRUE,TRUE,TRUE
hair,Lapis D Cap,ラピスＤキャップ,668,668,TRUE,TRUE,TRUE,TRUE,TRUE
hair,Hisui D Helm,ヒスイＤヘルム,1541,1541,TRUE,TRUE,TRUE,TRUE,TRUE
hair,Onyx D Helm,オニキスＤヘルム,1889,1889,TRUE,TRUE,TRUE,TRUE,TRUE
hair,ブルファンD Mask,ブルファンＤフェイク,58,58,TRUE,TRUE,TRUE,TRUE,TRUE
hair,Garuga D Mask,ガルルガＤフェイク,171,171,TRUE,TRUE,TRUE,TRUE,TRUE
hair,Veloci Mask D,ランポスフェイクＤ,55,55,TRUE,TRUE,TRUE,TRUE,TRUE
hair,Gen Mask D,ゲネポスフェイクＤ,163,163,TRUE,TRUE,TRUE,TRUE,TRUE
hair,Io Mask D,イーオスフェイクＤ,164,164,TRUE,TRUE,TRUE,TRUE,TRUE
hair,Gia Mask D,ギアノスフェイクＤ,210,210,TRUE,TRUE,TRUE,TRUE,TRUE
hair,Mosswine Mask D,モスフェイクＤ,56,57,TRUE,TRUE,TRUE,TRUE,TRUE
hair,Remobra Mask D,ガブラスフェイクＤ,211,211,TRUE,TRUE,TRUE,TRUE,TRUE
hair,Battle Cap PD Blue,バトルキャップPD青,282,293,TRUE,TRUE,TRUE,TRUE,TRUE
hair,Battle Cap PD Yellow,バトルキャップPD黄,284,295,TRUE,TRUE,TRUE,TRUE,TRUE
hair,Battle Cap PD Purple,バトルキャップPD紫,286,297,TRUE,TRUE,TRUE,TRUE,TRUE
hair,Rathian Helm PD Blue,レイアヘルムPD青,299,310,TRUE,TRUE,TRUE,TRUE,TRUE
hair,Rathian Helm PD Red,レイアヘルムPD赤,301,312,TRUE,TRUE,TRUE,TRUE,TRUE
hair,Rathian Helm PD Black,レイアヘルムPD黒,303,314,TRUE,TRUE,TRUE,TRUE,TRUE
hair,Khezu Helm PD Blue,フルフルヘルムPD青,305,316,TRUE,TRUE,TRUE,TRUE,TRUE
hair,Khezu Helm PD Green,フルフルヘルムPD緑,307,318,TRUE,TRUE,TRUE,TRUE,TRUE
hair,Khezu Helm PD Black,フルフルヘルムPD黒,309,320,TRUE,TRUE,TRUE,TRUE,TRUE
hair,Espinas Helm PD Red,エスピナヘルムPD赤,313,324,TRUE,TRUE,TRUE,TRUE,TRUE
hair,Espinas Helm PD Blue,エスピナヘルムPD青,315,326,TRUE,TRUE,TRUE,TRUE,TRUE
hair,Espinas Helm PD Yellow,エスピナヘルムPD黄,317,328,TRUE,TRUE,TRUE,TRUE,TRUE
hair,Healer Glasses PD Blue,ヒーラーグラスPD青,0,298,FALSE,TRUE,TRUE,TRUE,TRUE
hair,Healer Glasses PD White,ヒーラーグラスPD白,0,300,FALSE,TRUE,TRUE,TRUE,TRUE
hair,Healer Glasses PD Yellow,ヒーラーグラスPD黄,0,302,FALSE,TRUE,TRUE,TRUE,TRUE
hair,Shourou [Heaven 頭】D,ショウロウ【天頭】Ｄ,1181,1181,TRUE,TRUE,TRUE,TRUE,TRUE
hair,Mitama [Heaven 頭】D,ミタマ【天頭】Ｄ,1182,1182,TRUE,TRUE,TRUE,TRUE,TRUE
hair,Burning Cliff D Kabuto,焔嶽Ｄ【兜】,1942,1942,TRUE,TRUE,TRUE,TRUE,TRUE
hair,Crimson Cliff D Kabuto,緋嶽Ｄ【兜】,1943,1943,TRUE,TRUE,TRUE,TRUE,TRUE
hair,Ledia D Head,ルディアＤヘッド,564,575,TRUE,TRUE,TRUE,TRUE,FALSE
hair,White Snake Headguard D,白蛇ノ鉢金Ｄ,749,749,TRUE,TRUE,TRUE,TRUE,FALSE
hair,Black Tiger Headguard D,黒虎ノ鉢金Ｄ,748,748,TRUE,TRUE,TRUE,TRUE,FALSE
hair,Crushing Fog D Hachigane,崩霧Ｄ【鉢金】,750,750,TRUE,TRUE,TRUE,TRUE,FALSE
hair,Valued Word Headguard D,納言ノ鉢金Ｄ,752,752,TRUE,TRUE,TRUE,TRUE,FALSE
hair,Blue Sky Headguard D,蒼空ノ鉢金Ｄ,746,746,TRUE,TRUE,TRUE,TRUE,FALSE
hair,Noon Glow Headguard D,夕焼ノ鉢金Ｄ,747,747,TRUE,TRUE,TRUE,TRUE,FALSE
hair,Kosho D Hachigane,紅昇Ｄ【鉢金】,1740,1740,TRUE,TRUE,TRUE,TRUE,FALSE
hair,True Shadow Headguard D,絶影ノ鉢金Ｄ,751,751,TRUE,TRUE,TRUE,TRUE,FALSE
hair,Felyne D Mask,アイルーＤフェイク,201,201,TRUE,TRUE,TRUE,TRUE,FALSE
hair,Furogada D Head,フロガダＤヘッド,1732,1732,TRUE,TRUE,TRUE,TRUE,TRUE
hair,Lars D Head,ラースＤヘッド,1224,1224,TRUE,TRUE,TRUE,TRUE,FALSE
hair,Donru D Helm,ドゥンルＤヘルム,2078,2078,TRUE,TRUE,TRUE,TRUE,FALSE
hair,Inagami ZD Helm,イナガミZDヘルム,2113,2113,TRUE,TRUE,TRUE,TRUE,TRUE
hair,Barioth C Helm,ベリオＣヘルム,1812,1812,TRUE,TRUE,TRUE,TRUE,TRUE
hair,Barioth C Cap,ベリオＣキャップ,1813,1813,TRUE,TRUE,TRUE,TRUE,TRUE
hair,Brachy C Helm,ブラキＣヘルム,1798,1798,TRUE,TRUE,TRUE,TRUE,TRUE
hair,Brachy C Cap,ブラキＣキャップ,1799,1799,TRUE,TRUE,TRUE,TRUE,TRUE
hair,Uragaan C Helm,ガンキンＣヘルム,1814,1814,TRUE,TRUE,TRUE,TRUE,TRUE
hair,Uragaan C Cap,ガンキンＣキャップ,1815,1815,TRUE,TRUE,TRUE,TRUE,TRUE
hair,Stygian C Helm,獄狼Ｃヘルム,1914,1914,TRUE,TRUE,TRUE,TRUE,TRUE
hair,Stygian C Cap,獄狼Ｃキャップ,1915,1915,TRUE,TRUE,TRUE,TRUE,TRUE
hair,Gore C Helm,ゴアＣヘルム,1926,1926,TRUE,TRUE,TRUE,TRUE,TRUE
hair,Gore C Cap,ゴアＣキャップ,1927,1927,TRUE,TRUE,TRUE,TRUE,TRUE
hair,Vangis C Helm,バンギスＣヘルム,1796,1796,TRUE,TRUE,TRUE,TRUE,TRUE
hair,Vangis C Cap,バンギスＣキャップ,1797,1797,TRUE,TRUE,TRUE,TRUE,TRUE
hair,Shagaru C Helm,シャガルＣヘルム,1986,1986,TRUE,TRUE,TRUE,TRUE,TRUE
hair,Shagaru C Cap,シャガルＣキャップ,1987,1987,TRUE,TRUE,TRUE,TRUE,TRUE
hair,Inagami ZD Cap,イナガミZDキャップ,2114,2114,TRUE,TRUE,TRUE,TRUE,TRUE
hair,Tempest C [Crown 】,荒天Ｃ【冠】,2111,2111,TRUE,TRUE,TRUE,TRUE,TRUE
hair,Welkin C [Crown 】,蒼天Ｃ【冠】,2112,2112,TRUE,TRUE,TRUE,TRUE,TRUE
hair,Levin D Helm,レビンＤヘルム,2106,2106,TRUE,TRUE,TRUE,TRUE,FALSE
hair,Rose Ball Gown D・Hairtie,薔薇の舞踏服Ｄ・髪結,2132,2132,FALSE,TRUE,TRUE,TRUE,FALSE
hair,Shui D Helm,シュイＤヘルム,2121,2121,TRUE,TRUE,TRUE,TRUE,FALSE
hair,AB Layer D BM Head Red,ABレイヤーＤ頭：剣赤,0,1746,FALSE,TRUE,TRUE,TRUE,FALSE
hair,AB Layer D BM Head Blue,ABレイヤーＤ頭：剣青,0,1747,FALSE,TRUE,TRUE,TRUE,FALSE
hair,AB Layer D BM Head Black,ABレイヤーＤ頭：剣黒,0,1748,FALSE,TRUE,TRUE,TRUE,FALSE
hair,AB Layer D BM Head White,ABレイヤーＤ頭：剣白,0,1749,FALSE,TRUE,TRUE,TRUE,FALSE
hair,Ruban D Band,リュバンＤバンド,0,1687,FALSE,TRUE,TRUE,TRUE,FALSE
hair,Orloj D Band,オルロジュＤバンド,0,1688,FALSE,TRUE,TRUE,TRUE,FALSE
hair,Bright D Helm,ブライトＤヘルム,1215,1215,TRUE,TRUE,TRUE,TRUE,FALSE
hair,Juari D Helm,ジュアリＤヘルム,1216,1216,TRUE,TRUE,TRUE,TRUE,FALSE
hair,Tinku D Helm,ティンクＤヘルム,1217,1217,TRUE,TRUE,TRUE,TRUE,FALSE
hair,Shatemu D Band,シャテムＤバンド,1301,1301,TRUE,TRUE,TRUE,TRUE,FALSE
hair,Hevria D Band,ヘヴリアＤバンド,1302,1302,TRUE,TRUE,TRUE,TRUE,FALSE
hair,Tiuru D Band,ティルルＤバンド,1303,1303,TRUE,TRUE,TRUE,TRUE,FALSE
hair,Kaila D Helm,カイラＤヘルム,1830,1830,TRUE,TRUE,TRUE,TRUE,FALSE
hair,Fonce D Helm,フォンセＤヘルム,2089,2089,TRUE,TRUE,TRUE,TRUE,FALSE
hair,Hypnoc ルータD Head,ヒプノルータＤヘッド,413,424,TRUE,TRUE,TRUE,TRUE,FALSE
hair,Hypnolia D Head,ヒプノリアＤヘッド,451,462,TRUE,TRUE,TRUE,TRUE,FALSE
hair,Es Quera D Head,エス・クェラＤヘッド,423,434,TRUE,TRUE,TRUE,TRUE,FALSE
hair,Ecole D Head,エコールＤヘッド,483,494,TRUE,TRUE,TRUE,TRUE,FALSE
hair,Guns D Head,ガンズＤヘッド,442,453,TRUE,TRUE,TRUE,TRUE,FALSE
hair,Agria D Head,アグリアＤヘッド,501,512,TRUE,TRUE,TRUE,TRUE,FALSE
hair,Fauve D Head,フォーヴＤヘッド,502,513,TRUE,TRUE,TRUE,TRUE,FALSE
hair,ティーアD Head,ティーアＤヘッド,544,555,TRUE,TRUE,TRUE,TRUE,FALSE
hair,Muse D Head,ミューズＤヘッド,545,556,TRUE,TRUE,TRUE,TRUE,FALSE
hair,Dicto D Head,ディクトＤヘッド,585,596,TRUE,TRUE,TRUE,TRUE,FALSE
hair,Kruss D Head,クリュスＤヘッド,598,609,TRUE,TRUE,TRUE,TRUE,FALSE
hair,Starina D Head,スタリナＤヘッド,599,610,TRUE,TRUE,TRUE,TRUE,FALSE
hair,Loose D Head,ルースＤヘッド,601,612,TRUE,TRUE,TRUE,TRUE,FALSE
hair,Mirado D Head,ミラドＤヘッド,671,671,TRUE,TRUE,TRUE,TRUE,FALSE
hair,Deyuru D Helm,デュールＤヘルム,677,677,TRUE,TRUE,TRUE,TRUE,FALSE
hair,Robust D Glare,ロバストＤアンク,678,678,TRUE,TRUE,TRUE,TRUE,FALSE
hair,Falco D Helm,ファルコＤヘルム,706,706,TRUE,TRUE,TRUE,TRUE,FALSE
hair,Howx D Helm,ハウクスＤヘルム,743,743,TRUE,TRUE,TRUE,TRUE,FALSE
hair,Pirata D Head,ピラータＤヘッド,774,774,TRUE,TRUE,TRUE,TRUE,FALSE
hair,Zeroi D Head,ゼロイＤヘッド,1000,1000,TRUE,TRUE,TRUE,TRUE,FALSE
hair,Rail D Helm,レイルＤヘルム,1014,1014,TRUE,TRUE,TRUE,TRUE,FALSE
hair,Ridere D Helm,リーデレＤヘルム,1027,1027,TRUE,TRUE,TRUE,TRUE,FALSE
hair,Riot D Helm,リエットＤヘルム,1041,1041,TRUE,TRUE,TRUE,TRUE,FALSE
hair,Rutare D Helm,ルターレＤヘルム,1057,1057,TRUE,TRUE,TRUE,TRUE,FALSE
hair,Rolling Flow の Headguard・D,流転の鉢金・Ｄ,1071,1071,TRUE,TRUE,TRUE,TRUE,FALSE
hair,Rolling Sky の Headguard・D,嵐転の鉢金・Ｄ,1072,1072,TRUE,TRUE,TRUE,TRUE,FALSE
hair,Cubie D Helm,キュビィＤヘルム,1124,1124,TRUE,TRUE,TRUE,TRUE,FALSE
hair,Kemor D Helm,ケモルＤヘルム,1125,1125,TRUE,TRUE,TRUE,TRUE,FALSE
hair,Latria D Head,ラトリアＤヘッド,1153,1153,TRUE,TRUE,TRUE,TRUE,FALSE
hair,Kontao D Head,コンタオＤヘッド,1154,1154,TRUE,TRUE,TRUE,TRUE,FALSE
hair,Ukon D Head,オービスＤヘッド,1203,1203,TRUE,TRUE,TRUE,TRUE,FALSE
hair,ロットD Head,ロットＤヘッド,1204,1204,TRUE,TRUE,TRUE,TRUE,FALSE
hair,Shoko D Head,ウーコンＤヘッド,1249,1249,TRUE,TRUE,TRUE,TRUE,FALSE
hair,Nimbus D Head,ニンバスＤヘッド,1250,1250,TRUE,TRUE,TRUE,TRUE,FALSE
hair,Moonlight Helm・D,月陽ノ兜・Ｄ,1304,1304,TRUE,TRUE,TRUE,TRUE,FALSE
hair,Dawnbreak Helm・D,曙光ノ兜・Ｄ,1305,1305,TRUE,TRUE,TRUE,TRUE,FALSE
hair,Toridcless ZD Helm,トリドZDヘルム,2115,2115,TRUE,TRUE,TRUE,TRUE,TRUE
hair,Toridcless ZD Cap,トリドZDキャップ,2116,2116,TRUE,TRUE,TRUE,TRUE,TRUE
hair,Doragyurosu ZD Helm,ドラギュZDヘルム,2117,2117,TRUE,TRUE,TRUE,TRUE,TRUE
hair,Doragyurosu ZD Cap,ドラギュZDキャップ,2118,2118,TRUE,TRUE,TRUE,TRUE,TRUE
hair,Alfi D Head,アルフィＤヘッド,2119,2119,TRUE,TRUE,TRUE,TRUE,FALSE
hair,Kaifa D Helm,カイファＤヘルム,2122,2122,TRUE,TRUE,TRUE,TRUE,FALSE
hair,Straza D Head,ストラザＤヘッド,2123,2123,TRUE,TRUE,TRUE,TRUE,FALSE
hair,Renka Headguard C,煉華ノ鉢金Ｃ,2131,2131,TRUE,TRUE,TRUE,TRUE,FALSE
hair,Survey Corps D Head,調査兵団Ｄヘッド,1533,1533,TRUE,TRUE,TRUE,TRUE,FALSE
hair,Training Corps D Head,訓練兵団Ｄヘッド,1534,1534,TRUE,TRUE,TRUE,TRUE,FALSE
hair,Holy Maiden Armor D・Hairtie,救国の聖女服Ｄ・髪結,0,2134,FALSE,TRUE,TRUE,TRUE,FALSE
hair,Helm of Hidden Infidelity D,不貞隠しの兜Ｄ,0,2133,FALSE,TRUE,TRUE,TRUE,FALSE
hair,Dinato D Head,ディナトＤヘッド,1779,1779,TRUE,TRUE,TRUE,TRUE,FALSE
hair,Duque D Head,ドゥケＤヘッド,1780,1780,TRUE,TRUE,TRUE,TRUE,FALSE
hair,Granu D Head,グラヌＤヘッド,1781,1781,TRUE,TRUE,TRUE,TRUE,FALSE
hair,Chiyo Hairpiece D,千代ノ髪飾Ｄ,1821,1821,TRUE,TRUE,TRUE,TRUE,FALSE
hair,Rubellite D Helm,ルベライトＤヘルム,1133,1133,TRUE,TRUE,TRUE,TRUE,TRUE
hair,ラズライトD Helm,ラズライトＤヘルム,1134,1134,TRUE,TRUE,TRUE,TRUE,TRUE
hair,Zircon D Helm,ジルコンＤヘルム,1135,1135,TRUE,TRUE,TRUE,TRUE,TRUE
hair,Spinel D Helm,スピネルＤヘルム,1136,1136,TRUE,TRUE,TRUE,TRUE,TRUE
hair,Jade D Helm,ジェイドＤヘルム,1139,1139,TRUE,TRUE,TRUE,TRUE,TRUE
hair,Agate D Helm,アゲートＤヘルム,1140,1140,TRUE,TRUE,TRUE,TRUE,TRUE
hair,Pyrope D Helm,パイローブＤヘルム,1137,1137,TRUE,TRUE,TRUE,TRUE,TRUE
hair,アイオラD Helm,アイオラＤヘルム,1138,1138,TRUE,TRUE,TRUE,TRUE,TRUE
hair,Rutile D Helm,ルチルＤヘルム,1890,1890,TRUE,TRUE,TRUE,TRUE,TRUE
hair,Blood D Helm,ブラッドＤヘルム,1542,1542,TRUE,TRUE,TRUE,TRUE,TRUE
hair,Citrine D Cap,シトリンＤキャップ,1141,1141,TRUE,TRUE,TRUE,TRUE,TRUE
hair,Peridot D Cap,ペリドットＤキャップ,1142,1142,TRUE,TRUE,TRUE,TRUE,TRUE
hair,Turquoise D Cap,ターコイズＤキャップ,1143,1143,TRUE,TRUE,TRUE,TRUE,TRUE
hair,Mafumofu Hood PD Red,マフモフフードPD赤,293,304,TRUE,TRUE,TRUE,TRUE,FALSE
hair,Mafumofu Hood PD Yellow,マフモフフードPD黄,294,305,TRUE,TRUE,TRUE,TRUE,FALSE
hair,Mafumofu Hood PD Purple,マフモフフードPD紫,295,306,TRUE,TRUE,TRUE,TRUE,FALSE
hair,Basarios Cap PD Red,バサルキャップPD赤,288,299,TRUE,TRUE,TRUE,TRUE,TRUE
hair,Basarios Cap PD Black,バサルキャップPD黒,290,301,TRUE,TRUE,TRUE,TRUE,TRUE
hair,Basarios Cap PD Yellow,バサルキャップPD黄,292,303,TRUE,TRUE,TRUE,TRUE,TRUE
hair,Blango Helm PD Yellow,ブランゴヘルムPD黄,320,331,TRUE,TRUE,TRUE,TRUE,TRUE
hair,Blango Helm PD Blue,ブランゴヘルムPD青,321,332,TRUE,TRUE,TRUE,TRUE,TRUE
hair,Blango Helm PD Black,ブランゴヘルムPD黒,322,333,TRUE,TRUE,TRUE,TRUE,TRUE
hair,Golden Headdress PD White,金色ノ添髪PD白,323,334,TRUE,TRUE,TRUE,TRUE,TRUE
hair,Golden Headdress PD Purple,金色ノ添髪PD紫,324,335,TRUE,TRUE,TRUE,TRUE,TRUE
hair,Golden Headdress PD Green,金色ノ添髪PD緑,325,336,TRUE,TRUE,TRUE,TRUE,TRUE
hair,Gravios Cap PD Green,グラビドキャップPD緑,326,337,TRUE,TRUE,TRUE,TRUE,TRUE
hair,Gravios Cap PD Purple,グラビドキャップPD紫,327,338,TRUE,TRUE,TRUE,TRUE,TRUE
hair,Gravios Cap PD Red,グラビドキャップPD赤,328,339,TRUE,TRUE,TRUE,TRUE,TRUE
hair,High Metal Helm PD Black,ハイメタヘルムPD黒,342,353,TRUE,TRUE,TRUE,TRUE,TRUE
hair,High Metal Helm PD Blue,ハイメタヘルムPD青,340,351,TRUE,TRUE,TRUE,TRUE,TRUE
hair,High Metal Helm PD Yellow,ハイメタヘルムPD黄,341,352,TRUE,TRUE,TRUE,TRUE,TRUE
hair,S・Sol Helm PD Red,Ｓ・ソルヘルムPD赤,343,354,TRUE,TRUE,TRUE,TRUE,TRUE
hair,S・Sol Helm PD Purple,Ｓ・ソルヘルムPD紫,344,355,TRUE,TRUE,TRUE,TRUE,TRUE
hair,S・Sol Helm PD Black,Ｓ・ソルヘルムPD黒,345,356,TRUE,TRUE,TRUE,TRUE,TRUE
hair,Garuga Cap PD White,ガルルガキャップPD白,346,357,TRUE,TRUE,TRUE,TRUE,TRUE
hair,Garuga Cap PD Green,ガルルガキャップPD緑,347,358,TRUE,TRUE,TRUE,TRUE,TRUE
hair,Garuga Cap PD Red,ガルルガキャップPD赤,348,359,TRUE,TRUE,TRUE,TRUE,TRUE
hair,Hermitaur Helm PD Blue,ザザミヘルムPD青,406,417,TRUE,TRUE,TRUE,TRUE,TRUE
hair,Hermitaur Helm PD White,ザザミヘルムPD白,408,419,TRUE,TRUE,TRUE,TRUE,TRUE
hair,Hermitaur Helm PD Purple,ザザミヘルムPD紫,407,418,TRUE,TRUE,TRUE,TRUE,TRUE
hair,Kushala Glare PD Red,クシャナアンクPD赤,380,391,TRUE,TRUE,TRUE,TRUE,TRUE
hair,Kushala Glare PD Yellow,クシャナアンクPD黄,381,392,TRUE,TRUE,TRUE,TRUE,TRUE
hair,Kushala Glare PD Green,クシャナアンクPD緑,382,393,TRUE,TRUE,TRUE,TRUE,TRUE
hair,Kushala Snarl PD Red,クシャナスーラPD赤,386,397,TRUE,TRUE,TRUE,TRUE,TRUE
hair,Kushala Snarl PD Yellow,クシャナスーラPD黄,387,398,TRUE,TRUE,TRUE,TRUE,TRUE
hair,Kushala Snarl PD Green,クシャナスーラPD緑,388,399,TRUE,TRUE,TRUE,TRUE,TRUE
hair,Shinobi Mask・陽D,忍の面・陽Ｄ,59,59,TRUE,TRUE,TRUE,TRUE,FALSE
hair,Shinobi Mask・陰D,忍の面・陰Ｄ,60,60,TRUE,TRUE,TRUE,TRUE,FALSE
hair,Bonne D Helm,ボンネＤヘルム,2130,2130,TRUE,TRUE,TRUE,TRUE,FALSE
hair,Kalais D Cap,カライスＤキャップ,1674,1674,TRUE,TRUE,TRUE,TRUE,FALSE
hair,Lucchese D Cap,ルケーゼＤキャップ,1675,1675,TRUE,TRUE,TRUE,TRUE,FALSE
hair,Quoiz D Cap,クオイズＤキャップ,1673,1673,TRUE,TRUE,TRUE,TRUE,FALSE
hair,Nekodan D Head,ネコダンＤヘッド,1788,1788,TRUE,TRUE,TRUE,TRUE,FALSE
hair,Gudan D Head,グーダンＤヘッド,1912,1912,TRUE,TRUE,TRUE,TRUE,FALSE
hair,Saine D Helm,サイネＤヘルム,2120,2120,TRUE,TRUE,TRUE,TRUE,FALSE
hair,Wing D Head,ウイングＤヘッド,2124,2124,TRUE,TRUE,TRUE,TRUE,FALSE
hair,Gasura ZD Helm,ガスラZDヘルム,2135,2135,TRUE,TRUE,TRUE,TRUE,TRUE
hair,Gasura ZD Cap,ガスラZDキャップ,2136,2136,TRUE,TRUE,TRUE,TRUE,TRUE
hair,Seregios C Helm,レギオスＣヘルム,2139,2139,TRUE,TRUE,TRUE,TRUE,TRUE
hair,Seregios C Cap,レギオスＣキャップ,2140,2140,TRUE,TRUE,TRUE,TRUE,TRUE
hair,Pinbi D Head,ピンビＤヘッド,2158,2158,TRUE,TRUE,TRUE,TRUE,FALSE
hair,Pribu D Head,プリブＤヘッド,2159,2159,TRUE,TRUE,TRUE,TRUE,FALSE
hair,Nerihi Headguard D,煉緋ノ鉢金Ｄ,2164,2164,TRUE,TRUE,TRUE,TRUE,FALSE
hair,Urpina D Head,ウルピナＤヘッド,0,2166,FALSE,TRUE,TRUE,TRUE,FALSE
hair,Bune D Head,ビューネイＤヘッド,0,2167,FALSE,TRUE,TRUE,TRUE,FALSE
hair,Melas D Wig,メラースＤウィッグ,2180,2180,TRUE,TRUE,TRUE,TRUE,FALSE
hair,Byakko・Kensei D Helm,白虎・剣聖Ｄヘルム,1343,1343,TRUE,TRUE,TRUE,TRUE,TRUE
hair,Byakko・双龍D Helm,白虎・双龍Ｄヘルム,1347,1347,TRUE,TRUE,TRUE,TRUE,TRUE
hair,Byakko・Blade 王D Helm,白虎・剣王Ｄヘルム,1351,1351,TRUE,TRUE,TRUE,TRUE,TRUE
hair,Byakko・刀神D Helm,白虎・刀神Ｄヘルム,1355,1355,TRUE,TRUE,TRUE,TRUE,TRUE
hair,Byakko・Heaven 槍D Helm,白虎・天槍Ｄヘルム,1359,1359,TRUE,TRUE,TRUE,TRUE,TRUE
hair,Byakko・砲皇D Helm,白虎・砲皇Ｄヘルム,1363,1363,TRUE,TRUE,TRUE,TRUE,TRUE
hair,Byakko・鈍器獣D Helm,白虎・鈍器獣Ｄヘルム,1367,1367,TRUE,TRUE,TRUE,TRUE,TRUE
hair,Byakko・奏帝D Helm,白虎・奏帝Ｄヘルム,1371,1371,TRUE,TRUE,TRUE,TRUE,TRUE
hair,Byakko・穿凰D Helm,白虎・穿凰Ｄヘルム,1543,1543,TRUE,TRUE,TRUE,TRUE,TRUE
hair,Byakko・斬将D Helm,白虎・斬将Ｄヘルム,1891,1891,TRUE,TRUE,TRUE,TRUE,TRUE
hair,Byakko・銃傑D Mask,白虎・銃傑Ｄマスク,1375,1375,TRUE,TRUE,TRUE,TRUE,TRUE
hair,Byakko・銃仙D Mask,白虎・銃仙Ｄマスク,1379,1379,TRUE,TRUE,TRUE,TRUE,TRUE
hair,Byakko・Bow 鬼D Mask,白虎・弓鬼Ｄマスク,1383,1383,TRUE,TRUE,TRUE,TRUE,TRUE
hair,Kirin Horn PD Red,キリンホーンPD赤,383,394,TRUE,TRUE,TRUE,TRUE,TRUE
hair,Kirin Horn PD Purple,キリンホーンPD紫,384,395,TRUE,TRUE,TRUE,TRUE,TRUE
hair,Kirin Horn PD Black,キリンホーンPD黒,385,396,TRUE,TRUE,TRUE,TRUE,TRUE
hair,Kaiser Crown PD White,カイザークラウンPD白,401,412,TRUE,TRUE,TRUE,TRUE,TRUE
hair,Kaiser Mask PD White,カイザーマスクPD白,404,415,TRUE,TRUE,TRUE,TRUE,TRUE
hair,Kaiser Crown PD Black,カイザークラウンPD黒,400,411,TRUE,TRUE,TRUE,TRUE,TRUE
hair,Kaiser Mask PD Black,カイザーマスクPD黒,403,414,TRUE,TRUE,TRUE,TRUE,TRUE
hair,Kaiser Crown PD Green,カイザークラウンPD緑,402,413,TRUE,TRUE,TRUE,TRUE,TRUE
hair,Kaiser Mask PD Green,カイザーマスクPD緑,405,416,TRUE,TRUE,TRUE,TRUE,TRUE
hair,Mizuha [Cap 子】 PD Blue,ミヅハ【帽子】PD青,434,445,TRUE,TRUE,TRUE,TRUE,TRUE
hair,Mizuha [Cap 子】 PD Red,ミヅハ【帽子】PD赤,435,446,TRUE,TRUE,TRUE,TRUE,TRUE
hair,Mizuha [Cap 子】 PD Yellow,ミヅハ【帽子】PD黄,433,444,TRUE,TRUE,TRUE,TRUE,TRUE
hair,Toyotama [Cap 子】 PD Blue,トヨタマ【帽子】PD青,437,448,TRUE,TRUE,TRUE,TRUE,TRUE
hair,Toyotama [Cap 子】 PD Red,トヨタマ【帽子】PD赤,438,449,TRUE,TRUE,TRUE,TRUE,TRUE
hair,Toyotama [Cap 子】 PD Yellow,トヨタマ【帽子】PD黄,436,447,TRUE,TRUE,TRUE,TRUE,TRUE
hair,凛 Hachigane PD Black,凛【鉢金】PD黒,0,451,FALSE,TRUE,TRUE,TRUE,TRUE
hair,凛 Hachigane PD Purple,凛【鉢金】PD紫,0,450,FALSE,TRUE,TRUE,TRUE,TRUE
hair,凛 Hachigane PD White,凛【鉢金】PD白,0,452,FALSE,TRUE,TRUE,TRUE,TRUE
hair,Ceanataur Cap PD Red,ギザミキャップPD赤,484,495,TRUE,TRUE,TRUE,TRUE,TRUE
hair,Ceanataur Cap PD Black,ギザミキャップPD黒,485,496,TRUE,TRUE,TRUE,TRUE,TRUE
hair,Ceanataur Cap PD Yellow,ギザミキャップPD黄,486,497,TRUE,TRUE,TRUE,TRUE,TRUE
hair,Remobra Mask PD White,ガブラスフェイクPD白,490,501,TRUE,TRUE,TRUE,TRUE,TRUE
hair,Remobra Mask PD Yellow,ガブラスフェイクPD黄,491,502,TRUE,TRUE,TRUE,TRUE,TRUE
hair,Remobra Mask PD Black,ガブラスフェイクPD黒,492,503,TRUE,TRUE,TRUE,TRUE,TRUE
hair,Harze D Band,ハーゼＤバンド,1155,1155,TRUE,TRUE,TRUE,TRUE,FALSE
hair,Revenants D Brain,ルヴナンＤゲヒル,1511,1511,TRUE,TRUE,TRUE,TRUE,FALSE
hair,Kukubo D Cap,ククボＤキャップ,702,702,TRUE,TRUE,TRUE,TRUE,FALSE
hair,Kakabu D Cap,カカブＤキャップ,1070,1070,TRUE,TRUE,TRUE,TRUE,FALSE
hair,Aruru D Cap,アルルＤキャップ,1117,1117,TRUE,TRUE,TRUE,TRUE,FALSE
hair,Suzaku・Kensei D Helm,朱雀・剣聖Ｄヘルム,1342,1342,TRUE,TRUE,TRUE,TRUE,TRUE
hair,Suzaku・双龍D Helm,朱雀・双龍Ｄヘルム,1346,1346,TRUE,TRUE,TRUE,TRUE,TRUE
hair,Suzaku・Blade 王D Helm,朱雀・剣王Ｄヘルム,1350,1350,TRUE,TRUE,TRUE,TRUE,TRUE
hair,Suzaku・刀神D Helm,朱雀・刀神Ｄヘルム,1354,1354,TRUE,TRUE,TRUE,TRUE,TRUE
hair,Suzaku・Heaven 槍D Helm,朱雀・天槍Ｄヘルム,1358,1358,TRUE,TRUE,TRUE,TRUE,TRUE
hair,Suzaku・砲皇D Helm,朱雀・砲皇Ｄヘルム,1362,1362,TRUE,TRUE,TRUE,TRUE,TRUE
hair,Suzaku・鈍器獣D Helm,朱雀・鈍器獣Ｄヘルム,1366,1366,TRUE,TRUE,TRUE,TRUE,TRUE
hair,Suzaku・奏帝D Helm,朱雀・奏帝Ｄヘルム,1370,1370,TRUE,TRUE,TRUE,TRUE,TRUE
hair,Suzaku・穿凰D Helm,朱雀・穿凰Ｄヘルム,1544,1544,TRUE,TRUE,TRUE,TRUE,TRUE
hair,Suzaku・斬将D Helm,朱雀・斬将Ｄヘルム,1892,1892,TRUE,TRUE,TRUE,TRUE,TRUE
hair,Suzaku・銃傑D Mask,朱雀・銃傑Ｄマスク,1374,1374,TRUE,TRUE,TRUE,TRUE,TRUE
hair,Suzaku・銃仙D Mask,朱雀・銃仙Ｄマスク,1378,1378,TRUE,TRUE,TRUE,TRUE,TRUE
hair,Suzaku・Bow 鬼D Mask,朱雀・弓鬼Ｄマスク,1382,1382,TRUE,TRUE,TRUE,TRUE,TRUE
hair,PV Glasses PD Red,ＰＶグラスPD赤,0,498,FALSE,TRUE,TRUE,TRUE,TRUE
hair,PV Glasses PD Blue,ＰＶグラスPD青,0,499,FALSE,TRUE,TRUE,TRUE,TRUE
hair,PV Glasses PD Purple,ＰＶグラスPD紫,0,500,FALSE,TRUE,TRUE,TRUE,TRUE
hair,Empress Head PD Red,エンプレスヘッドPD赤,518,529,TRUE,TRUE,TRUE,TRUE,TRUE
hair,Empress Head PD Yellow,エンプレスヘッドPD黄,520,531,TRUE,TRUE,TRUE,TRUE,TRUE
hair,Empress Head PD Purple,エンプレスヘッドPD紫,522,533,TRUE,TRUE,TRUE,TRUE,TRUE
hair,Empress Mask PD Red,エンプレスマスクPD赤,519,530,TRUE,TRUE,TRUE,TRUE,TRUE
hair,Empress Mask PD Yellow,エンプレスマスクPD黄,521,532,TRUE,TRUE,TRUE,TRUE,TRUE
hair,Empress Mask PD Purple,エンプレスマスクPD紫,523,534,TRUE,TRUE,TRUE,TRUE,TRUE
hair,Vespoid Helm PD Yellow,ランゴヘルムPD黄,524,535,TRUE,TRUE,TRUE,TRUE,TRUE
hair,Vespoid Helm PD Black,ランゴヘルムPD黒,525,536,TRUE,TRUE,TRUE,TRUE,TRUE
hair,Vespoid Helm PD Blue,ランゴヘルムPD青,526,537,TRUE,TRUE,TRUE,TRUE,TRUE
hair,Death Stench Brain PD White,デスギアゲヒルPD白,549,560,TRUE,TRUE,TRUE,TRUE,TRUE
hair,Death Stench Brain PD Red,デスギアゲヒルPD赤,550,561,TRUE,TRUE,TRUE,TRUE,TRUE
hair,Death Stench Brain PD Blue,デスギアゲヒルPD青,551,562,TRUE,TRUE,TRUE,TRUE,TRUE
hair,Diablos Helm PD Purple,ディアブロヘルムPD紫,552,563,TRUE,TRUE,TRUE,TRUE,TRUE
hair,Diablos Helm PD Blue,ディアブロヘルムPD青,553,564,TRUE,TRUE,TRUE,TRUE,TRUE
hair,Diablos Helm PD Yellow,ディアブロヘルムPD黄,554,565,TRUE,TRUE,TRUE,TRUE,TRUE
hair,Makluva Hood PD Green,マカルパフードPD緑,555,566,TRUE,TRUE,TRUE,TRUE,TRUE
hair,Makluva Hood PD Blue,マカルパフードPD青,556,567,TRUE,TRUE,TRUE,TRUE,TRUE
hair,Makluva Hood PD Black,マカルパフードPD黒,557,568,TRUE,TRUE,TRUE,TRUE,TRUE
hair,Akantor Mask PD Black,アカムトサクパケPD黒,618,629,TRUE,TRUE,TRUE,TRUE,TRUE
hair,Akantor Mask PD Red,アカムトサクパケPD赤,619,630,TRUE,TRUE,TRUE,TRUE,TRUE
hair,Akantor Mask PD White,アカムトサクパケPD白,620,631,TRUE,TRUE,TRUE,TRUE,TRUE
hair,Akantor リクン PD Black,アカムトリクンPD黒,621,632,TRUE,TRUE,TRUE,TRUE,TRUE
hair,Akantor リクン PD Red,アカムトリクンPD赤,622,633,TRUE,TRUE,TRUE,TRUE,TRUE
hair,Akantor リクン PD White,アカムトリクンPD白,623,634,TRUE,TRUE,TRUE,TRUE,TRUE
hair,Gravios Helm PD Black,グラビドヘルムPD黒,624,635,TRUE,TRUE,TRUE,TRUE,TRUE
hair,Gravios Helm PD Blue,グラビドヘルムPD青,625,636,TRUE,TRUE,TRUE,TRUE,TRUE
hair,Gravios Helm PD Red,グラビドヘルムPD赤,626,637,TRUE,TRUE,TRUE,TRUE,TRUE
hair,Uruki D Festa,ウルキーＤフェスタ,2209,2209,TRUE,TRUE,TRUE,TRUE,TRUE
hair,Felyne D Festa,アイルーＤフェスタ,2210,2210,TRUE,TRUE,TRUE,TRUE,TRUE
hair,Melynx D Festa,メラルーＤフェスタ,2211,2211,TRUE,TRUE,TRUE,TRUE,TRUE
hair,Poogie D Festa,プーギーＤフェスタ,2212,2212,TRUE,TRUE,TRUE,TRUE,TRUE
hair,Espi D Festa,エスピＤフェスタ,2213,2213,TRUE,TRUE,TRUE,TRUE,TRUE
hair,Espi 亜D Festa,エスピ亜Ｄフェスタ,2214,2214,TRUE,TRUE,TRUE,TRUE,TRUE
hair,Espi 希D Festa,エスピ希Ｄフェスタ,2215,2215,TRUE,TRUE,TRUE,TRUE,TRUE
hair,Kamu D Festa,カムＤフェスタ,2216,2216,TRUE,TRUE,TRUE,TRUE,TRUE
hair,Nono D Festa,ノノＤフェスタ,2217,2217,TRUE,TRUE,TRUE,TRUE,TRUE
hair,Gogo モアD Festa,ゴゴモアＤフェスタ,2218,2218,TRUE,TRUE,TRUE,TRUE,TRUE
hair,Elzelion D Festa,エルゼＤフェスタ,2219,2219,TRUE,TRUE,TRUE,TRUE,TRUE
hair,Extreme Elzelion D Festa,極エルゼＤフェスタ,2220,2220,TRUE,TRUE,TRUE,TRUE,TRUE
hair,Duremudira D Festa,ドゥレムＤフェスタ,2221,2221,TRUE,TRUE,TRUE,TRUE,TRUE
hair,Gook D Festa,グークＤフェスタ,2222,2222,TRUE,TRUE,TRUE,TRUE,TRUE
hair,Sharuru D Helm,シャルルＤヘルム,1985,1985,TRUE,TRUE,TRUE,TRUE,FALSE
hair,Neriotori Headguard D,煉鳳ノ鉢金Ｄ,2109,2109,TRUE,TRUE,TRUE,TRUE,FALSE
hair,Anorupatisu ZD Helm,アノルZDヘルム,2137,2137,TRUE,TRUE,TRUE,TRUE,TRUE
hair,Anorupatisu ZD Cap,アノルZDキャップ,2138,2138,TRUE,TRUE,TRUE,TRUE,TRUE
hair,Dylan D Head,ディランＤヘッド,2160,2160,TRUE,TRUE,TRUE,TRUE,FALSE
hair,Dibble D Head,ディブルＤヘッド,2161,2161,TRUE,TRUE,TRUE,TRUE,FALSE
hair,Fins D Head,フィンスＤヘッド,2162,2162,TRUE,TRUE,TRUE,TRUE,FALSE
hair,Dins D Head,ディンスＤヘッド,2163,2163,TRUE,TRUE,TRUE,TRUE,FALSE
hair,Charis D Helm,カリスＤヘルム,2172,2172,TRUE,TRUE,TRUE,TRUE,FALSE
hair,Miriam D Head,ミリアムＤヘッド,2173,2173,TRUE,TRUE,TRUE,TRUE,FALSE
hair,Lenigan D Head,レニガンＤヘッド,2174,2174,TRUE,TRUE,TRUE,TRUE,FALSE
hair,Katante D Helm,カタンテＤヘルム,1963,1963,TRUE,TRUE,TRUE,TRUE,FALSE
hair,Rikante D Helm,リカンテＤヘルム,2088,2088,TRUE,TRUE,TRUE,TRUE,FALSE
hair,Merente D Helm,メレンテＤヘルム,2110,2110,TRUE,TRUE,TRUE,TRUE,FALSE
hair,Utante D Helm,ウタンテＤヘルム,2125,2125,TRUE,TRUE,TRUE,TRUE,FALSE
hair,Brooke D Head,ブルックＤヘッド,1306,1306,TRUE,TRUE,TRUE,TRUE,FALSE
hair,Shirukku D Head,シルックＤヘッド,1307,1307,TRUE,TRUE,TRUE,TRUE,FALSE
hair,Gorukku D Head,ゴルックＤヘッド,1742,1742,TRUE,TRUE,TRUE,TRUE,FALSE
hair,Goruganosu Head D,ゴルガノヘッドＤ,2181,2181,TRUE,TRUE,TRUE,TRUE,FALSE
hair,Aruganosu Head D,アルガノヘッドＤ,2182,2182,TRUE,TRUE,TRUE,TRUE,FALSE
hair,Kiyoshi Helm D,潔燭ノ兜Ｄ,2170,2170,TRUE,TRUE,TRUE,TRUE,FALSE
hair,Kashoku Helm D,華燭ノ兜Ｄ,2171,2171,TRUE,TRUE,TRUE,TRUE,FALSE
hair,Jyaga D Helm,ジャガーＤヘルム,1090,1090,TRUE,TRUE,TRUE,TRUE,FALSE
hair,Cure D Head,キュールＤヘッド,1919,1919,TRUE,TRUE,TRUE,TRUE,FALSE
hair,Jess D Helm,ジェスＤヘルム,1100,1100,TRUE,TRUE,TRUE,TRUE,FALSE
hair,Riaruo D Helm,リアルオＤヘルム,1807,1807,TRUE,TRUE,TRUE,TRUE,FALSE
hair,Reiresu D Helm,レイレスＤヘルム,1869,1869,TRUE,TRUE,TRUE,TRUE,FALSE
hair,Reuasu D Helm,レウアスＤヘルム,1835,1835,TRUE,TRUE,TRUE,TRUE,FALSE
hair,Buran D Head,ブランＤヘッド,477,488,TRUE,TRUE,TRUE,TRUE,FALSE
hair,Shimashima D Head,しましまＤヘッド,1745,1745,TRUE,TRUE,TRUE,TRUE,FALSE
hair,Furante D Helm,フランテＤヘルム,2126,2126,TRUE,TRUE,TRUE,TRUE,FALSE
hair,Favila D Head,ファビラＤヘッド,2175,2175,TRUE,TRUE,TRUE,TRUE,FALSE
hair,Alicia D Head,アリシアＤヘッド,2232,2232,TRUE,TRUE,TRUE,TRUE,FALSE
hair,Masaha Dress C [Hairpiece 】,雅葉ノ装Ｃ【髪飾】,2187,2187,TRUE,TRUE,TRUE,TRUE,FALSE
hair,Aura C Head,アウラＣヘッド,2204,2204,TRUE,TRUE,TRUE,TRUE,FALSE
hair,Asumo C Head,アスモＣヘッド,2205,2205,TRUE,TRUE,TRUE,TRUE,FALSE
hair,Rokka C Helm,ロッカＣヘルム,2206,2206,TRUE,TRUE,TRUE,TRUE,FALSE
hair,Ruche C Helm,ルーチェＣヘルム,2207,2207,TRUE,TRUE,TRUE,TRUE,FALSE
hair,Shui C Helm,シュイＣヘルム,2208,2208,TRUE,TRUE,TRUE,TRUE,FALSE
hair,White 蘭・磁星D Helm,白蘭・磁星Ｄヘルム,2147,2147,TRUE,TRUE,TRUE,TRUE,FALSE
hair,Crimson 霞・磁星D Helm,紅霞・磁星Ｄヘルム,2148,2148,TRUE,TRUE,TRUE,TRUE,FALSE
hair,Masaha Dress D [Hairpiece] Red,雅葉ノ装Ｄ【髪飾】朱,2183,2183,TRUE,TRUE,TRUE,TRUE,FALSE
hair,Masaha Dress D [Hairpiece] Silver,雅葉ノ装Ｄ【髪飾】銀,2184,2184,TRUE,TRUE,TRUE,TRUE,FALSE
hair,Masaha Dress D [Hairpiece] Blue,雅葉ノ装Ｄ【髪飾】碧,2185,2185,TRUE,TRUE,TRUE,TRUE,FALSE
hair,Masaha Dress D [Hairpiece] Orange,雅葉ノ装Ｄ【髪飾】橙,2186,2186,TRUE,TRUE,TRUE,TRUE,FALSE
hair,Genbu・Kensei D Helm,玄武・剣聖Ｄヘルム,1340,1340,TRUE,TRUE,TRUE,TRUE,TRUE
hair,Genbu・双龍D Helm,玄武・双龍Ｄヘルム,1344,1344,TRUE,TRUE,TRUE,TRUE,TRUE
hair,Genbu・Blade 王D Helm,玄武・剣王Ｄヘルム,1348,1348,TRUE,TRUE,TRUE,TRUE,TRUE
hair,Genbu・刀神D Helm,玄武・刀神Ｄヘルム,1352,1352,TRUE,TRUE,TRUE,TRUE,TRUE
hair,Genbu・Heaven 槍D Helm,玄武・天槍Ｄヘルム,1356,1356,TRUE,TRUE,TRUE,TRUE,TRUE
hair,Genbu・砲皇D Helm,玄武・砲皇Ｄヘルム,1360,1360,TRUE,TRUE,TRUE,TRUE,TRUE
hair,Genbu・鈍器獣D Helm,玄武・鈍器獣Ｄヘルム,1364,1364,TRUE,TRUE,TRUE,TRUE,TRUE
hair,Genbu・奏帝D Helm,玄武・奏帝Ｄヘルム,1368,1368,TRUE,TRUE,TRUE,TRUE,TRUE
hair,Genbu・穿凰D Helm,玄武・穿凰Ｄヘルム,1545,1545,TRUE,TRUE,TRUE,TRUE,TRUE
hair,Genbu・斬将D Helm,玄武・斬将Ｄヘルム,1893,1893,TRUE,TRUE,TRUE,TRUE,TRUE
hair,Genbu・銃傑D Mask,玄武・銃傑Ｄマスク,1372,1372,TRUE,TRUE,TRUE,TRUE,TRUE
hair,Genbu・銃仙D Mask,玄武・銃仙Ｄマスク,1376,1376,TRUE,TRUE,TRUE,TRUE,TRUE
hair,Genbu・Bow 鬼D Mask,玄武・弓鬼Ｄマスク,1380,1380,TRUE,TRUE,TRUE,TRUE,FALSE
hair,Tanzanite D Helm,タンザナＤヘルム,2141,2141,TRUE,TRUE,TRUE,TRUE,FALSE
hair,Hematite D Helm,ヘマタイトＤヘルム,2142,2142,TRUE,TRUE,TRUE,TRUE,FALSE
hair,Byakko・磁星D Helm,白虎・磁星Ｄヘルム,2143,2143,TRUE,TRUE,TRUE,TRUE,TRUE
hair,Suzaku・磁星D Helm,朱雀・磁星Ｄヘルム,2144,2144,TRUE,TRUE,TRUE,TRUE,TRUE
hair,Genbu・磁星D Helm,玄武・磁星Ｄヘルム,2145,2145,TRUE,TRUE,TRUE,TRUE,TRUE
hair,Tigrex Helm PD Black,レックスヘルムPD黒,628,639,TRUE,TRUE,TRUE,TRUE,TRUE
hair,Tigrex Helm PD White,レックスヘルムPD白,629,640,TRUE,TRUE,TRUE,TRUE,TRUE
hair,Tigrex Helm PD Purple,レックスヘルムPD紫,630,641,TRUE,TRUE,TRUE,TRUE,TRUE
hair,Monoblos Helm PD Yellow,モノブロスヘルムPD黄,631,642,TRUE,TRUE,TRUE,TRUE,TRUE
hair,Monoblos Helm PD Green,モノブロスヘルムPD緑,632,643,TRUE,TRUE,TRUE,TRUE,TRUE
hair,Monoblos Helm PD White,モノブロスヘルムPD白,633,644,TRUE,TRUE,TRUE,TRUE,TRUE
hair,Khezu Cap PD Black,フルフルキャップPD黒,310,321,TRUE,TRUE,TRUE,TRUE,TRUE
hair,Khezu Cap PD Green,フルフルキャップPD緑,308,319,TRUE,TRUE,TRUE,TRUE,TRUE
hair,Khezu Cap PD Blue,フルフルキャップPD青,306,317,TRUE,TRUE,TRUE,TRUE,TRUE
hair,Plesioth Helm PD Black,ガノスヘルムPD黒,686,686,TRUE,TRUE,TRUE,TRUE,TRUE
hair,Plesioth Helm PD Yellow,ガノスヘルムPD黄,687,687,TRUE,TRUE,TRUE,TRUE,TRUE
hair,Plesioth Helm PD Purple,ガノスヘルムPD紫,688,688,TRUE,TRUE,TRUE,TRUE,TRUE
hair,Plesioth Cap PD Black,ガノスキャップPD黒,689,689,TRUE,TRUE,TRUE,TRUE,TRUE
hair,Plesioth Cap PD Yellow,ガノスキャップPD黄,690,690,TRUE,TRUE,TRUE,TRUE,TRUE
hair,Plesioth Cap PD Purple,ガノスキャップPD紫,691,691,TRUE,TRUE,TRUE,TRUE,TRUE
hair,Gypceros Cap PD Red,ゲリョスキャップPD赤,692,692,TRUE,TRUE,TRUE,TRUE,TRUE
hair,Gypceros Cap PD Yellow,ゲリョスキャップPD黄,693,693,TRUE,TRUE,TRUE,TRUE,TRUE
hair,Gypceros Cap PD Green,ゲリョスキャップPD緑,694,694,TRUE,TRUE,TRUE,TRUE,TRUE
hair,Kagura Kabuto PD Red,神楽【兜】PD赤,724,724,TRUE,TRUE,TRUE,TRUE,TRUE
hair,Kagura Kabuto PD Black,神楽【兜】PD黒,725,725,TRUE,TRUE,TRUE,TRUE,TRUE
hair,Kagura Kabuto PD Purple,神楽【兜】PD紫,726,726,TRUE,TRUE,TRUE,TRUE,TRUE
hair,Kamiza Hachigane PD Red,神座【鉢金】PD赤,727,727,TRUE,TRUE,TRUE,TRUE,TRUE
hair,Kamiza Hachigane PD Black,神座【鉢金】PD黒,728,728,TRUE,TRUE,TRUE,TRUE,TRUE
hair,Kamiza Hachigane PD Purple,神座【鉢金】PD紫,729,729,TRUE,TRUE,TRUE,TRUE,TRUE
hair,Mosswine Mask PD White,モスフェイクPD白,730,730,TRUE,TRUE,TRUE,TRUE,TRUE
hair,Mosswine Mask PD Yellow,モスフェイクPD黄,731,731,TRUE,TRUE,TRUE,TRUE,TRUE
hair,Mosswine Mask PD Blue,モスフェイクPD青,732,732,TRUE,TRUE,TRUE,TRUE,TRUE
hair,Shinobi Mask・陰 PD Yellow,忍の面・陰PD黄,771,771,TRUE,TRUE,TRUE,TRUE,TRUE
hair,Shinobi Mask・陰 PD Red,忍の面・陰PD赤,772,772,TRUE,TRUE,TRUE,TRUE,TRUE
hair,Shinobi Mask・陰 PD Blue,忍の面・陰PD青,773,773,TRUE,TRUE,TRUE,TRUE,TRUE
hair,Dyura D Festa,デュラＤフェスタ,2249,2249,TRUE,TRUE,TRUE,TRUE,TRUE
hair,Khezu D Festa,フルフルＤフェスタ,2250,2250,TRUE,TRUE,TRUE,TRUE,TRUE
hair,Anorupatisu D Festa,アノルＤフェスタ,2251,2251,TRUE,TRUE,TRUE,TRUE,TRUE
hair,Vashimu D Festa,ヴァシムＤフェスタ,2252,2252,TRUE,TRUE,TRUE,TRUE,TRUE
hair,Pariapuria D Festa,パリアＤフェスタ,2253,2253,TRUE,TRUE,TRUE,TRUE,TRUE
hair,Hypnoc D Festa,ヒプノックＤフェスタ,2254,2254,TRUE,TRUE,TRUE,TRUE,TRUE
hair,山菜爺D Festa,山菜爺Ｄフェスタ,2255,2255,TRUE,TRUE,TRUE,TRUE,TRUE
hair,Box Blue D Festa,ボックス青Ｄフェスタ,2256,2256,TRUE,TRUE,TRUE,TRUE,TRUE
hair,Box Red D Festa,ボックス赤Ｄフェスタ,2257,2257,TRUE,TRUE,TRUE,TRUE,TRUE
hair,Dusk D Head・Red,ダスクＤヘッド・赤,1784,1784,TRUE,TRUE,TRUE,TRUE,FALSE
hair,Dusk D Head・White,ダスクＤヘッド・白,1785,1785,TRUE,TRUE,TRUE,TRUE,FALSE
hair,Dusk D Head・Peach,ダスクＤヘッド・桃,1786,1786,TRUE,TRUE,TRUE,TRUE,FALSE
hair,Dusk D Head・Blue,ダスクＤヘッド・青,1787,1787,TRUE,TRUE,TRUE,TRUE,FALSE
hair,Marin D Head・Blue,マリンＤヘッド・青,1716,1716,TRUE,TRUE,TRUE,TRUE,FALSE
hair,Marin D Head・Peach,マリンＤヘッド・桃,1717,1717,TRUE,TRUE,TRUE,TRUE,FALSE
hair,Marin D Head・White,マリンＤヘッド・白,1718,1718,TRUE,TRUE,TRUE,TRUE,FALSE
hair,Marin D Head・Black,マリンＤヘッド・黒,1719,1719,TRUE,TRUE,TRUE,TRUE,FALSE
hair,Reflet D Head・Blue,ルフレＤヘッド・青,1720,1720,TRUE,TRUE,TRUE,TRUE,FALSE
hair,Reflet D Head・White,ルフレＤヘッド・白,1722,1722,TRUE,TRUE,TRUE,TRUE,FALSE
hair,Reflet D Head・Red,ルフレＤヘッド・赤,1721,1721,TRUE,TRUE,TRUE,TRUE,FALSE
hair,Reflet D Head・Black,ルフレＤヘッド・黒,1723,1723,TRUE,TRUE,TRUE,TRUE,FALSE
hair,Tenpi Crown D・Red,天日ノ冠Ｄ・赤,0,1662,FALSE,TRUE,TRUE,TRUE,FALSE
hair,Tenpi Crown D・Blue,天日ノ冠Ｄ・青,0,1665,FALSE,TRUE,TRUE,TRUE,FALSE
hair,Tenpi Crown D・Black,天日ノ冠Ｄ・黒,0,1664,FALSE,TRUE,TRUE,TRUE,FALSE
hair,Tenpi Crown D・White,天日ノ冠Ｄ・白,0,1663,FALSE,TRUE,TRUE,TRUE,FALSE
hair,Naga D Head・Blue,ナーガＤヘッド・青,1516,1516,TRUE,TRUE,TRUE,TRUE,FALSE
hair,Naga D Head・Red,ナーガＤヘッド・赤,1517,1517,TRUE,TRUE,TRUE,TRUE,FALSE
hair,Naga D Head・White,ナーガＤヘッド・白,1518,1518,TRUE,TRUE,TRUE,TRUE,FALSE
hair,Naga D Head・Black,ナーガＤヘッド・黒,1519,1519,TRUE,TRUE,TRUE,TRUE,FALSE
hair,Sheriff D Head・Tea,シェリフＤヘッド・茶,1297,1297,TRUE,TRUE,TRUE,TRUE,FALSE
hair,Sheriff D Head・Black,シェリフＤヘッド・黒,1298,1298,TRUE,TRUE,TRUE,TRUE,FALSE
hair,Sheriff D Head・Blue,シェリフＤヘッド・青,1299,1299,TRUE,TRUE,TRUE,TRUE,FALSE
hair,Sheriff D Head・White,シェリフＤヘッド・白,1300,1300,TRUE,TRUE,TRUE,TRUE,FALSE
hair,Serena D Head・Purple,セレナＤヘッド・紫,1494,1494,TRUE,TRUE,TRUE,TRUE,FALSE
hair,Serena D Head・Blue,セレナＤヘッド・青,1495,1495,TRUE,TRUE,TRUE,TRUE,FALSE
hair,Serena D Head・White,セレナＤヘッド・白,1496,1496,TRUE,TRUE,TRUE,TRUE,FALSE
hair,Serena D Head・Red,セレナＤヘッド・赤,1497,1497,TRUE,TRUE,TRUE,TRUE,FALSE
hair,Gelt D Helm・Black,ゲルトＤヘルム・黒,1245,1245,TRUE,TRUE,TRUE,TRUE,FALSE
hair,Gelt D Helm・Copper,ゲルトＤヘルム・銅,1246,1246,TRUE,TRUE,TRUE,TRUE,FALSE
hair,Gelt D Helm・Silver,ゲルトＤヘルム・銀,1247,1247,TRUE,TRUE,TRUE,TRUE,FALSE
hair,Gelt D Helm・Gold,ゲルトＤヘルム・金,1248,1248,TRUE,TRUE,TRUE,TRUE,FALSE
hair,Gloria D Helm・Gold,グロリアＤヘルム・金,1218,1218,TRUE,TRUE,TRUE,TRUE,FALSE
hair,Gloria D Helm・Blue,グロリアＤヘルム・青,1219,1219,TRUE,TRUE,TRUE,TRUE,FALSE
hair,Gloria D Helm・Water,グロリアＤヘルム・水,1220,1220,TRUE,TRUE,TRUE,TRUE,FALSE
hair,Gloria D Helm・Red,グロリアＤヘルム・赤,1221,1221,TRUE,TRUE,TRUE,TRUE,FALSE
hair,Cloth D Head・Red,クロースＤヘッド・赤,1225,1225,TRUE,TRUE,TRUE,TRUE,FALSE
hair,Cloth D Head・Blue,クロースＤヘッド・青,1226,1226,TRUE,TRUE,TRUE,TRUE,FALSE
hair,Cloth D Head・Purple,クロースＤヘッド・紫,1227,1227,TRUE,TRUE,TRUE,TRUE,FALSE
hair,Cloth D Head・Green,クロースＤヘッド・緑,1228,1228,TRUE,TRUE,TRUE,TRUE,FALSE
hair,Rast D Head・Black,レイストＤヘッド・黒,1163,1163,TRUE,TRUE,TRUE,TRUE,FALSE
hair,Rast D Head・Blue,レイストＤヘッド・青,1164,1164,TRUE,TRUE,TRUE,TRUE,FALSE
hair,Rast D Head・Crimson,レイストＤヘッド・紅,1165,1165,TRUE,TRUE,TRUE,TRUE,FALSE
hair,Rast D Head・White,レイストＤヘッド・白,1166,1166,TRUE,TRUE,TRUE,TRUE,FALSE
hair,Siena D Helm・Silver,シエナＤヘルム・銀,1126,1126,TRUE,TRUE,TRUE,TRUE,FALSE
hair,Siena D Helm・Black,シエナＤヘルム・黒,1127,1127,TRUE,TRUE,TRUE,TRUE,FALSE
hair,Siena D Helm・Red,シエナＤヘルム・赤,1128,1128,TRUE,TRUE,TRUE,TRUE,FALSE
hair,Siena D Helm・Blue,シエナＤヘルム・青,1129,1129,TRUE,TRUE,TRUE,TRUE,FALSE
hair,Cultu D Piercings・Ash,カウチュＤピアス・灰,1073,1073,TRUE,TRUE,TRUE,TRUE,FALSE
hair,Cultu D Piercings・Blue,カウチュＤピアス・青,1074,1074,TRUE,TRUE,TRUE,TRUE,FALSE
hair,Cultu D Piercings・Orange,カウチュＤピアス・橙,1075,1075,TRUE,TRUE,TRUE,TRUE,FALSE
hair,Cultu D Piercings・Green,カウチュＤピアス・緑,1076,1076,TRUE,TRUE,TRUE,TRUE,FALSE
hair,Truss D Montera Blue,トラスＤモンテラ青,1044,1044,TRUE,TRUE,TRUE,TRUE,FALSE
hair,Truss D Montera Red,トラスＤモンテラ赤,1045,1045,TRUE,TRUE,TRUE,TRUE,FALSE
hair,Truss D Montera White,トラスＤモンテラ白,1046,1046,TRUE,TRUE,TRUE,TRUE,FALSE
hair,Truss D Montera Purple,トラスＤモンテラ紫,1047,1047,TRUE,TRUE,TRUE,TRUE,FALSE
hair,Maisto D Head・Crimson,マイストＤヘッド・紅,1017,1018,TRUE,TRUE,TRUE,TRUE,FALSE
hair,Maisto D Head・Green,マイストＤヘッド・緑,1018,1017,TRUE,TRUE,TRUE,TRUE,FALSE
hair,Maisto D Head・Green,マイストＤヘッド・蒼,1020,1020,TRUE,TRUE,TRUE,TRUE,FALSE
hair,Maisto D Head・Pink,マイストＤヘッド・桜,1019,1019,TRUE,TRUE,TRUE,TRUE,FALSE
hair,Randa Hat・D Yellow,蘭陀の帽・Ｄ黄,777,777,TRUE,TRUE,TRUE,TRUE,FALSE
hair,Randa Hat・D Red,蘭陀の帽・Ｄ赤,778,778,TRUE,TRUE,TRUE,TRUE,FALSE
hair,Randa Hat・D Purple,蘭陀の帽・Ｄ紫,779,779,TRUE,TRUE,TRUE,TRUE,FALSE
hair,Randa Hat・D Gold,蘭陀の帽・Ｄ金,780,780,TRUE,TRUE,TRUE,TRUE,FALSE
hair,Bunny D Band・Black,バーニーＤバンド・黒,709,709,TRUE,TRUE,TRUE,TRUE,FALSE
hair,Bunny D Band・White,バーニーＤバンド・白,710,710,TRUE,TRUE,TRUE,TRUE,FALSE
hair,Bunny D Band・Red,バーニーＤバンド・赤,711,711,TRUE,TRUE,TRUE,TRUE,FALSE
hair,Bunny D Band・Purple,バーニーＤバンド・紫,712,712,TRUE,TRUE,TRUE,TRUE,FALSE
hair,Regelia D Helm・White,リゲリアＤヘルム・白,681,681,TRUE,TRUE,TRUE,TRUE,FALSE
hair,Regelia D Helm・Red,リゲリアＤヘルム・赤,682,682,TRUE,TRUE,TRUE,TRUE,FALSE
hair,Regelia D Helm・Green,リゲリアＤヘルム・緑,683,683,TRUE,TRUE,TRUE,TRUE,FALSE
hair,Regelia D Helm・Blue,リゲリアＤヘルム・青,684,684,TRUE,TRUE,TRUE,TRUE,FALSE
hair,Aristo D Head・Blue,アリストＤヘッド・青,580,591,TRUE,TRUE,TRUE,TRUE,FALSE
hair,Aristo D Head・White,アリストＤヘッド・白,581,592,TRUE,TRUE,TRUE,TRUE,FALSE
hair,Aristo D Head・Purple,アリストＤヘッド・紫,582,593,TRUE,TRUE,TRUE,TRUE,FALSE
hair,Aristo D Head・Red,アリストＤヘッド・赤,583,594,TRUE,TRUE,TRUE,TRUE,FALSE
hair,Melety D Head・White,メレティＤヘッド・白,535,546,TRUE,TRUE,TRUE,TRUE,FALSE
hair,Melety D Head・Red,メレティＤヘッド・赤,536,547,TRUE,TRUE,TRUE,TRUE,FALSE
hair,Melety D Head・Blue,メレティＤヘッド・青,537,548,TRUE,TRUE,TRUE,TRUE,FALSE
hair,Melety D Head・Black,メレティＤヘッド・黒,538,549,TRUE,TRUE,TRUE,TRUE,FALSE
hair,Ferme D Head・Black,フェルムＤヘッド・黒,505,516,TRUE,TRUE,TRUE,TRUE,FALSE
hair,Ferme D Head・Red,フェルムＤヘッド・赤,506,517,TRUE,TRUE,TRUE,TRUE,FALSE
hair,Ferme D Head・White,フェルムＤヘッド・白,507,518,TRUE,TRUE,TRUE,TRUE,FALSE
hair,Ferme D Head・Blue,フェルムＤヘッド・青,508,519,TRUE,TRUE,TRUE,TRUE,FALSE
hair,Real D Head・White,レアルＤヘッド・白,496,507,TRUE,TRUE,TRUE,TRUE,FALSE
hair,Real D Head・Gold,レアルＤヘッド・金,500,511,TRUE,TRUE,TRUE,TRUE,FALSE
hair,Real D Head・Blue,レアルＤヘッド・青,498,509,TRUE,TRUE,TRUE,TRUE,FALSE
hair,Real D Head・Red,レアルＤヘッド・赤,499,510,TRUE,TRUE,TRUE,TRUE,FALSE
hair,Arma D Head・Black,アルマＤヘッド・黒,409,420,TRUE,TRUE,TRUE,TRUE,FALSE
hair,Arma D Piercings・Black,アルマＤピアス・黒,452,463,TRUE,TRUE,TRUE,TRUE,FALSE
hair,Arma D Head・White,アルマＤヘッド・白,415,426,TRUE,TRUE,TRUE,TRUE,FALSE
hair,Arma D Piercings・White,アルマＤピアス・白,453,464,TRUE,TRUE,TRUE,TRUE,FALSE
hair,Arma D Head・Blue,アルマＤヘッド・青,418,429,TRUE,TRUE,TRUE,TRUE,FALSE
hair,Arma D Piercings・Blue,アルマＤピアス・青,456,467,TRUE,TRUE,TRUE,TRUE,FALSE
hair,Arma D Head・Tea,アルマＤヘッド・茶,-15733,434,TRUE,TRUE,TRUE,TRUE,FALSE
hair,Arma D Piercings・Tea,アルマＤピアス・茶,455,466,TRUE,TRUE,TRUE,TRUE,FALSE
hair,Honour D Helm・Red,オナブルＤヘルム・赤,1498,1498,TRUE,TRUE,TRUE,TRUE,FALSE
hair,Honour D Helm・Blue,オナブルＤヘルム・青,1499,1499,TRUE,TRUE,TRUE,TRUE,FALSE
hair,Honour D Helm・Green,オナブルＤヘルム・緑,1500,1500,TRUE,TRUE,TRUE,TRUE,FALSE
hair,Honour D Helm・紺,オナブルＤヘルム・紺,1501,1501,TRUE,TRUE,TRUE,TRUE,FALSE
hair,Pics D Head・Green,ピクスＤヘッド・緑,1241,1241,TRUE,TRUE,TRUE,TRUE,FALSE
hair,Pics D Head・Purple,ピクスＤヘッド・紫,1243,1243,TRUE,TRUE,TRUE,TRUE,FALSE
hair,Pics D Head・Black,ピクスＤヘッド・黒,1242,1242,TRUE,TRUE,TRUE,TRUE,FALSE
hair,Pics D Head・Water,ピクスＤヘッド・水,1244,1244,TRUE,TRUE,TRUE,TRUE,FALSE
hair,Magos D Head・Yellow,マゴスＤヘッド・黄,1199,1199,TRUE,TRUE,TRUE,TRUE,FALSE
hair,Magos D Head・Red,マゴスＤヘッド・赤,1200,1200,TRUE,TRUE,TRUE,TRUE,FALSE
hair,Magos D Head・Water,マゴスＤヘッド・水,1201,1201,TRUE,TRUE,TRUE,TRUE,FALSE
hair,Magos D Head・Blue,マゴスＤヘッド・青,1202,1202,TRUE,TRUE,TRUE,TRUE,FALSE
hair,Arge D Head,アージェＤヘッド,600,611,TRUE,TRUE,TRUE,TRUE,FALSE
hair,Camarera D Head,カマレラＤヘッド,657,657,TRUE,TRUE,TRUE,TRUE,FALSE
hair,Metenera D Head,メテネラＤヘッド,723,723,TRUE,TRUE,TRUE,TRUE,FALSE
hair,Abitto D Head,アビットＤヘッド,789,789,TRUE,TRUE,TRUE,TRUE,FALSE
hair,Riburi D Head,リブリーＤヘッド,1040,1040,TRUE,TRUE,TRUE,TRUE,FALSE
hair,Zodic D Helm・Blue,ゾデックＤヘルム・青,1149,1149,TRUE,TRUE,TRUE,TRUE,FALSE
hair,Zodic D Helm・Tea,ゾデックＤヘルム・茶,1152,1152,TRUE,TRUE,TRUE,TRUE,FALSE
hair,Zodic D Helm・Green,ゾデックＤヘルム・緑,1150,1150,TRUE,TRUE,TRUE,TRUE,FALSE
hair,Zodic D Helm・Pink,ゾデックＤヘルム・桜,1151,1151,TRUE,TRUE,TRUE,TRUE,FALSE
hair,Cayssis D Helm Water,カエシスＤヘルム水,1120,1120,TRUE,TRUE,TRUE,TRUE,FALSE
hair,Cayssis D Helm Red,カエシスＤヘルム赤,1121,1121,TRUE,TRUE,TRUE,TRUE,FALSE
hair,Cayssis D Helm Blue,カエシスＤヘルム青,1122,1122,TRUE,TRUE,TRUE,TRUE,FALSE
hair,Cayssis D Helm Orange,カエシスＤヘルム橙,1123,1123,TRUE,TRUE,TRUE,TRUE,FALSE
hair,Omet D Helm・Black,オメットＤヘルム・黒,1091,1091,TRUE,TRUE,TRUE,TRUE,FALSE
hair,Omet D Helm・Red,オメットＤヘルム・赤,1092,1092,TRUE,TRUE,TRUE,TRUE,FALSE
hair,Omet D Helm・White,オメットＤヘルム・白,1093,1093,TRUE,TRUE,TRUE,TRUE,FALSE
hair,Omet D Helm・Blue,オメットＤヘルム・青,1094,1094,TRUE,TRUE,TRUE,TRUE,FALSE
hair,Edio D Helm・Blue,エディオＤヘルム・青,784,784,TRUE,TRUE,TRUE,TRUE,FALSE
hair,Edio D Helm・Red,エディオＤヘルム・赤,785,785,TRUE,TRUE,TRUE,TRUE,FALSE
hair,Edio D Helm・Yellow,エディオＤヘルム・黄,786,786,TRUE,TRUE,TRUE,TRUE,FALSE
hair,Edio D Helm・Black,エディオＤヘルム・黒,787,787,TRUE,TRUE,TRUE,TRUE,FALSE
hair,Steno D Helm・Orange,ステノＤヘルム・橙,718,718,TRUE,TRUE,TRUE,TRUE,FALSE
hair,Steno D Helm・Peach,ステノＤヘルム・桃,719,719,TRUE,TRUE,TRUE,TRUE,FALSE
hair,Steno D Helm・Blue,ステノＤヘルム・青,720,720,TRUE,TRUE,TRUE,TRUE,FALSE
hair,Steno D Helm・Red,ステノＤヘルム・赤,721,721,TRUE,TRUE,TRUE,TRUE,FALSE
hair,Suriito D Head・Yellow,スリートＤヘッド・黄,652,652,TRUE,TRUE,TRUE,TRUE,FALSE
hair,Suriito D Head・Silver,スリートＤヘッド・銀,653,653,TRUE,TRUE,TRUE,TRUE,FALSE
hair,Suriito D Head・Red,スリートＤヘッド・赤,654,654,TRUE,TRUE,TRUE,TRUE,FALSE
hair,Suriito D Head・Blue,スリートＤヘッド・青,655,655,TRUE,TRUE,TRUE,TRUE,FALSE
hair,Galitos D Head・Tea,ガリトスＤヘッド・茶,1036,1036,TRUE,TRUE,TRUE,TRUE,FALSE
hair,Galitos D Head・Red,ガリトスＤヘッド・赤,1037,1037,TRUE,TRUE,TRUE,TRUE,FALSE
hair,Galitos D Head・Black,ガリトスＤヘッド・黒,1038,1038,TRUE,TRUE,TRUE,TRUE,FALSE
hair,Galitos D Head・Water,ガリトスＤヘッド・水,1039,1039,TRUE,TRUE,TRUE,TRUE,FALSE
hair,Text D Head・Purple,テクストＤヘッド・紫,572,583,TRUE,TRUE,TRUE,TRUE,FALSE
hair,Text D Head・Green,テクストＤヘッド・緑,573,584,TRUE,TRUE,TRUE,TRUE,FALSE
hair,Text D Head・Blue,テクストＤヘッド・青,574,585,TRUE,TRUE,TRUE,TRUE,FALSE
hair,Text D Head・Black,テクストＤヘッド・黒,576,587,TRUE,TRUE,TRUE,TRUE,FALSE
hair,Pharan D Helm・White,ファランＤヘルム・白,606,617,TRUE,TRUE,TRUE,TRUE,FALSE
hair,Pharan D Helm・Black,ファランＤヘルム・黒,607,618,TRUE,TRUE,TRUE,TRUE,FALSE
hair,Pharan D Helm・Red,ファランＤヘルム・赤,608,619,TRUE,TRUE,TRUE,TRUE,FALSE
hair,Pharan D Helm・Blue,ファランＤヘルム・青,609,620,TRUE,TRUE,TRUE,TRUE,FALSE
hair,Gold D Helm・Red,ゴルトＤヘルム・赤,530,541,TRUE,TRUE,TRUE,TRUE,FALSE
hair,Gold D Helm・Blue,ゴルトＤヘルム・青,531,542,TRUE,TRUE,TRUE,TRUE,FALSE
hair,Gold D Helm・Yellow,ゴルトＤヘルム・黄,532,543,TRUE,TRUE,TRUE,TRUE,FALSE
hair,Gold D Helm・Purple,ゴルトＤヘルム・紫,533,544,TRUE,TRUE,TRUE,TRUE,FALSE
hair,Claire D Head・Purple,クレールＤヘッド・紫,510,521,TRUE,TRUE,TRUE,TRUE,FALSE
hair,Claire D Head・Water,クレールＤヘッド・水,511,522,TRUE,TRUE,TRUE,TRUE,FALSE
hair,Claire D Head・Red,クレールＤヘッド・赤,512,523,TRUE,TRUE,TRUE,TRUE,FALSE
hair,Claire D Head・Black,クレールＤヘッド・黒,513,524,TRUE,TRUE,TRUE,TRUE,FALSE
hair,Gold Cat D Mask,きんねこ服Ｄマスク,225,225,TRUE,TRUE,TRUE,TRUE,FALSE
hair,Silver Cat D Mask,ぎんねこ服Ｄマスク,617,628,TRUE,TRUE,TRUE,TRUE,FALSE
hair,Ex D Piercings・White,イクスＤピアス・白,428,439,TRUE,TRUE,TRUE,TRUE,FALSE
hair,Ex D Piercings・Red,イクスＤピアス・赤,429,440,TRUE,TRUE,TRUE,TRUE,FALSE
hair,Ex D Piercings・Blue,イクスＤピアス・青,430,441,TRUE,TRUE,TRUE,TRUE,FALSE
hair,Ex D Piercings・Black,イクスＤピアス・黒,431,442,TRUE,TRUE,TRUE,TRUE,FALSE
hair,Star Festival D Mask [Red 】,星祭Ｄ面【赤】,337,348,TRUE,TRUE,TRUE,TRUE,FALSE
hair,Star Festival D Mask [Blue 】,星祭Ｄ面【青】,349,360,TRUE,TRUE,TRUE,TRUE,FALSE
hair,Star Festival D Mask [Black 】,星祭Ｄ面【黒】,350,361,TRUE,TRUE,TRUE,TRUE,FALSE
hair,Star Festival D Mask [White 】,星祭Ｄ面【白】,351,362,TRUE,TRUE,TRUE,TRUE,FALSE
hair,Promise D Head・White,プロミスＤヘッド・白,262,273,TRUE,TRUE,TRUE,TRUE,FALSE
hair,Promise D Head・Blue,プロミスＤヘッド・青,263,274,TRUE,TRUE,TRUE,TRUE,FALSE
hair,Promise D Head・Purple,プロミスＤヘッド・紫,264,275,TRUE,TRUE,TRUE,TRUE,FALSE
hair,Promise D Head・Yellow,プロミスＤヘッド・黄,265,276,TRUE,TRUE,TRUE,TRUE,FALSE
hair,White M Piercings D,ホワイトＭピアスＤ,0,0,TRUE,TRUE,TRUE,TRUE,FALSE
hair,Flight Headguard D・White,飛天ノ鉢金Ｄ・白,1515,1515,TRUE,TRUE,TRUE,TRUE,FALSE
hair,Flight Headguard D・Red,飛天ノ鉢金Ｄ・赤,1512,1512,TRUE,TRUE,TRUE,TRUE,FALSE
hair,Flight Headguard D・Tea,飛天ノ鉢金Ｄ・茶,1513,1513,TRUE,TRUE,TRUE,TRUE,FALSE
hair,Flight Headguard D・Blue,飛天ノ鉢金Ｄ・青,1514,1514,TRUE,TRUE,TRUE,TRUE,FALSE
hair,Bande D Head・Blue,バンデＤヘッド・青,1658,1658,TRUE,TRUE,TRUE,TRUE,FALSE
hair,Bande D Head・Red,バンデＤヘッド・赤,1659,1659,TRUE,TRUE,TRUE,TRUE,FALSE
hair,Bande D Head・Green,バンデＤヘッド・緑,1660,1660,TRUE,TRUE,TRUE,TRUE,FALSE
hair,Bande D Head・Black,バンデＤヘッド・黒,1661,1661,TRUE,TRUE,TRUE,TRUE,FALSE
hair,Regnum D Head・White,レグヌムＤヘッド・白,1712,1712,TRUE,TRUE,TRUE,TRUE,FALSE
hair,Regnum D Head・Blue,レグヌムＤヘッド・青,1713,1713,TRUE,TRUE,TRUE,TRUE,FALSE
hair,Regnum D Head・Red,レグヌムＤヘッド・赤,1714,1714,TRUE,TRUE,TRUE,TRUE,FALSE
hair,Regnum D Head・Tea,レグヌムＤヘッド・茶,1715,1715,TRUE,TRUE,TRUE,TRUE,FALSE
hair,Gania D Head・Red,ガニアＤヘッド・赤,1770,1770,TRUE,TRUE,TRUE,TRUE,FALSE
hair,Gania D Head・Blue,ガニアＤヘッド・青,1771,1771,TRUE,TRUE,TRUE,TRUE,FALSE
hair,Gania D Head・Tea,ガニアＤヘッド・茶,1772,1772,TRUE,TRUE,TRUE,TRUE,FALSE
hair,Gania D Head・Purple,ガニアＤヘッド・紫,1773,1773,TRUE,TRUE,TRUE,TRUE,FALSE
hair,Amistad D Helm・Black,アミスタＤヘルム・黒,1808,1808,TRUE,TRUE,TRUE,TRUE,FALSE
hair,Amistad D Helm・White,アミスタＤヘルム・白,1809,1809,TRUE,TRUE,TRUE,TRUE,FALSE
hair,Amistad D Helm・Blue,アミスタＤヘルム・青,1810,1810,TRUE,TRUE,TRUE,TRUE,FALSE
hair,Amistad D Helm・Crimson,アミスタＤヘルム・紅,1811,1811,TRUE,TRUE,TRUE,TRUE,FALSE
hair,Perifu D Helm・Blue,ペリフＤヘルム・青,1856,1856,TRUE,TRUE,TRUE,TRUE,FALSE
hair,Perifu D Helm・Tea,ペリフＤヘルム・茶,1857,1857,TRUE,TRUE,TRUE,TRUE,FALSE
hair,Perifu D Helm・Green,ペリフＤヘルム・緑,1858,1858,TRUE,TRUE,TRUE,TRUE,FALSE
hair,Perifu D Helm・Purple,ペリフＤヘルム・紫,1859,1859,TRUE,TRUE,TRUE,TRUE,FALSE
hair,Khezu 亜D Festa,フルフル亜Ｄフェスタ,2273,2273,TRUE,TRUE,TRUE,TRUE,TRUE
hair,ヒプ繁D Festa,ヒプ繁Ｄフェスタ,2274,2274,TRUE,TRUE,TRUE,TRUE,TRUE
hair,ヒプ希D Festa,ヒプ希Ｄフェスタ,2275,2275,TRUE,TRUE,TRUE,TRUE,TRUE
hair,Vakusu D Head,ヴァクスＤヘッド,1918,1918,TRUE,TRUE,TRUE,TRUE,FALSE
hair,Rizuvue D Helm,リズヴェＤヘルム,2127,2127,TRUE,TRUE,TRUE,TRUE,FALSE
hair,Konseru D Helm,コンセルＤヘルム,1262,1262,TRUE,TRUE,TRUE,TRUE,FALSE
hair,Utaei Hairpiece D,歌詠ノ髪飾Ｄ,2153,2153,TRUE,TRUE,TRUE,TRUE,FALSE
hair,Utatsumugu Hairpiece D,歌紡ノ髪飾Ｄ,2154,2154,TRUE,TRUE,TRUE,TRUE,FALSE
hair,Shikari の髪当てD,シカリの髪当てＤ,444,455,TRUE,TRUE,TRUE,TRUE,FALSE
hair,Strega D Helm,ストレガＤヘルム,393,404,TRUE,TRUE,TRUE,TRUE,FALSE
hair,Eques D Helm,エクエスＤヘルム,336,347,TRUE,TRUE,TRUE,TRUE,FALSE
hair,Uida D Head,ウィダＤヘッド,463,474,TRUE,TRUE,TRUE,TRUE,FALSE
hair,Kuraaji D Helm,クラージＤヘルム,479,490,TRUE,TRUE,TRUE,TRUE,FALSE
hair,Aneshisu D Helm,アネシスＤヘルム,478,489,TRUE,TRUE,TRUE,TRUE,TRUE
hair,Zaakaa D Head,ザーカーＤヘッド,579,590,TRUE,TRUE,TRUE,TRUE,FALSE
hair,Vinen D Head,ヴィネンＤヘッド,760,760,TRUE,TRUE,TRUE,TRUE,FALSE
hair,Rudeos D Helm,ルデオスＤヘルム,1001,1001,TRUE,TRUE,TRUE,TRUE,FALSE
hair,Breo D Head,ブレオＤヘッド,762,762,TRUE,TRUE,TRUE,TRUE,FALSE
hair,Rouge D Piercings,ルージュＤピアス,0,0,TRUE,TRUE,TRUE,TRUE,FALSE
hair,Onero D Helm,オネロＤヘルム,1089,1089,TRUE,TRUE,TRUE,TRUE,FALSE
hair,Diina D Head,ディーナＤヘッド,229,231,TRUE,TRUE,TRUE,TRUE,FALSE
hair,Oorowa D Helm,オーロワＤヘルム,1118,1118,TRUE,TRUE,TRUE,TRUE,FALSE
hair,Higakure D Helm,ヒガクレＤヘルム,1257,1257,TRUE,TRUE,TRUE,TRUE,FALSE
hair,Perce D Helm,ペルセＤヘルム,1316,1316,TRUE,TRUE,TRUE,TRUE,FALSE
hair,Orykto D Helm,オリクトＤヘルム,1684,1684,TRUE,TRUE,TRUE,TRUE,FALSE
hair,Orykto D Cap,オリクトＤキャップ,1685,1685,TRUE,TRUE,TRUE,TRUE,FALSE
hair,Yoruti D Helm,ヨルティＤヘルム,1677,1677,TRUE,TRUE,TRUE,TRUE,FALSE
hair,Nisuru D Helm,ニスルＤヘルム,1222,1222,TRUE,TRUE,TRUE,TRUE,FALSE
hair,Maaden D Helm,マアデンＤヘルム,1738,1738,TRUE,TRUE,TRUE,TRUE,FALSE
hair,Maaden D Cap,マアデンＤキャップ,1739,1739,TRUE,TRUE,TRUE,TRUE,FALSE
hair,Cheni D Helm,チェニーＤヘルム,1778,1778,TRUE,TRUE,TRUE,TRUE,FALSE
hair,Eguiene D Head,エギエネＤヘッド,1917,1917,TRUE,TRUE,TRUE,TRUE,FALSE
hair,Toruboda D Head,トルボダＤヘッド,1834,1834,TRUE,TRUE,TRUE,TRUE,TRUE
hair,Kabariba D Helm,カバリバＤヘルム,1833,1833,TRUE,TRUE,TRUE,TRUE,FALSE
hair,Norukku D Head,ノルックＤヘッド,1308,1308,TRUE,TRUE,TRUE,TRUE,FALSE
hair,Valier D Head,ヴァリエＤヘッド,1867,1867,TRUE,TRUE,TRUE,TRUE,FALSE
hair,Arumyu D Head,アルミュＤヘッド,2075,2075,TRUE,TRUE,TRUE,TRUE,TRUE
hair,Chatore D Helm,チャトレＤヘルム,2074,2074,TRUE,TRUE,TRUE,TRUE,FALSE
hair,Pashio D Helm,パシオＤヘルム,1223,1223,TRUE,TRUE,TRUE,TRUE,FALSE
hair,Cariva D Helm,カリヴァＤヘルム,2128,2128,TRUE,TRUE,TRUE,TRUE,FALSE
hair,Desutora D Helm,デストラＤヘルム,0,2258,FALSE,TRUE,TRUE,TRUE,FALSE
hair,Bogabado ZD Helm,ボガバドZDヘルム,2192,2192,TRUE,TRUE,TRUE,TRUE,TRUE
hair,Bogabado ZD Cap,ボガバドZDキャップ,2193,2193,TRUE,TRUE,TRUE,TRUE,TRUE
hair,Nerishoku Headguard D,煉燭ノ鉢金Ｄ,2165,2165,TRUE,TRUE,TRUE,TRUE,FALSE
hair,Gravios ZD Helm,グラビZDヘルム,2190,2190,TRUE,TRUE,TRUE,TRUE,TRUE
hair,Gravios ZD Cap,グラビZDキャップ,2191,2191,TRUE,TRUE,TRUE,TRUE,TRUE
hair,Baruragaru ZD Helm,バルラZDヘルム,2188,2188,TRUE,TRUE,TRUE,TRUE,TRUE
hair,Baruragaru ZD Cap,バルラZDキャップ,2189,2189,TRUE,TRUE,TRUE,TRUE,TRUE
hair,Rabius D Head,ラビウスＤヘッド,2230,2230,TRUE,TRUE,TRUE,TRUE,FALSE
hair,Rocras D Head,ロクラスＤヘッド,2231,2231,TRUE,TRUE,TRUE,TRUE,FALSE
hair,Alisys D Head,アリシスＤヘッド,2233,2233,TRUE,TRUE,TRUE,TRUE,FALSE
hair,Loli D Head,ロゥリィＤヘッド,2234,2234,TRUE,TRUE,TRUE,TRUE,FALSE
hair,Recolis D Head,レコリスＤヘッド,2235,2235,TRUE,TRUE,TRUE,TRUE,FALSE
hair,Rapin D Helm,ラファンＤヘルム,2242,2242,TRUE,TRUE,TRUE,TRUE,FALSE
hair,Rapin C Helm,ラファンＣヘルム,2243,2243,TRUE,TRUE,TRUE,TRUE,FALSE
hair,Quna D Head,クーナＤヘッド,0,2168,FALSE,TRUE,TRUE,TRUE,FALSE
hair,Ionia D Head,イオニアＤヘッド,0,2169,FALSE,TRUE,TRUE,TRUE,FALSE
hair,Guridi D Helm,グリディＤヘルム,1964,1964,TRUE,TRUE,TRUE,TRUE,FALSE
hair,Shifunyi D Band,シフニィＤバンド,2100,2100,TRUE,TRUE,TRUE,TRUE,FALSE
hair,Rappy D Head,ラッピーＤヘッド,2198,2198,TRUE,TRUE,TRUE,TRUE,FALSE
hair,Bita D Helm,ビーターＤヘルム,2238,2238,TRUE,TRUE,TRUE,TRUE,FALSE
hair,Koreputo D Helm,コレプトＤヘルム,2239,2239,TRUE,TRUE,TRUE,TRUE,FALSE
hair,Secuti D Helm・Black,セクティＤヘルム・黒,1289,1289,TRUE,TRUE,TRUE,TRUE,FALSE
hair,Secuti D Helm・Blue,セクティＤヘルム・青,1290,1290,TRUE,TRUE,TRUE,TRUE,FALSE
hair,Secuti D Helm・Red,セクティＤヘルム・赤,1291,1291,TRUE,TRUE,TRUE,TRUE,FALSE
hair,Secuti D Helm・White,セクティＤヘルム・白,1292,1292,TRUE,TRUE,TRUE,TRUE,FALSE
hair,Rockman D Cap,ロックマンＤキャップ,2293,2293,TRUE,TRUE,TRUE,TRUE,FALSE
hair,蜂針D Hachigane・Orange,蜂針Ｄ【鉢金】・橙,0,1229,FALSE,TRUE,TRUE,TRUE,FALSE
hair,Kinkou D Head,キンコウＤヘッド,2228,2228,TRUE,TRUE,TRUE,TRUE,FALSE
hair,Anbu D Head,アンブＤヘッド,2229,2229,TRUE,TRUE,TRUE,TRUE,FALSE
hair,Rengoku Headguard D,煉獄ノ鉢金Ｄ,2240,2240,TRUE,TRUE,TRUE,TRUE,FALSE
hair,Nerigeki Headguard D,煉戟ノ鉢金Ｄ,2241,2241,TRUE,TRUE,TRUE,TRUE,FALSE
hair,Shanru D Helm,シャンルＤヘルム,2236,2236,TRUE,TRUE,TRUE,TRUE,FALSE
hair,Fanru D Helm,ファンルＤヘルム,2237,2237,TRUE,TRUE,TRUE,TRUE,FALSE
hair,Harudo ZD Helm,ハルドZDヘルム,2247,2247,TRUE,TRUE,TRUE,TRUE,TRUE
hair,Harudo ZD Cap,ハルドZDキャップ,2248,2248,TRUE,TRUE,TRUE,TRUE,TRUE
hair,Arbiter D Helm,アービターＤヘルム,2276,2276,TRUE,TRUE,TRUE,TRUE,FALSE
hair,Elysi D Helm,エリュシＤヘルム,2277,2277,TRUE,TRUE,TRUE,TRUE,FALSE
hair,Fine D Head,フィーネＤヘッド,2278,2278,TRUE,TRUE,TRUE,TRUE,FALSE
hair,Kotona D Head,コトナＤヘッド,2279,2279,TRUE,TRUE,TRUE,TRUE,FALSE
hair,Finis D Head,フィニスＤヘッド,2280,2280,TRUE,TRUE,TRUE,TRUE,FALSE
hair,Firl D Head,フィールＤヘッド,2281,2281,TRUE,TRUE,TRUE,TRUE,FALSE
hair,Ryoso Cap D,了奏ノ帽Ｄ,2282,2282,TRUE,TRUE,TRUE,TRUE,FALSE
hair,Gems D Head,ジェムズＤヘッド,2284,2284,TRUE,TRUE,TRUE,TRUE,FALSE
hair,Alisha D Head,アリシャＤヘッド,2285,2285,TRUE,TRUE,TRUE,TRUE,FALSE
hair,Ricca D Helm,リッカＤヘルム,2288,2288,TRUE,TRUE,TRUE,TRUE,FALSE
hair,Kelis D Helm,ケリスＤヘルム,2290,2290,TRUE,TRUE,TRUE,TRUE,FALSE
hair,Myunru D Helm,ミュンルＤヘルム,2292,2292,TRUE,TRUE,TRUE,TRUE,FALSE
hair,Seiryu・Kensei D Helm,青龍・剣聖Ｄヘルム,1341,1341,TRUE,TRUE,TRUE,TRUE,TRUE
hair,Seiryu・双龍D Helm,青龍・双龍Ｄヘルム,1345,1345,TRUE,TRUE,TRUE,TRUE,TRUE
hair,Seiryu・Blade 王D Helm,青龍・剣王Ｄヘルム,1349,1349,TRUE,TRUE,TRUE,TRUE,TRUE
hair,Seiryu・刀神D Helm,青龍・刀神Ｄヘルム,1353,1353,TRUE,TRUE,TRUE,TRUE,TRUE
hair,Seiryu・Heaven 槍D Helm,青龍・天槍Ｄヘルム,1357,1357,TRUE,TRUE,TRUE,TRUE,TRUE
hair,Seiryu・砲皇D Helm,青龍・砲皇Ｄヘルム,1361,1361,TRUE,TRUE,TRUE,TRUE,TRUE
hair,Seiryu・鈍器獣D Helm,青龍・鈍器獣Ｄヘルム,1365,1365,TRUE,TRUE,TRUE,TRUE,TRUE
hair,Seiryu・奏帝D Helm,青龍・奏帝Ｄヘルム,1369,1369,TRUE,TRUE,TRUE,TRUE,TRUE
hair,Seiryu・穿凰D Helm,青龍・穿凰Ｄヘルム,1546,1546,TRUE,TRUE,TRUE,TRUE,TRUE
hair,Seiryu・斬将D Helm,青龍・斬将Ｄヘルム,1894,1894,TRUE,TRUE,TRUE,TRUE,TRUE
hair,Seiryu・銃傑D Mask,青龍・銃傑Ｄマスク,1373,1373,TRUE,TRUE,TRUE,TRUE,TRUE
hair,Seiryu・銃仙D Mask,青龍・銃仙Ｄマスク,1377,1377,TRUE,TRUE,TRUE,TRUE,TRUE
hair,Seiryu・Bow 鬼D Mask,青龍・弓鬼Ｄマスク,1381,1381,TRUE,TRUE,TRUE,TRUE,TRUE
hair,Seiryu・磁星D Helm,青龍・磁星Ｄヘルム,2146,2146,TRUE,TRUE,TRUE,TRUE,TRUE
hair,K. Lobster Helm PD Black,ＫロブスタヘルムPD黒,765,765,TRUE,TRUE,TRUE,TRUE,TRUE
hair,K. Lobster Helm PD Green,ＫロブスタヘルムPD緑,766,766,TRUE,TRUE,TRUE,TRUE,TRUE
hair,K. Lobster Helm PD Blue,ＫロブスタヘルムPD青,767,767,TRUE,TRUE,TRUE,TRUE,TRUE
hair,K. Lobster Hat PD Black,ＫロブスタハットPD黒,768,768,TRUE,TRUE,TRUE,TRUE,TRUE
hair,K. Lobster Hat PD Green,ＫロブスタハットPD緑,769,769,TRUE,TRUE,TRUE,TRUE,TRUE
hair,K. Lobster Hat PD Blue,ＫロブスタハットPD青,770,770,TRUE,TRUE,TRUE,TRUE,TRUE
hair,Hypnoc Helm PD Green,ヒプノヘルムPD緑,1005,1005,TRUE,TRUE,TRUE,TRUE,TRUE
hair,Hypnoc Helm PD Red,ヒプノヘルムPD赤,1006,1006,TRUE,TRUE,TRUE,TRUE,TRUE
hair,Hypnoc Helm PD Yellow,ヒプノヘルムPD黄,1007,1007,TRUE,TRUE,TRUE,TRUE,TRUE
hair,Beru Helm PD Black,ベルヘルムPD黒,1008,1008,TRUE,TRUE,TRUE,TRUE,TRUE
hair,Beru Helm PD Red,ベルヘルムPD赤,1009,1009,TRUE,TRUE,TRUE,TRUE,TRUE
hair,Beru Helm PD Purple,ベルヘルムPD紫,1010,1010,TRUE,TRUE,TRUE,TRUE,TRUE
hair,Beru Cap PD Black,ベルキャップPD黒,1011,1011,TRUE,TRUE,TRUE,TRUE,TRUE
hair,Beru Cap PD Red,ベルキャップPD赤,1012,1012,TRUE,TRUE,TRUE,TRUE,TRUE
hair,Beru Cap PD Purple,ベルキャップPD紫,1013,1013,TRUE,TRUE,TRUE,TRUE,TRUE
hair,Black Belt Helm PD White,クロオビヘルムPD白,1062,1062,TRUE,TRUE,TRUE,TRUE,TRUE
hair,Black Belt Helm PD Black,クロオビヘルムPD黒,1063,1063,TRUE,TRUE,TRUE,TRUE,TRUE
hair,Black Belt Helm PD Blue,クロオビヘルムPD青,1064,1064,TRUE,TRUE,TRUE,TRUE,TRUE
hair,Apkallu Helm PD White,アプカルヘルムPD白,1086,1086,TRUE,TRUE,TRUE,TRUE,TRUE
hair,Apkallu Helm PD Green,アプカルヘルムPD緑,1087,1087,TRUE,TRUE,TRUE,TRUE,TRUE
hair,Apkallu Helm PD Yellow,アプカルヘルムPD黄,1088,1088,TRUE,TRUE,TRUE,TRUE,TRUE
hair,Rukodiora Head PD White,ルコヘッドPD白,1103,1103,TRUE,TRUE,TRUE,TRUE,TRUE
hair,Rukodiora Head PD Blue,ルコヘッドPD青,1104,1104,TRUE,TRUE,TRUE,TRUE,TRUE
hair,Rukodiora Head PD Red,ルコヘッドPD赤,1105,1105,TRUE,TRUE,TRUE,TRUE,TRUE
hair,Rukodiora Face PD White,ルコフェイスPD白,1106,1106,TRUE,TRUE,TRUE,TRUE,TRUE
hair,Rukodiora Face PD Blue,ルコフェイスPD青,1107,1107,TRUE,TRUE,TRUE,TRUE,TRUE
hair,Rukodiora Face PD Red,ルコフェイスPD赤,1108,1108,TRUE,TRUE,TRUE,TRUE,TRUE
hair,Comrade Helm PD White Red,コムラダヘルムPD白赤,1109,1109,TRUE,TRUE,TRUE,TRUE,TRUE
hair,Comrade Helm PD White Blue,コムラダヘルムPD白青,1110,1110,TRUE,TRUE,TRUE,TRUE,TRUE
hair,Comrade Helm PD White Yellow,コムラダヘルムPD白黄,1111,1111,TRUE,TRUE,TRUE,TRUE,TRUE
hair,Otono D Head,オトノＤヘッド,1832,1832,TRUE,TRUE,TRUE,TRUE,FALSE
hair,Shinobi Mask・Sky D,忍の面・空Ｄ,155,155,TRUE,TRUE,TRUE,TRUE,FALSE
hair,Shinobi Mask・Sea D,忍の面・海Ｄ,156,156,TRUE,TRUE,TRUE,TRUE,FALSE
hair,Shadow Mask・D,黒影ノ面・Ｄ,1189,1189,TRUE,TRUE,TRUE,TRUE,FALSE
hair,Shade Mask・D,黒陰ノ面・Ｄ,1190,1190,TRUE,TRUE,TRUE,TRUE,TRUE
hair,Hope D Helm,ホープＤヘルム,1191,1191,TRUE,TRUE,TRUE,TRUE,TRUE
hair,Bogabado D Festa,ボガバドＤフェスタ,2259,2259,TRUE,TRUE,TRUE,TRUE,TRUE
hair,Yama Tsukami D Festa,ヤマツカミＤフェスタ,2260,2260,TRUE,TRUE,TRUE,TRUE,TRUE
hair,Kut-Ku D Festa,クックＤフェスタ,2261,2261,TRUE,TRUE,TRUE,TRUE,TRUE
hair,Teo D Festa,テオＤフェスタ,2262,2262,TRUE,TRUE,TRUE,TRUE,TRUE
hair,Hermitaur D Festa,ザザミＤフェスタ,2263,2263,TRUE,TRUE,TRUE,TRUE,TRUE
hair,Baruragaru D Festa,バルラガルＤフェスタ,2264,2264,TRUE,TRUE,TRUE,TRUE,TRUE
hair,Rajang D Festa,ラージャンＤフェスタ,2265,2265,TRUE,TRUE,TRUE,TRUE,TRUE
hair,Auntie D Festa,おばちゃんＤフェスタ,2266,2266,TRUE,TRUE,TRUE,TRUE,TRUE
hair,唄収集家D Festa,唄収集家Ｄフェスタ,2267,2267,TRUE,TRUE,TRUE,TRUE,TRUE
hair,Dandy D Festa,ダンディＤフェスタ,2268,2268,TRUE,TRUE,TRUE,TRUE,TRUE
hair,G Felyne D Festa,ＧアイルーＤフェスタ,2269,2269,TRUE,TRUE,TRUE,TRUE,TRUE
hair,G Poogie D Festa,ＧプーギーＤフェスタ,2270,2270,TRUE,TRUE,TRUE,TRUE,TRUE
hair,G Gook D Festa,ＧグークＤフェスタ,2271,2271,TRUE,TRUE,TRUE,TRUE,TRUE
hair,G Khezu D Festa,ＧフルフルＤフェスタ,2272,2272,TRUE,TRUE,TRUE,TRUE,TRUE
