wst,Mizuha 【丸 Obi] SP Blue,ミヅハ【丸帯】SP青,426,426,TRUE,TRUE,TRUE,FALSE,FALSE
wst,Mizuha 【丸 Obi] SP Red,ミヅハ【丸帯】SP赤,427,427,TRUE,TRUE,TRUE,FALSE,FALSE
wst,Mizuha 【丸 Obi] SP Yellow,ミヅハ【丸帯】SP黄,425,425,TRUE,TRUE,TRUE,FALSE,FALSE
wst,Carrol C Belt,キャロルＣベルト,1960,1960,TRUE,TRUE,TRUE,TRUE,FALSE
wst,Zyra C Coil,ザイラＣコイル,1961,1961,TRUE,TRUE,TRUE,TRUE,FALSE
wst,Loose C Waist,ルースＣウエスト,1962,1962,TRUE,TRUE,TRUE,TRUE,FALSE
wst,Higakure C Faulds,ヒガクレＣフォールド,1973,1973,TRUE,TRUE,TRUE,TRUE,FALSE
wst,Harokyu D Coil,ハロキュＤコイル,1557,1557,TRUE,TRUE,TRUE,TRUE,FALSE
wst,Evol D Coil・White,エヴォルＤコイル・白,1928,1928,TRUE,TRUE,TRUE,TRUE,FALSE
wst,Evol D Coil・Red,エヴォルＤコイル・赤,1929,1929,TRUE,TRUE,TRUE,TRUE,FALSE
wst,Evol D Coil・Blue,エヴォルＤコイル・青,1930,1930,TRUE,TRUE,TRUE,TRUE,FALSE
wst,Evol D Coil・Purple,エヴォルＤコイル・紫,1931,1931,TRUE,TRUE,TRUE,TRUE,FALSE
wst,Blue Ice Emperor D Coil,蒼皇氷Ｄコイル,1871,1871,TRUE,TRUE,TRUE,TRUE,FALSE
wst,White Ice Emperor D Coil,白皇氷Ｄコイル,1872,1872,TRUE,TRUE,TRUE,TRUE,FALSE
wst,Red Ice Emperor D Coil,紅皇氷Ｄコイル,1873,1873,TRUE,TRUE,TRUE,TRUE,FALSE
wst,Rance C Faulds,ランセＣフォールド,1975,1975,TRUE,TRUE,TRUE,TRUE,FALSE
wst,Santa D Faulds,サンタＤフォールド,700,700,TRUE,TRUE,TRUE,TRUE,FALSE
wst,Anteka D Faulds,ガウシカＤフォールド,1527,1527,TRUE,TRUE,TRUE,TRUE,FALSE
wst,Sakufi D Coil,サクフィＤコイル,1911,1911,TRUE,TRUE,TRUE,TRUE,FALSE
wst,Asumo D Coil,アスモＤコイル,1932,1932,TRUE,TRUE,TRUE,TRUE,FALSE
wst,Dios D Coil,ディオスＤコイル,1921,1921,TRUE,TRUE,TRUE,TRUE,FALSE
wst,Asteli D Coil・White,アステリＤコイル・白,1693,1693,TRUE,TRUE,TRUE,TRUE,FALSE
wst,Asteli D Coil・Blue,アステリＤコイル・青,1694,1694,TRUE,TRUE,TRUE,TRUE,FALSE
wst,Asteli D Coil・Red,アステリＤコイル・赤,1695,1695,TRUE,TRUE,TRUE,TRUE,FALSE
wst,Asteli D Coil・Black,アステリＤコイル・黒,1696,1696,TRUE,TRUE,TRUE,TRUE,FALSE
wst,Lien D Coil・Blue,リアンＤコイル・青,392,392,TRUE,TRUE,TRUE,TRUE,FALSE
wst,Lien D Coil・Red,リアンＤコイル・赤,393,393,TRUE,TRUE,TRUE,TRUE,FALSE
wst,Lien D Coil・Black,リアンＤコイル・黒,394,394,TRUE,TRUE,TRUE,TRUE,FALSE
wst,Lien D Coil・White,リアンＤコイル・白,395,395,TRUE,TRUE,TRUE,TRUE,FALSE
wst,Lien D Coil・Crimson,リアンＤコイル・紅,408,408,TRUE,TRUE,TRUE,TRUE,FALSE
wst,Lien D Coil・藍,リアンＤコイル・藍,775,775,TRUE,TRUE,TRUE,TRUE,FALSE
wst,Lien D Coil・Peach,リアンＤコイル・桃,776,776,TRUE,TRUE,TRUE,TRUE,FALSE
wst,Carrol D Belt・Black,キャロルＤベルト・黒,1490,1490,TRUE,TRUE,TRUE,TRUE,FALSE
wst,Carrol D Belt・Blue,キャロルＤベルト・青,1491,1491,TRUE,TRUE,TRUE,TRUE,FALSE
wst,Carrol D Belt・White,キャロルＤベルト・白,1492,1492,TRUE,TRUE,TRUE,TRUE,FALSE
wst,Carrol D Belt・Red,キャロルＤベルト・赤,1493,1493,TRUE,TRUE,TRUE,TRUE,FALSE
wst,Carrol D Belt・Peach,キャロルＤベルト・桃,1726,1726,TRUE,TRUE,TRUE,TRUE,FALSE
wst,Gothic D Faulds,ゴシックＤフォールド,214,214,TRUE,TRUE,TRUE,TRUE,FALSE
wst,Kirin Dフープ,キリンＤフープ,79,79,TRUE,TRUE,TRUE,TRUE,FALSE
wst,Farunokku D Faulds,ファルノＤフォールド,1175,1175,TRUE,TRUE,TRUE,TRUE,FALSE
wst,Farunokku D Coat,ファルノＤコート,1176,1176,TRUE,TRUE,TRUE,TRUE,FALSE
wst,Pokara D Faulds,ポカラＤフォールド,1179,1179,TRUE,TRUE,TRUE,TRUE,FALSE
wst,Pokara D Coat,ポカラＤコート,1180,1180,TRUE,TRUE,TRUE,TRUE,FALSE
wst,Genesis D [Waist て】,創音奏Ｄ【腰当て】,1654,1654,TRUE,TRUE,TRUE,TRUE,FALSE
wst,Motion D [Waist て】,音紡奏Ｄ【腰当て】,1655,1655,TRUE,TRUE,TRUE,TRUE,FALSE
wst,Lightning D [Waist て】,照雷Ｄ【腰当て】,1802,1802,TRUE,TRUE,TRUE,TRUE,FALSE
wst,Thunder D [Waist て】,明雷Ｄ【腰当て】,1803,1803,TRUE,TRUE,TRUE,TRUE,FALSE
wst,Toridcless D Faulds,トリドＤフォールド,1760,1760,TRUE,TRUE,TRUE,TRUE,FALSE
wst,Toridcless D Coat,トリドＤコート,1761,1761,TRUE,TRUE,TRUE,TRUE,FALSE
wst,Guan D Coil,グァンＤコイル,1852,1852,TRUE,TRUE,TRUE,TRUE,FALSE
wst,Guan D Coat,グァンＤコート,1853,1853,TRUE,TRUE,TRUE,TRUE,FALSE
wst,Varusa D Faulds,ヴァルＤフォールド,1656,1656,TRUE,TRUE,TRUE,TRUE,FALSE
wst,Varusa D Coat,ヴァルＤコート,1657,1657,TRUE,TRUE,TRUE,TRUE,FALSE
wst,Toa D Faulds,トアＤフォールド,1875,1875,TRUE,TRUE,TRUE,TRUE,FALSE
wst,Toa D Coat,トアＤコート,1876,1876,TRUE,TRUE,TRUE,TRUE,FALSE
wst,Blitz Dフープ,ブリッツＤフープ,792,792,TRUE,TRUE,TRUE,TRUE,FALSE
wst,Stroma D Faulds,ストロマＤフォールド,1264,1264,TRUE,TRUE,TRUE,TRUE,FALSE
wst,Stroma D Coat,ストロマＤコート,1265,1265,TRUE,TRUE,TRUE,TRUE,FALSE
wst,Elegance D [Waistband 】,雅深Ｄ【腰帯】,1637,1637,TRUE,TRUE,TRUE,TRUE,FALSE
wst,Grace D [Waistband 】,雅淵Ｄ【腰帯】,1638,1638,TRUE,TRUE,TRUE,TRUE,FALSE
wst,Altera D Faulds,アルテラＤフォールド,1336,1336,TRUE,TRUE,TRUE,TRUE,FALSE
wst,Altera D Coat,アルテラＤコート,1337,1337,TRUE,TRUE,TRUE,TRUE,FALSE
wst,Pobo D Faulds,ポボルムＤフォールド,1652,1652,TRUE,TRUE,TRUE,TRUE,FALSE
wst,Pobo D Coat,ポボルムＤコート,1653,1653,TRUE,TRUE,TRUE,TRUE,FALSE
wst,Zinogre C Faulds,ジンオウＣフォールド,1794,1794,TRUE,TRUE,TRUE,TRUE,FALSE
wst,Zinogre C Coat,ジンオウＣコート,1795,1795,TRUE,TRUE,TRUE,TRUE,FALSE
wst,Hornetaur UD Faulds,タロスＵＤフォールド,145,145,TRUE,TRUE,TRUE,TRUE,FALSE
wst,Hornetaur UD Coat,タロスＵＤコート,145,145,TRUE,TRUE,TRUE,TRUE,FALSE
wst,Rathalos D Faulds,レウスＤフォールド,12,10,TRUE,TRUE,TRUE,TRUE,FALSE
wst,Rathalos D Coat,レウスＤコート,13,11,TRUE,TRUE,TRUE,TRUE,FALSE
wst,Gogo D Faulds,ゴゴＤフォールド,1030,1030,TRUE,TRUE,TRUE,TRUE,FALSE
wst,Gogo D Coat,ゴゴＤコート,1031,1031,TRUE,TRUE,TRUE,TRUE,FALSE
wst,Azul D Faulds,アスールＤフォールド,314,314,TRUE,TRUE,TRUE,TRUE,FALSE
wst,Azul D Coat,アスールＤコート,315,315,TRUE,TRUE,TRUE,TRUE,FALSE
wst,Harvest D Coil,ハーヴェストＤコイル,518,518,TRUE,TRUE,TRUE,TRUE,FALSE
wst,Harvest D Coat,ハーヴェストＤコート,519,519,TRUE,TRUE,TRUE,TRUE,FALSE
wst,Melan D Faulds,メランＤフォールド,363,363,TRUE,TRUE,TRUE,TRUE,FALSE
wst,Melan D Coat,メランＤコート,364,364,TRUE,TRUE,TRUE,TRUE,FALSE
wst,Diru D Faulds,ディールＤフォールド,562,562,TRUE,TRUE,TRUE,TRUE,FALSE
wst,Diru D Coat,ディールＤコート,563,563,TRUE,TRUE,TRUE,TRUE,FALSE
wst,Tandress D Coil,タンドレスＤコイル,1194,1194,TRUE,TRUE,TRUE,TRUE,FALSE
wst,Tandress D Coat,タンドレスＤコート,1195,1195,TRUE,TRUE,TRUE,TRUE,FALSE
wst,Rance D Faulds,ランセＤフォールド,1733,1733,TRUE,TRUE,TRUE,TRUE,FALSE
wst,Rance D Coat,ランセＤコート,1734,1734,TRUE,TRUE,TRUE,TRUE,FALSE
wst,Ganeto D Faulds,ガネトＤフォールド,1776,1776,TRUE,TRUE,TRUE,TRUE,FALSE
wst,Ganeto D Coat,ガネトＤコート,1777,1777,TRUE,TRUE,TRUE,TRUE,FALSE
wst,Chiru D Faulds,チールＤフォールド,1735,1735,TRUE,TRUE,TRUE,TRUE,FALSE
wst,Chiru D Coat,チールＤコート,1736,1736,TRUE,TRUE,TRUE,TRUE,FALSE
wst,Shiusu D Faulds,シウスＤフォールド,1837,1837,TRUE,TRUE,TRUE,TRUE,FALSE
wst,Shiusu D Coat,シウスＤコート,1838,1838,TRUE,TRUE,TRUE,TRUE,FALSE
wst,Once D Coat・無,ワンスＤコート・無,1988,1988,TRUE,TRUE,TRUE,TRUE,FALSE
wst,Pale Sakura D [Obi 】,淡桜Ｄ【帯】,754,754,TRUE,TRUE,TRUE,TRUE,FALSE
wst,Howla D Coil,ハウラＤコイル,1849,1849,TRUE,TRUE,TRUE,TRUE,FALSE
wst,Panse D Coil,パンセＤコイル,1967,1967,TRUE,TRUE,TRUE,TRUE,FALSE
wst,Marriage D Coil,マリジュＤコイル,1965,1965,TRUE,TRUE,TRUE,TRUE,FALSE
wst,Snow Miku D Coil,雪ミクＤコイル,0,1976,FALSE,TRUE,TRUE,TRUE,FALSE
wst,Miku D Coil,ミクＤコイル,1277,1277,TRUE,TRUE,TRUE,TRUE,FALSE
wst,Wasou Waistband D,和奏ノ腰帯Ｄ,1861,1861,TRUE,TRUE,TRUE,TRUE,FALSE
wst,Felyne D Coil,アイルーＤコイル,1906,1906,FALSE,TRUE,TRUE,TRUE,FALSE
wst,Brown D Coil,チャトラＤコイル,1907,1907,FALSE,TRUE,TRUE,TRUE,FALSE
wst,Monotone D Coil,シロＤコイル,1908,1908,FALSE,TRUE,TRUE,TRUE,FALSE
wst,Two-tone D Coil,クロシロＤコイル,1909,1909,FALSE,TRUE,TRUE,TRUE,FALSE
wst,Bistro D Apron,ビストロＤエプロン,192,192,TRUE,TRUE,TRUE,TRUE,FALSE
wst,Butterfly D Elytra,パピメルＤアンカ,0,244,FALSE,TRUE,TRUE,TRUE,FALSE
wst,Demon Lord ノ虎布D,鬼神ノ虎布Ｄ,435,435,TRUE,TRUE,TRUE,TRUE,FALSE
wst,Demon Tale ノ虎布D,鬼伝ノ虎布Ｄ,1848,1848,TRUE,TRUE,TRUE,TRUE,FALSE
wst,鬼凛ノ虎布D,鬼凛ノ虎布Ｄ,1920,1920,TRUE,TRUE,TRUE,TRUE,FALSE
wst,Empress C Coil,エンプレスＣコイル,172,172,TRUE,TRUE,TRUE,TRUE,FALSE
wst,Empress C Coat,エンプレスＣコート,173,173,TRUE,TRUE,TRUE,TRUE,FALSE
wst,Kaiser C Faulds,カイザーＣフォールド,170,170,TRUE,TRUE,TRUE,TRUE,FALSE
wst,Kaiser C Coat,カイザーＣコート,171,171,TRUE,TRUE,TRUE,TRUE,FALSE
wst,Dragon D Wing,ドラゴンＤウイング,35,36,TRUE,TRUE,TRUE,TRUE,FALSE
wst,Dragon Dテイル,ドラゴンＤテイル,36,34,TRUE,TRUE,TRUE,TRUE,FALSE
wst,Nargacuga C Faulds,ナルガＣフォールド,1850,1850,TRUE,TRUE,TRUE,TRUE,FALSE
wst,Nargacuga C Coat,ナルガＣコート,1851,1851,TRUE,TRUE,TRUE,TRUE,FALSE
wst,Harudo D Faulds,ハルドＤフォールド,1702,1702,TRUE,TRUE,TRUE,TRUE,FALSE
wst,Harudo D Coat,ハルドＤコート,1703,1703,TRUE,TRUE,TRUE,TRUE,FALSE
wst,Elegance D [Waistband 】,雅孔Ｄ【腰帯】,1550,1550,TRUE,TRUE,TRUE,TRUE,FALSE
wst,Grace D [Waistband 】,雅穿Ｄ【腰帯】,1551,1551,TRUE,TRUE,TRUE,TRUE,FALSE
wst,Meraginasu D Faulds,メラギＤフォールド,1484,1484,TRUE,TRUE,TRUE,TRUE,FALSE
wst,Meraginasu D Coat,メラギＤコート,1485,1485,TRUE,TRUE,TRUE,TRUE,FALSE
wst,Hesyumu D Coil,ヘシュムＤコイル,1933,1933,TRUE,TRUE,TRUE,TRUE,FALSE
wst,Kasamie D Coil,カサミエＤコイル,1966,1966,TRUE,TRUE,TRUE,TRUE,FALSE
wst,Cielo D Coil,シエロＤコイル,1845,1845,TRUE,TRUE,TRUE,TRUE,FALSE
wst,Vichi D Coil,ヴィーチＤコイル,1790,1790,TRUE,TRUE,TRUE,TRUE,FALSE
wst,Rocbouquet D Coil,ロックブーケＤコイル,1938,1938,FALSE,TRUE,TRUE,TRUE,FALSE
wst,Claudia D Coil,クローディアＤコイル,1939,1939,FALSE,TRUE,TRUE,TRUE,FALSE
wst,Kinosu D Faulds,キノスＤフォールド,439,439,TRUE,TRUE,TRUE,TRUE,FALSE
wst,Himeros D Faulds,ヒメロスＤフォールド,440,440,TRUE,TRUE,TRUE,TRUE,FALSE
wst,Charien D Coat,カリエンＤコート,441,441,TRUE,TRUE,TRUE,TRUE,FALSE
wst,Arietta D Waist,アリエッタＤウエスト,443,443,TRUE,TRUE,TRUE,TRUE,FALSE
wst,Craft D Coil,クラフトＤコイル,534,534,TRUE,TRUE,TRUE,TRUE,FALSE
wst,Shieri D Faulds,シエリーＤフォールド,556,556,TRUE,TRUE,TRUE,TRUE,FALSE
wst,Pupen D Faulds,プペンＤフォールド,741,741,TRUE,TRUE,TRUE,TRUE,FALSE
wst,Moss Cover D Faulds,モスカバＤフォールド,742,742,TRUE,TRUE,TRUE,TRUE,FALSE
wst,Excelle D Faulds,エクセレＤフォールド,740,740,TRUE,TRUE,TRUE,TRUE,FALSE
wst,Ordre D Faulds,オルドルＤフォールド,1789,1789,TRUE,TRUE,TRUE,TRUE,FALSE
wst,Rath Duo D Coil,リオデュオＤコイル,456,456,TRUE,TRUE,TRUE,TRUE,FALSE
wst,Atra D Coil,アトラＤコイル,672,672,TRUE,TRUE,TRUE,TRUE,FALSE
wst,Madaru D Coil,マダルＤコイル,1162,1162,TRUE,TRUE,TRUE,TRUE,FALSE
wst,Shasse D Faulds,シャッセＤフォールド,733,733,TRUE,TRUE,TRUE,TRUE,FALSE
wst,Orchesis D Coil,オルケシスＤコイル,1002,1002,TRUE,TRUE,TRUE,TRUE,FALSE
wst,Blize D Faulds,ブリゼＤフォールド,1260,1260,TRUE,TRUE,TRUE,TRUE,FALSE
wst,Quoiz D Coil,クオイズＤコイル,1670,1670,TRUE,TRUE,TRUE,TRUE,FALSE
wst,Kalais D Coil,カライスＤコイル,1671,1671,TRUE,TRUE,TRUE,TRUE,FALSE
wst,Lucchese D Coil,ルケーゼＤコイル,1672,1672,TRUE,TRUE,TRUE,TRUE,FALSE
wst,Entora D Coil,エントラＤコイル,1029,1029,TRUE,TRUE,TRUE,TRUE,FALSE
wst,Penre D Coil,ペンレＤコイル,1968,1968,TRUE,TRUE,TRUE,TRUE,FALSE
wst,Rokka D Coil,ロッカＤコイル,1969,1969,TRUE,TRUE,TRUE,TRUE,FALSE
wst,YoRHa No.2 Type B D Coil,ﾖﾙﾊ二号B型Ｄコイル,1990,1990,FALSE,TRUE,TRUE,TRUE,FALSE
wst,トリートC Waist,トリートＣウエスト,2083,2083,TRUE,TRUE,TRUE,TRUE,FALSE
wst,Craft C Coil,クラフトＣコイル,2084,2084,TRUE,TRUE,TRUE,TRUE,FALSE
wst,Cielo C Coil,シエロＣコイル,2085,2085,TRUE,TRUE,TRUE,TRUE,FALSE
wst,Felyne C Coil,アイルーＣコイル,2086,2086,TRUE,TRUE,TRUE,TRUE,FALSE
wst,Knight King Waist BM D Blue,騎士王の腰当：剣Ｄ青,0,1278,FALSE,TRUE,TRUE,TRUE,FALSE
wst,Knight King Waist BM D Red,騎士王の腰当：剣Ｄ赤,0,1279,FALSE,TRUE,TRUE,TRUE,FALSE
wst,Knight King Waist BM D Black,騎士王の腰当：剣Ｄ黒,0,1280,FALSE,TRUE,TRUE,TRUE,FALSE
wst,Knight King Waist BM D White,騎士王の腰当：剣Ｄ白,0,1281,FALSE,TRUE,TRUE,TRUE,FALSE
wst,Gorgon D Coil・Black,ゴルゴンＤコイル・黒,0,0,FALSE,TRUE,TRUE,TRUE,FALSE
wst,Gorgon D Coil・Blue,ゴルゴンＤコイル・青,0,0,FALSE,TRUE,TRUE,TRUE,FALSE
wst,Gorgon D Coil・White,ゴルゴンＤコイル・白,0,0,FALSE,TRUE,TRUE,TRUE,FALSE
wst,Gorgon D Coil・Red,ゴルゴンＤコイル・赤,0,0,FALSE,TRUE,TRUE,TRUE,FALSE
wst,Arben D Coil,アーベンＤコイル,1925,1925,TRUE,TRUE,TRUE,TRUE,FALSE
wst,Aura D Coil,アウラＤコイル,1846,1846,TRUE,TRUE,TRUE,TRUE,FALSE
wst,Gagachu D Coil,ガガチュＤコイル,1831,1831,TRUE,TRUE,TRUE,TRUE,FALSE
wst,Kurofi D Coil,クロフィＤコイル,1910,1910,TRUE,TRUE,TRUE,TRUE,FALSE
wst,Keravuno D Coil,ケラヴノＤコイル,1791,1791,TRUE,TRUE,TRUE,TRUE,FALSE
wst,Espinas ZD Navel,エスピナZDナーベル,1944,1944,TRUE,TRUE,TRUE,TRUE,FALSE
wst,Espinas ZD Belly,エスピナZDガイツ,1945,1945,TRUE,TRUE,TRUE,TRUE,FALSE
wst,Hypnoc ZD Faulds,ヒプノZDフォールド,1948,1948,TRUE,TRUE,TRUE,TRUE,FALSE
wst,Hypnoc ZD Coat,ヒプノZDコート,1949,1949,TRUE,TRUE,TRUE,TRUE,FALSE
wst,Khezu ZD Faulds,フルフルZDフォールド,1952,1952,TRUE,TRUE,TRUE,TRUE,FALSE
wst,Khezu ZD Coat,フルフルZDコート,1953,1953,TRUE,TRUE,TRUE,TRUE,FALSE
wst,Hermitaur ZD Faulds,ザザミZDフォールド,1954,1954,TRUE,TRUE,TRUE,TRUE,FALSE
wst,Hermitaur ZD Coat,ザザミZDコート,1955,1955,TRUE,TRUE,TRUE,TRUE,FALSE
wst,Rathalos ZD Coil,レウスZDコイル,1950,1950,TRUE,TRUE,TRUE,TRUE,FALSE
wst,Rathalos ZD Coat,レウスZDコート,1951,1951,TRUE,TRUE,TRUE,TRUE,FALSE
wst,Blango ZD Coil,ブランゴZDコイル,1956,1956,TRUE,TRUE,TRUE,TRUE,FALSE
wst,Blango ZD Coat,ブランゴZDコート,1957,1957,TRUE,TRUE,TRUE,TRUE,FALSE
wst,Vashimu ZD Coil,ヴァシムZDコイル,1946,1946,TRUE,TRUE,TRUE,TRUE,FALSE
wst,Vashimu ZD Coat,ヴァシムZDコート,1947,1947,TRUE,TRUE,TRUE,TRUE,FALSE
wst,Tigrex ZD Coil,レックスZDコイル,1958,1958,TRUE,TRUE,TRUE,TRUE,FALSE
wst,Tigrex ZD Coat,レックスZDコート,1959,1959,TRUE,TRUE,TRUE,TRUE,FALSE
wst,Hyujikiki ZD Coil,ヒュジZDコイル,1977,1977,TRUE,TRUE,TRUE,TRUE,FALSE
wst,Hyujikiki ZD Coat,ヒュジZDコート,1978,1978,TRUE,TRUE,TRUE,TRUE,FALSE
wst,Gear ZD Coil,ギアZDコイル,1981,1981,TRUE,TRUE,TRUE,TRUE,FALSE
wst,Gear ZD Coat,ギアZDコート,1982,1982,TRUE,TRUE,TRUE,TRUE,FALSE
wst,Muruta D Coil,ムルタＤコイル,1825,1825,TRUE,TRUE,TRUE,TRUE,FALSE
wst,Midogaron ZD Coil,ミドZDコイル,1979,1979,TRUE,TRUE,TRUE,TRUE,FALSE
wst,Midogaron ZD Coat,ミドZDコート,1980,1980,TRUE,TRUE,TRUE,TRUE,FALSE
wst,White Fatalis Dスパイン,祖龍Ｄスパイン,1710,1710,TRUE,TRUE,TRUE,TRUE,FALSE
wst,White Fatalis Dスケイル,祖龍Ｄスケイル,1711,1711,TRUE,TRUE,TRUE,TRUE,FALSE
wst,Elzelion D Coil,エルゼＤコイル,2090,2090,TRUE,TRUE,TRUE,TRUE,FALSE
wst,Elzelion D Coat,エルゼＤコート,2091,2091,TRUE,TRUE,TRUE,TRUE,FALSE
wst,Zakka D Coil,ザッカＤコイル,1970,1970,TRUE,TRUE,TRUE,TRUE,FALSE
wst,十ノ軌跡C Coil,十ノ軌跡Ｃコイル,2058,2058,TRUE,TRUE,TRUE,TRUE,FALSE
wst,十ノ至道C Coat,十ノ至道Ｃコート,2059,2059,TRUE,TRUE,TRUE,TRUE,FALSE
wst,Rantana D Coil,ランタナＤコイル,2081,2081,TRUE,TRUE,TRUE,TRUE,FALSE
wst,Eris D Coil,エリスＤコイル,2107,2107,TRUE,TRUE,TRUE,TRUE,FALSE
wst,Magisa D Coil・Red,マギサＤコイル・赤,374,374,TRUE,TRUE,TRUE,TRUE,FALSE
wst,Magisa D Coil・Black,マギサＤコイル・黒,387,387,TRUE,TRUE,TRUE,TRUE,FALSE
wst,Magisa D Coil・Green,マギサＤコイル・緑,376,376,TRUE,TRUE,TRUE,TRUE,FALSE
wst,Magisa D Coil・White,マギサＤコイル・白,377,377,TRUE,TRUE,TRUE,TRUE,FALSE
wst,Magisa D Coil・Blue,マギサＤコイル・青,375,375,TRUE,TRUE,TRUE,TRUE,FALSE
wst,Waka Waistband D,和花ノ腰帯Ｄ,1860,1860,TRUE,TRUE,TRUE,TRUE,FALSE
wst,Shaln D Belt・Blue,シャランＤベルト・青,449,449,TRUE,TRUE,TRUE,TRUE,FALSE
wst,Shaln D Belt・Green,シャランＤベルト・緑,450,450,TRUE,TRUE,TRUE,TRUE,FALSE
wst,Shaln D Belt・Purple,シャランＤベルト・紫,451,451,TRUE,TRUE,TRUE,TRUE,FALSE
wst,Shaln D Belt・White,シャランＤベルト・白,452,452,TRUE,TRUE,TRUE,TRUE,FALSE
wst,Shaln D Belt・Red,シャランＤベルト・赤,453,453,TRUE,TRUE,TRUE,TRUE,FALSE
wst,Shaln D Belt・Crimson,シャランＤベルト・紅,517,517,TRUE,TRUE,TRUE,TRUE,FALSE
wst,Shaln D Belt・Orange,シャランＤベルト・橙,516,516,TRUE,TRUE,TRUE,TRUE,FALSE
wst,Carriage D Coil,キャリッジＤコイル,1520,1520,TRUE,TRUE,TRUE,TRUE,FALSE
wst,Marble D Coil,マーブルＤコイル,1522,1522,TRUE,TRUE,TRUE,TRUE,FALSE
wst,Shandy D Coil,シャンディＤコイル,1523,1523,TRUE,TRUE,TRUE,TRUE,FALSE
wst,Banquet D Coil,バンケットＤコイル,1521,1521,TRUE,TRUE,TRUE,TRUE,FALSE
wst,Korinyi D Belt,コリニィＤベルト,2087,2087,TRUE,TRUE,TRUE,TRUE,FALSE
wst,Renka Obi D,煉華ノ帯Ｄ,2108,2108,TRUE,TRUE,TRUE,TRUE,FALSE
wst,Kukubo D Coil,ククボＤコイル,701,701,TRUE,TRUE,TRUE,TRUE,FALSE
wst,Kakabu D Coil,カカブＤコイル,1069,1069,TRUE,TRUE,TRUE,TRUE,FALSE
wst,Aruru D Coil,アルルＤコイル,1116,1116,TRUE,TRUE,TRUE,TRUE,FALSE
wst,Red Cat Dテイル,あかねこ服Ｄテイル,396,396,TRUE,TRUE,TRUE,TRUE,FALSE
wst,Rios D Faulds,ライオスＤフォールド,1681,1681,TRUE,TRUE,TRUE,TRUE,FALSE
wst,Bonito D Faulds,ボニトＤフォールド,1682,1682,TRUE,TRUE,TRUE,TRUE,FALSE
wst,Meirida D Faulds,メイリダＤフォールド,1737,1737,TRUE,TRUE,TRUE,TRUE,FALSE
wst,Miniomu D Faulds,ミニオムＤフォールド,1775,1775,TRUE,TRUE,TRUE,TRUE,FALSE
wst,Harimeno D Faulds,ハリメノＤフォールド,1836,1836,TRUE,TRUE,TRUE,TRUE,FALSE
wst,Deliver D Faulds,デリヴＤフォールド,1251,1251,TRUE,TRUE,TRUE,TRUE,FALSE
wst,Asaku D Faulds,アサークＤフォールド,1252,1252,TRUE,TRUE,TRUE,TRUE,FALSE
wst,Desordre D Faulds,デゾルトＤフォールド,1253,1253,TRUE,TRUE,TRUE,TRUE,FALSE
wst,Haragan D Faulds,ハラガンＤフォールド,1679,1679,TRUE,TRUE,TRUE,TRUE,FALSE
wst,Abuyado D Faulds,アブヤドＤフォールド,1680,1680,TRUE,TRUE,TRUE,TRUE,FALSE
wst,Rukodiora ZD Coil,ルコZDコイル,2092,2092,TRUE,TRUE,TRUE,TRUE,FALSE
wst,Rukodiora ZD Coat,ルコZDコート,2093,2093,TRUE,TRUE,TRUE,TRUE,FALSE
wst,Plesioth ZD Coil,ガノZDコイル,2094,2094,TRUE,TRUE,TRUE,TRUE,FALSE
wst,Plesioth ZD Coat,ガノZDコート,2095,2095,TRUE,TRUE,TRUE,TRUE,FALSE
wst,Sharufu D Coil,シャルフＤコイル,1984,1984,TRUE,TRUE,TRUE,TRUE,FALSE
wst,Kamara D Coil,カマラＤコイル,2082,2082,TRUE,TRUE,TRUE,TRUE,FALSE
wst,Liebre D Coil,リエブレＤコイル,2099,2099,TRUE,TRUE,TRUE,TRUE,FALSE
wst,Korinyi C Belt,コリニィＣベルト,2098,2098,TRUE,TRUE,TRUE,TRUE,FALSE
wst,Ruche D Coil,ルーチェＤコイル,2105,2105,TRUE,TRUE,TRUE,TRUE,FALSE
wst,Rage D Coil,レイジＤコイル,571,571,TRUE,TRUE,TRUE,TRUE,FALSE
wst,Rampage D Coil,ランページＤコイル,572,572,TRUE,TRUE,TRUE,TRUE,FALSE
wst,Blaze D Coil,ブレイズＤコイル,573,573,TRUE,TRUE,TRUE,TRUE,FALSE
wst,Poogie D Hip,プーギーＤヒップ,1022,1022,TRUE,TRUE,TRUE,TRUE,FALSE
wst,Mandora D Coil,マンドラＤコイル,1024,1024,TRUE,TRUE,TRUE,TRUE,FALSE
wst,Aonoko D Coil,アオノコＤコイル,1023,1023,TRUE,TRUE,TRUE,TRUE,FALSE
wst,Gauss D Coil,ガウスＤコイル,1130,1130,TRUE,TRUE,TRUE,TRUE,FALSE
wst,Weber D Coil,ウェーバＤコイル,1131,1131,TRUE,TRUE,TRUE,TRUE,FALSE
wst,Gilbert D Coil,ギルバートＤコイル,1132,1132,TRUE,TRUE,TRUE,TRUE,FALSE
wst,Zuibei D Navel,ズィベイＤナーベル,1510,1510,TRUE,TRUE,TRUE,TRUE,FALSE
wst,Chiarim D Coil,チアリムＤコイル,1864,1864,TRUE,TRUE,TRUE,TRUE,FALSE
wst,Scholar C Skirt,スカラーＣスカート,0,1842,FALSE,TRUE,TRUE,TRUE,FALSE
wst,Rhopessa C Elytra,ファルメルＣアンカ,0,1816,FALSE,TRUE,TRUE,TRUE,FALSE
wst,Yukumo ノオビC・Heaven,ユクモノオビＣ・天,1804,1804,TRUE,TRUE,TRUE,TRUE,FALSE
wst,White 蘭D Coil,白蘭Ｄコイル,1558,1558,TRUE,TRUE,TRUE,TRUE,FALSE
wst,Crimson 霞D Coil,紅霞Ｄコイル,1559,1559,TRUE,TRUE,TRUE,TRUE,FALSE
wst,Demonclad ノ虎布D,鬼穿ノ虎布Ｄ,1974,1974,TRUE,TRUE,TRUE,TRUE,FALSE
wst,Tangusu D Coil,タングスＤコイル,1160,1160,TRUE,TRUE,TRUE,TRUE,FALSE
wst,Disu D Faulds,ディスＤフォールド,1187,1187,TRUE,TRUE,TRUE,TRUE,FALSE
wst,Disu D Coat,ディスＤコート,1188,1188,TRUE,TRUE,TRUE,TRUE,FALSE
wst,Lils D Faulds,リルスＤフォールド,790,790,TRUE,TRUE,TRUE,TRUE,FALSE
wst,Lils D Coat,リルスＤコート,791,791,TRUE,TRUE,TRUE,TRUE,FALSE
wst,Dragon SC Wing,ドラゴンSCウイング,140,140,TRUE,TRUE,TRUE,TRUE,FALSE
wst,Dragon SCテイル,ドラゴンSCテイル,141,141,TRUE,TRUE,TRUE,TRUE,FALSE
wst,Dragon GD Wing,ドラゴンGDウイング,1537,1537,TRUE,TRUE,TRUE,TRUE,FALSE
wst,Dragon GDテイル,ドラゴンGDテイル,1538,1538,TRUE,TRUE,TRUE,TRUE,FALSE
wst,Vulcan D Wing,バルカンＤウイング,50,50,TRUE,TRUE,TRUE,TRUE,FALSE
wst,Vulcan Dテイル,バルカンＤテイル,51,51,TRUE,TRUE,TRUE,TRUE,FALSE
wst,Vulcan GD Wing,バルカンGDウイング,1539,1539,TRUE,TRUE,TRUE,TRUE,FALSE
wst,Vulcan GDテイル,バルカンGDテイル,1540,1540,TRUE,TRUE,TRUE,TRUE,FALSE
wst,Garnet D Coil,ガーネットＤコイル,658,658,TRUE,TRUE,TRUE,TRUE,FALSE
wst,Amethyst D Coil,アメジストＤコイル,659,659,TRUE,TRUE,TRUE,TRUE,FALSE
wst,Coral D Coil,コーラルＤコイル,660,660,TRUE,TRUE,TRUE,TRUE,FALSE
wst,Quartz D Coil,クォーツＤコイル,661,661,TRUE,TRUE,TRUE,TRUE,FALSE
wst,Emerald D Coil,エメラルドＤコイル,664,664,TRUE,TRUE,TRUE,TRUE,FALSE
wst,Pearl D Coil,パールＤコイル,665,665,TRUE,TRUE,TRUE,TRUE,FALSE
wst,Ruby D Coil,ルビーＤコイル,662,662,TRUE,TRUE,TRUE,TRUE,FALSE
wst,Sapphire D Coil,サファイアＤコイル,663,663,TRUE,TRUE,TRUE,TRUE,FALSE
wst,Topaz D Coat,トパーズＤコート,666,666,TRUE,TRUE,TRUE,TRUE,FALSE
wst,Tourmaline D Coat,トルマリンＤコート,667,667,TRUE,TRUE,TRUE,TRUE,FALSE
wst,Lapis D Coat,ラピスＤコート,668,668,TRUE,TRUE,TRUE,TRUE,FALSE
wst,Hisui D Coil,ヒスイＤコイル,1541,1541,TRUE,TRUE,TRUE,TRUE,FALSE
wst,Onyx D Coil,オニキスＤコイル,1889,1889,TRUE,TRUE,TRUE,TRUE,FALSE
wst,Mosswine Hip D,モスヒップＤ,196,196,TRUE,TRUE,TRUE,TRUE,FALSE
wst,Remobra ーツ Belt D,ガブラスーツベルトＤ,200,200,TRUE,TRUE,TRUE,TRUE,FALSE
wst,Battle Coat PD Blue,バトルコートPD青,279,279,TRUE,TRUE,TRUE,TRUE,FALSE
wst,Battle Coat PD Yellow,バトルコートPD黄,281,281,TRUE,TRUE,TRUE,TRUE,FALSE
wst,Battle Coat PD Purple,バトルコートPD紫,283,283,TRUE,TRUE,TRUE,TRUE,FALSE
wst,Rathian Coil PD Blue,レイアコイルPD青,302,302,TRUE,TRUE,TRUE,TRUE,FALSE
wst,Rathian Coil PD Red,レイアコイルPD赤,304,304,TRUE,TRUE,TRUE,TRUE,FALSE
wst,Rathian Coil PD Black,レイアコイルPD黒,306,306,TRUE,TRUE,TRUE,TRUE,FALSE
wst,Khezu Coil PD Blue,フルフルコイルPD青,308,308,TRUE,TRUE,TRUE,TRUE,FALSE
wst,Khezu Coil PD Green,フルフルコイルPD緑,310,310,TRUE,TRUE,TRUE,TRUE,FALSE
wst,Khezu Coil PD Black,フルフルコイルPD黒,312,312,TRUE,TRUE,TRUE,TRUE,FALSE
wst,Espinas Coil PD Red,エスピナコイルPD赤,316,316,TRUE,TRUE,TRUE,TRUE,FALSE
wst,Espinas Coil PD Blue,エスピナコイルPD青,318,318,TRUE,TRUE,TRUE,TRUE,FALSE
wst,Espinas Coil PD Yellow,エスピナコイルPD黄,320,320,TRUE,TRUE,TRUE,TRUE,FALSE
wst,Espinas Coat PD Red,エスピナコートPD赤,317,317,TRUE,TRUE,TRUE,TRUE,FALSE
wst,Espinas Coat PD Blue,エスピナコートPD青,319,319,TRUE,TRUE,TRUE,TRUE,FALSE
wst,Espinas Coat PD Yellow,エスピナコートPD黄,321,321,TRUE,TRUE,TRUE,TRUE,FALSE
wst,Healer Frill PD Blue,ヒーラーフリルPD青,0,284,FALSE,TRUE,TRUE,TRUE,FALSE
wst,Healer Frill PD White,ヒーラーフリルPD白,0,286,FALSE,TRUE,TRUE,TRUE,FALSE
wst,Healer Frill PD Yellow,ヒーラーフリルPD黄,0,288,FALSE,TRUE,TRUE,TRUE,FALSE
wst,Shourou 【越腰】D,ショウロウ【越腰】Ｄ,1181,1181,TRUE,TRUE,TRUE,TRUE,FALSE
wst,Mitama 【越腰】D,ミタマ【越腰】Ｄ,1182,1182,TRUE,TRUE,TRUE,TRUE,FALSE
wst,Burning Cliff D [Waist て】,焔嶽Ｄ【腰当て】,1942,1942,TRUE,TRUE,TRUE,TRUE,FALSE
wst,Crimson Cliff D [Waist て】,緋嶽Ｄ【腰当て】,1943,1943,TRUE,TRUE,TRUE,TRUE,FALSE
wst,Ledia D Coil,ルディアＤコイル,535,535,TRUE,TRUE,TRUE,TRUE,FALSE
wst,White Snake Obi D,白蛇ノ帯Ｄ,749,749,TRUE,TRUE,TRUE,TRUE,FALSE
wst,Black Tiger Obi D,黒虎ノ帯Ｄ,748,748,TRUE,TRUE,TRUE,TRUE,FALSE
wst,Crushing Fog D [Obi 】,崩霧Ｄ【帯】,750,750,TRUE,TRUE,TRUE,TRUE,FALSE
wst,Valued Word Obi D,納言ノ帯Ｄ,752,752,TRUE,TRUE,TRUE,TRUE,FALSE
wst,Blue Sky Obi D,蒼空ノ帯Ｄ,746,746,TRUE,TRUE,TRUE,TRUE,FALSE
wst,Noon Glow Obi D,夕焼ノ帯Ｄ,747,747,TRUE,TRUE,TRUE,TRUE,FALSE
wst,Kosho D [Obi 】,紅昇Ｄ【帯】,1740,1740,TRUE,TRUE,TRUE,TRUE,FALSE
wst,True Shadow Obi D,絶影ノ帯Ｄ,751,751,TRUE,TRUE,TRUE,TRUE,FALSE
wst,Furogada D Coil,フロガダＤコイル,1732,1732,TRUE,TRUE,TRUE,TRUE,FALSE
wst,Lars D Faulds,ラースＤフォールド,1224,1224,TRUE,TRUE,TRUE,TRUE,FALSE
wst,Donru D Faulds,ドゥンルＤフォールド,2078,2078,TRUE,TRUE,TRUE,TRUE,FALSE
wst,Inagami ZD Coil,イナガミZDコイル,2113,2113,TRUE,TRUE,TRUE,TRUE,FALSE
wst,Barioth C Faulds,ベリオＣフォールド,1812,1812,TRUE,TRUE,TRUE,TRUE,FALSE
wst,Barioth C Coat,ベリオＣコート,1813,1813,TRUE,TRUE,TRUE,TRUE,FALSE
wst,Brachy C Faulds,ブラキＣフォールド,1798,1798,TRUE,TRUE,TRUE,TRUE,FALSE
wst,Brachy C Coat,ブラキＣコート,1799,1799,TRUE,TRUE,TRUE,TRUE,FALSE
wst,Uragaan C Faulds,ガンキンＣフォールド,1814,1814,TRUE,TRUE,TRUE,TRUE,FALSE
wst,Uragaan C Coat,ガンキンＣコート,1815,1815,TRUE,TRUE,TRUE,TRUE,FALSE
wst,Stygian C Faulds,獄狼Ｃフォールド,1914,1914,TRUE,TRUE,TRUE,TRUE,FALSE
wst,Stygian C Coat,獄狼Ｃコート,1915,1915,TRUE,TRUE,TRUE,TRUE,FALSE
wst,Gore C Faulds,ゴアＣフォールド,1926,1926,TRUE,TRUE,TRUE,TRUE,FALSE
wst,Gore C Coat,ゴアＣコート,1927,1927,TRUE,TRUE,TRUE,TRUE,FALSE
wst,Vangis C Coil,バンギスＣコイル,1796,1796,TRUE,TRUE,TRUE,TRUE,FALSE
wst,Vangis C Coat,バンギスＣコート,1797,1797,TRUE,TRUE,TRUE,TRUE,FALSE
wst,Shagaru C Faulds,シャガルＣフォールド,1986,1986,TRUE,TRUE,TRUE,TRUE,FALSE
wst,Shagaru C Coat,シャガルＣコート,1987,1987,TRUE,TRUE,TRUE,TRUE,FALSE
wst,Inagami ZD Coat,イナガミZDコート,2114,2114,TRUE,TRUE,TRUE,TRUE,FALSE
wst,Tempest C [Obi 】,荒天Ｃ【帯】,2111,2111,TRUE,TRUE,TRUE,TRUE,FALSE
wst,Welkin C [Obi 】,蒼天Ｃ【帯】,2112,2112,TRUE,TRUE,TRUE,TRUE,FALSE
wst,Levin D Coil,レビンＤコイル,2106,2106,TRUE,TRUE,TRUE,TRUE,FALSE
wst,Rose Ball Gown D・Waist,薔薇の舞踏服Ｄ・腰当,2132,2132,FALSE,TRUE,TRUE,TRUE,FALSE
wst,Shui D Coil,シュイＤコイル,2121,2121,TRUE,TRUE,TRUE,TRUE,FALSE
wst,AB Layer D BM Waist Red,ABレイヤーＤ腰：剣赤,0,1746,FALSE,TRUE,TRUE,TRUE,FALSE
wst,AB Layer D BM Waist Blue,ABレイヤーＤ腰：剣青,0,1747,FALSE,TRUE,TRUE,TRUE,FALSE
wst,AB Layer D BM Waist Black,ABレイヤーＤ腰：剣黒,0,1748,FALSE,TRUE,TRUE,TRUE,FALSE
wst,AB Layer D BM Waist White,ABレイヤーＤ腰：剣白,0,1749,FALSE,TRUE,TRUE,TRUE,FALSE
wst,Ruban D Waist,リュバンＤウエスト,0,1687,FALSE,TRUE,TRUE,TRUE,FALSE
wst,Orloj D Waist,オルロジュＤウエスト,0,1688,FALSE,TRUE,TRUE,TRUE,FALSE
wst,Bright D Faulds,ブライトＤフォールド,1215,1215,TRUE,TRUE,TRUE,TRUE,FALSE
wst,Juari D Faulds,ジュアリＤフォールド,1216,1216,TRUE,TRUE,TRUE,TRUE,FALSE
wst,Tinku D Faulds,ティンクＤフォールド,1217,1217,TRUE,TRUE,TRUE,TRUE,FALSE
wst,Shatemu D Waist,シャテムＤウエスト,1301,1301,TRUE,TRUE,TRUE,TRUE,FALSE
wst,Hevria D Waist,ヘヴリアＤウエスト,1302,1302,TRUE,TRUE,TRUE,TRUE,FALSE
wst,Tiuru D Waist,ティルルＤウエスト,1303,1303,TRUE,TRUE,TRUE,TRUE,FALSE
wst,Kaila D Coil,カイラＤコイル,1830,1830,TRUE,TRUE,TRUE,TRUE,FALSE
wst,Fonce D Coil,フォンセＤコイル,2089,2089,TRUE,TRUE,TRUE,TRUE,FALSE
wst,Hypnoc ルータD Waist,ヒプノルータＤウエスト,407,407,TRUE,TRUE,TRUE,TRUE,FALSE
wst,Hypnolia D Waist,ヒプノリアＤウエスト,438,438,TRUE,TRUE,TRUE,TRUE,FALSE
wst,Es Quera D Waist,エス・クェラＤウエスト,415,415,TRUE,TRUE,TRUE,TRUE,FALSE
wst,Ecole D Waist,エコールＤウエスト,460,460,TRUE,TRUE,TRUE,TRUE,FALSE
wst,Guns D Waist,ガンズＤウエスト,434,434,TRUE,TRUE,TRUE,TRUE,FALSE
wst,Agria D Waist,アグリアＤウエスト,478,478,TRUE,TRUE,TRUE,TRUE,FALSE
wst,Fauve D Waist,フォーヴＤウエスト,479,479,TRUE,TRUE,TRUE,TRUE,FALSE
wst,ティーアD Waist,ティーアＤウエスト,520,520,TRUE,TRUE,TRUE,TRUE,FALSE
wst,Muse D Waist,ミューズＤウエスト,521,521,TRUE,TRUE,TRUE,TRUE,FALSE
wst,Dicto D Waist,ディクトＤウエスト,553,553,TRUE,TRUE,TRUE,TRUE,FALSE
wst,Kruss D Waist,クリュスＤウエスト,558,558,TRUE,TRUE,TRUE,TRUE,FALSE
wst,Starina D Waist,スタリナＤウエスト,559,559,TRUE,TRUE,TRUE,TRUE,FALSE
wst,Loose D Waist,ルースＤウエスト,561,561,TRUE,TRUE,TRUE,TRUE,FALSE
wst,Mirado D Waist,ミラドＤウエスト,671,671,TRUE,TRUE,TRUE,TRUE,FALSE
wst,Deyuru D Faulds,デュールＤフォールド,677,677,TRUE,TRUE,TRUE,TRUE,FALSE
wst,Robust Dアンダ,ロバストＤアンダ,678,678,TRUE,TRUE,TRUE,TRUE,FALSE
wst,Falco D Faulds,ファルコＤフォールド,706,706,TRUE,TRUE,TRUE,TRUE,FALSE
wst,Howx D Faulds,ハウクスＤフォールド,743,743,TRUE,TRUE,TRUE,TRUE,FALSE
wst,Pirata D Faulds,ピラータＤフォールド,774,774,TRUE,TRUE,TRUE,TRUE,FALSE
wst,Zeroi D Faulds,ゼロイＤフォールド,1000,1000,TRUE,TRUE,TRUE,TRUE,FALSE
wst,Rail D Coil,レイルＤコイル,1014,1014,TRUE,TRUE,TRUE,TRUE,FALSE
wst,Ridere D Coil,リーデレＤコイル,1027,1027,TRUE,TRUE,TRUE,TRUE,FALSE
wst,Riot D Faulds,リエットＤフォールド,1041,1041,TRUE,TRUE,TRUE,TRUE,FALSE
wst,Rutare D Faulds,ルターレＤフォールド,1057,1057,TRUE,TRUE,TRUE,TRUE,FALSE
wst,Rolling Flow の Waist て・D,流転の腰当て・Ｄ,1071,1071,TRUE,TRUE,TRUE,TRUE,FALSE
wst,Rolling Sky の Waist て・D,嵐転の腰当て・Ｄ,1072,1072,TRUE,TRUE,TRUE,TRUE,FALSE
wst,Cubie D Coil,キュビィＤコイル,1124,1124,TRUE,TRUE,TRUE,TRUE,FALSE
wst,Kemor D Coil,ケモルＤコイル,1125,1125,TRUE,TRUE,TRUE,TRUE,FALSE
wst,Latria D Coil,ラトリアＤコイル,1153,1153,TRUE,TRUE,TRUE,TRUE,FALSE
wst,Kontao D Coil,コンタオＤコイル,1154,1154,TRUE,TRUE,TRUE,TRUE,FALSE
wst,Ukon D Belt,オービスＤベルト,1203,1203,TRUE,TRUE,TRUE,TRUE,FALSE
wst,ロットD Belt,ロットＤベルト,1204,1204,TRUE,TRUE,TRUE,TRUE,FALSE
wst,Shoko D Waist,ウーコンＤウエスト,1249,1249,TRUE,TRUE,TRUE,TRUE,FALSE
wst,Nimbus D Waist,ニンバスＤウエスト,1250,1250,TRUE,TRUE,TRUE,TRUE,FALSE
wst,Moonlight Obi・D,月陽ノ帯・Ｄ,1304,1304,TRUE,TRUE,TRUE,TRUE,FALSE
wst,Dawnbreak Obi・D,曙光ノ帯・Ｄ,1305,1305,TRUE,TRUE,TRUE,TRUE,FALSE
wst,Toridcless ZD Faulds,トリドZDフォールド,2115,2115,TRUE,TRUE,TRUE,TRUE,FALSE
wst,Toridcless ZD Coat,トリドZDコート,2116,2116,TRUE,TRUE,TRUE,TRUE,FALSE
wst,Doragyurosu ZD Faulds,ドラギュZDフォールド,2117,2117,TRUE,TRUE,TRUE,TRUE,FALSE
wst,Doragyurosu ZD Coat,ドラギュZDコート,2118,2118,TRUE,TRUE,TRUE,TRUE,FALSE
wst,Alfi D Faulds,アルフィＤフォールド,2119,2119,TRUE,TRUE,TRUE,TRUE,FALSE
wst,Kaifa D Coil,カイファＤコイル,2122,2122,TRUE,TRUE,TRUE,TRUE,FALSE
wst,Straza D Faulds,ストラザＤフォールド,2123,2123,TRUE,TRUE,TRUE,TRUE,FALSE
wst,Renka Obi C,煉華ノ帯Ｃ,2131,2131,TRUE,TRUE,TRUE,TRUE,FALSE
wst,VM Equipment D,立体機動装置Ｄ,1533,1533,TRUE,TRUE,TRUE,TRUE,FALSE
wst,Holy Maiden Armor D・Waist,救国の聖女服Ｄ・腰当,0,2134,FALSE,TRUE,TRUE,TRUE,FALSE
wst,Rebellion Armour D・Waist,叛逆の甲冑Ｄ・腰当,0,2133,FALSE,TRUE,TRUE,TRUE,FALSE
wst,Dinato D Faulds,ディナトＤフォールド,1779,1779,TRUE,TRUE,TRUE,TRUE,FALSE
wst,Duque D Faulds,ドゥケＤフォールド,1780,1780,TRUE,TRUE,TRUE,TRUE,FALSE
wst,Granu D Faulds,グラヌＤフォールド,1781,1781,TRUE,TRUE,TRUE,TRUE,FALSE
wst,Chiyo Waistband D,千代ノ腰帯Ｄ,1821,1821,TRUE,TRUE,TRUE,TRUE,FALSE
wst,Rubellite D Coil,ルベライトＤコイル,1133,1133,TRUE,TRUE,TRUE,TRUE,FALSE
wst,ラズライトD Coil,ラズライトＤコイル,1134,1134,TRUE,TRUE,TRUE,TRUE,FALSE
wst,Zircon D Coil,ジルコンＤコイル,1135,1135,TRUE,TRUE,TRUE,TRUE,FALSE
wst,Spinel D Coil,スピネルＤコイル,1136,1136,TRUE,TRUE,TRUE,TRUE,FALSE
wst,Jade D Coil,ジェイドＤコイル,1139,1139,TRUE,TRUE,TRUE,TRUE,FALSE
wst,Agate D Coil,アゲートＤコイル,1140,1140,TRUE,TRUE,TRUE,TRUE,FALSE
wst,Pyrope D Coil,パイローブＤコイル,1137,1137,TRUE,TRUE,TRUE,TRUE,FALSE
wst,アイオラD Coil,アイオラＤコイル,1138,1138,TRUE,TRUE,TRUE,TRUE,FALSE
wst,Rutile D Coil,ルチルＤコイル,1890,1890,TRUE,TRUE,TRUE,TRUE,FALSE
wst,Blood D Coil,ブラッドＤコイル,1542,1542,TRUE,TRUE,TRUE,TRUE,FALSE
wst,Citrine D Coat,シトリンＤコート,1141,1141,TRUE,TRUE,TRUE,TRUE,FALSE
wst,Peridot D Coat,ペリドットＤコート,1142,1142,TRUE,TRUE,TRUE,TRUE,FALSE
wst,Turquoise D Coat,ターコイズＤコート,1143,1143,TRUE,TRUE,TRUE,TRUE,FALSE
wst,Mafumofu Coat PD Red,マフモフコートPD赤,296,296,TRUE,TRUE,TRUE,TRUE,FALSE
wst,Mafumofu Coat PD Yellow,マフモフコートPD黄,297,297,TRUE,TRUE,TRUE,TRUE,FALSE
wst,Mafumofu Coat PD Purple,マフモフコートPD紫,298,298,TRUE,TRUE,TRUE,TRUE,FALSE
wst,Basarios Coat PD Red,バサルコートPD赤,285,285,TRUE,TRUE,TRUE,TRUE,FALSE
wst,Basarios Coat PD Black,バサルコートPD黒,287,287,TRUE,TRUE,TRUE,TRUE,FALSE
wst,Basarios Coat PD Yellow,バサルコートPD黄,289,289,TRUE,TRUE,TRUE,TRUE,FALSE
wst,Blango Coil PD Yellow,ブランゴコイルPD黄,323,323,TRUE,TRUE,TRUE,TRUE,FALSE
wst,Blango Coil PD Blue,ブランゴコイルPD青,324,324,TRUE,TRUE,TRUE,TRUE,FALSE
wst,Blango Coil PD Black,ブランゴコイルPD黒,325,325,TRUE,TRUE,TRUE,TRUE,FALSE
wst,Golden Obi PD White,金色ノ帯PD白,326,326,TRUE,TRUE,TRUE,TRUE,FALSE
wst,Golden Obi PD Purple,金色ノ帯PD紫,327,327,TRUE,TRUE,TRUE,TRUE,FALSE
wst,Golden Obi PD Green,金色ノ帯PD緑,328,328,TRUE,TRUE,TRUE,TRUE,FALSE
wst,Gravios Coat PD Green,グラビドコートPD緑,329,329,TRUE,TRUE,TRUE,TRUE,FALSE
wst,Gravios Coat PD Purple,グラビドコートPD紫,330,330,TRUE,TRUE,TRUE,TRUE,FALSE
wst,Gravios Coat PD Red,グラビドコートPD赤,331,331,TRUE,TRUE,TRUE,TRUE,FALSE
wst,High Metal Coil PD Black,ハイメタコイルPD黒,344,344,TRUE,TRUE,TRUE,TRUE,FALSE
wst,High Metal Coil PD Blue,ハイメタコイルPD青,342,342,TRUE,TRUE,TRUE,TRUE,FALSE
wst,High Metal Coil PD Yellow,ハイメタコイルPD黄,343,343,TRUE,TRUE,TRUE,TRUE,FALSE
wst,S・Sol Coil PD Red,Ｓ・ソルコイルPD赤,345,345,TRUE,TRUE,TRUE,TRUE,FALSE
wst,S・Sol Coil PD Purple,Ｓ・ソルコイルPD紫,346,346,TRUE,TRUE,TRUE,TRUE,FALSE
wst,S・Sol Coil PD Black,Ｓ・ソルコイルPD黒,347,347,TRUE,TRUE,TRUE,TRUE,FALSE
wst,Garuga Coat PD White,ガルルガコートPD白,348,348,TRUE,TRUE,TRUE,TRUE,FALSE
wst,Garuga Coat PD Green,ガルルガコートPD緑,349,349,TRUE,TRUE,TRUE,TRUE,FALSE
wst,Garuga Coat PD Red,ガルルガコートPD赤,350,350,TRUE,TRUE,TRUE,TRUE,FALSE
wst,Hermitaur Faulds PD Blue,ザザミフォールドPD青,403,403,TRUE,TRUE,TRUE,TRUE,FALSE
wst,Hermitaur Faulds PD White,ザザミフォールドPD白,405,405,TRUE,TRUE,TRUE,TRUE,FALSE
wst,Hermitaur Faulds PD Purple,ザザミフォールドPD紫,404,404,TRUE,TRUE,TRUE,TRUE,FALSE
wst,Kushala アンダ PD Red,クシャナアンダPD赤,378,378,TRUE,TRUE,TRUE,TRUE,FALSE
wst,Kushala アンダ PD Yellow,クシャナアンダPD黄,379,379,TRUE,TRUE,TRUE,TRUE,FALSE
wst,Kushala アンダ PD Green,クシャナアンダPD緑,380,380,TRUE,TRUE,TRUE,TRUE,FALSE
wst,Kushala アドミ PD Red,クシャナアドミPD赤,384,384,TRUE,TRUE,TRUE,TRUE,FALSE
wst,Kushala アドミ PD Yellow,クシャナアドミPD黄,385,385,TRUE,TRUE,TRUE,TRUE,FALSE
wst,Kushala アドミ PD Green,クシャナアドミPD緑,386,386,TRUE,TRUE,TRUE,TRUE,FALSE
wst,忍の Obi・陽D,忍の帯・陽Ｄ,40,39,TRUE,TRUE,TRUE,TRUE,FALSE
wst,忍の Obi・陰D,忍の帯・陰Ｄ,41,40,TRUE,TRUE,TRUE,TRUE,FALSE
wst,Bonne D Coil,ボンネＤコイル,2130,2130,TRUE,TRUE,TRUE,TRUE,FALSE
wst,Kalais D Coat,カライスＤコート,1674,1674,TRUE,TRUE,TRUE,TRUE,FALSE
wst,Lucchese D Coat,ルケーゼＤコート,1675,1675,TRUE,TRUE,TRUE,TRUE,FALSE
wst,Quoiz D Coat,クオイズＤコート,1673,1673,TRUE,TRUE,TRUE,TRUE,FALSE
wst,Nekodan D Waist,ネコダンＤウエスト,1788,1788,TRUE,TRUE,TRUE,TRUE,FALSE
wst,Gudan D Coil,グーダンＤコイル,1912,1912,TRUE,TRUE,TRUE,TRUE,FALSE
wst,Saine D Coil,サイネＤコイル,2120,2120,TRUE,TRUE,TRUE,TRUE,FALSE
wst,Wing D Faulds,ウイングＤフォールド,2124,2124,TRUE,TRUE,TRUE,TRUE,FALSE
wst,Gasura ZD Coil,ガスラZDコイル,2135,2135,TRUE,TRUE,TRUE,TRUE,FALSE
wst,Gasura ZD Coat,ガスラZDコート,2136,2136,TRUE,TRUE,TRUE,TRUE,FALSE
wst,Seregios C Faulds,レギオスＣフォールド,2139,2139,TRUE,TRUE,TRUE,TRUE,FALSE
wst,Seregios C Coat,レギオスＣコート,2140,2140,TRUE,TRUE,TRUE,TRUE,FALSE
wst,Pinbi D Coil,ピンビＤコイル,2158,2158,TRUE,TRUE,TRUE,TRUE,FALSE
wst,Pribu D Coil,プリブＤコイル,2159,2159,TRUE,TRUE,TRUE,TRUE,FALSE
wst,Nerihi Obi D,煉緋ノ帯Ｄ,2164,2164,TRUE,TRUE,TRUE,TRUE,FALSE
wst,Urpina D Coil,ウルピナＤコイル,0,2166,FALSE,TRUE,TRUE,TRUE,FALSE
wst,Bune D Coil,ビューネイＤコイル,0,0,FALSE,TRUE,TRUE,TRUE,FALSE
wst,Melas D Coat,メラースＤコート,2180,2180,TRUE,TRUE,TRUE,TRUE,FALSE
wst,Byakko・Kensei D Coil,白虎・剣聖Ｄコイル,1343,1343,TRUE,TRUE,TRUE,TRUE,FALSE
wst,Byakko・双龍D Coil,白虎・双龍Ｄコイル,1347,1347,TRUE,TRUE,TRUE,TRUE,FALSE
wst,Byakko・Blade 王D Coil,白虎・剣王Ｄコイル,1351,1351,TRUE,TRUE,TRUE,TRUE,FALSE
wst,Byakko・刀神D Coil,白虎・刀神Ｄコイル,1355,1355,TRUE,TRUE,TRUE,TRUE,FALSE
wst,Byakko・Heaven 槍D Coil,白虎・天槍Ｄコイル,1359,1359,TRUE,TRUE,TRUE,TRUE,FALSE
wst,Byakko・砲皇D Coil,白虎・砲皇Ｄコイル,1363,1363,TRUE,TRUE,TRUE,TRUE,FALSE
wst,Byakko・鈍器獣D Coil,白虎・鈍器獣Ｄコイル,1367,1367,TRUE,TRUE,TRUE,TRUE,FALSE
wst,Byakko・奏帝D Coil,白虎・奏帝Ｄコイル,1371,1371,TRUE,TRUE,TRUE,TRUE,FALSE
wst,Byakko・穿凰D Coil,白虎・穿凰Ｄコイル,1543,1543,TRUE,TRUE,TRUE,TRUE,FALSE
wst,Byakko・斬将D Coil,白虎・斬将Ｄコイル,1891,1891,TRUE,TRUE,TRUE,TRUE,FALSE
wst,Byakko・銃傑D Coat,白虎・銃傑Ｄコート,1375,1375,TRUE,TRUE,TRUE,TRUE,FALSE
wst,Byakko・銃仙D Coat,白虎・銃仙Ｄコート,1379,1379,TRUE,TRUE,TRUE,TRUE,FALSE
wst,Byakko・Bow 鬼D Coat,白虎・弓鬼Ｄコート,1383,1383,TRUE,TRUE,TRUE,TRUE,FALSE
wst,Kirin フープ PD Red,キリンフープPD赤,381,381,TRUE,TRUE,TRUE,TRUE,FALSE
wst,Kirin フープ PD Purple,キリンフープPD紫,382,382,TRUE,TRUE,TRUE,TRUE,FALSE
wst,Kirin フープ PD Black,キリンフープPD黒,383,383,TRUE,TRUE,TRUE,TRUE,FALSE
wst,Kaiser Coil PD White,カイザーコイルPD白,398,398,TRUE,TRUE,TRUE,TRUE,FALSE
wst,Kaiser Coat PD White,カイザーコートPD白,401,401,TRUE,TRUE,TRUE,TRUE,FALSE
wst,Kaiser Coil PD Black,カイザーコイルPD黒,397,397,TRUE,TRUE,TRUE,TRUE,FALSE
wst,Kaiser Coat PD Black,カイザーコートPD黒,400,400,TRUE,TRUE,TRUE,TRUE,FALSE
wst,Kaiser Coil PD Green,カイザーコイルPD緑,399,399,TRUE,TRUE,TRUE,TRUE,FALSE
wst,Kaiser Coat PD Green,カイザーコートPD緑,402,402,TRUE,TRUE,TRUE,TRUE,FALSE
wst,Toyotama 【丸 Obi] PD Blue,トヨタマ【丸帯】PD青,429,429,TRUE,TRUE,TRUE,TRUE,FALSE
wst,Toyotama 【丸 Obi] PD Red,トヨタマ【丸帯】PD赤,17549,435,TRUE,TRUE,TRUE,TRUE,FALSE
wst,Toyotama 【丸 Obi] PD Yellow,トヨタマ【丸帯】PD黄,428,428,TRUE,TRUE,TRUE,TRUE,FALSE
wst,凛 [Waist て】 PD Black,凛【腰当て】PD黒,0,432,FALSE,TRUE,TRUE,TRUE,FALSE
wst,凛 [Waist て】 PD Purple,凛【腰当て】PD紫,0,431,FALSE,TRUE,TRUE,TRUE,FALSE
wst,凛 [Waist て】 PD White,凛【腰当て】PD白,0,433,FALSE,TRUE,TRUE,TRUE,FALSE
wst,Ceanataur Coat PD Red,ギザミコートPD赤,461,461,TRUE,TRUE,TRUE,TRUE,FALSE
wst,Ceanataur Coat PD Black,ギザミコートPD黒,462,462,TRUE,TRUE,TRUE,TRUE,FALSE
wst,Ceanataur Coat PD Yellow,ギザミコートPD黄,463,463,TRUE,TRUE,TRUE,TRUE,FALSE
wst,Remobra Belt PD White,ガブラスベルトPD白,467,467,TRUE,TRUE,TRUE,TRUE,FALSE
wst,Remobra Belt PD Yellow,ガブラスベルトPD黄,468,468,TRUE,TRUE,TRUE,TRUE,FALSE
wst,Remobra Belt PD Black,ガブラスベルトPD黒,469,469,TRUE,TRUE,TRUE,TRUE,FALSE
wst,Harze D Belt,ハーゼＤベルト,1155,1155,TRUE,TRUE,TRUE,TRUE,FALSE
wst,Revenants D Navel,ルヴナンＤナーベル,1511,1511,TRUE,TRUE,TRUE,TRUE,FALSE
wst,Kukubo D Coat,ククボＤコート,702,702,TRUE,TRUE,TRUE,TRUE,FALSE
wst,Kakabu D Coat,カカブＤコート,1070,1070,TRUE,TRUE,TRUE,TRUE,FALSE
wst,Aruru D Coat,アルルＤコート,1117,1117,TRUE,TRUE,TRUE,TRUE,FALSE
wst,Suzaku・Kensei D Coil,朱雀・剣聖Ｄコイル,1342,1342,TRUE,TRUE,TRUE,TRUE,FALSE
wst,Suzaku・双龍D Coil,朱雀・双龍Ｄコイル,1346,1346,TRUE,TRUE,TRUE,TRUE,FALSE
wst,Suzaku・Blade 王D Coil,朱雀・剣王Ｄコイル,1350,1350,TRUE,TRUE,TRUE,TRUE,FALSE
wst,Suzaku・刀神D Coil,朱雀・刀神Ｄコイル,1354,1354,TRUE,TRUE,TRUE,TRUE,FALSE
wst,Suzaku・Heaven 槍D Coil,朱雀・天槍Ｄコイル,1358,1358,TRUE,TRUE,TRUE,TRUE,FALSE
wst,Suzaku・砲皇D Coil,朱雀・砲皇Ｄコイル,1362,1362,TRUE,TRUE,TRUE,TRUE,FALSE
wst,Suzaku・鈍器獣D Coil,朱雀・鈍器獣Ｄコイル,1366,1366,TRUE,TRUE,TRUE,TRUE,FALSE
wst,Suzaku・奏帝D Coil,朱雀・奏帝Ｄコイル,1370,1370,TRUE,TRUE,TRUE,TRUE,FALSE
wst,Suzaku・穿凰D Coil,朱雀・穿凰Ｄコイル,1544,1544,TRUE,TRUE,TRUE,TRUE,FALSE
wst,Suzaku・斬将D Coil,朱雀・斬将Ｄコイル,1892,1892,TRUE,TRUE,TRUE,TRUE,FALSE
wst,Suzaku・銃傑D Coat,朱雀・銃傑Ｄコート,1374,1374,TRUE,TRUE,TRUE,TRUE,FALSE
wst,Suzaku・銃仙D Coat,朱雀・銃仙Ｄコート,1378,1378,TRUE,TRUE,TRUE,TRUE,FALSE
wst,Suzaku・Bow 鬼D Coat,朱雀・弓鬼Ｄコート,1382,1382,TRUE,TRUE,TRUE,TRUE,FALSE
wst,PV Frill PD Red,ＰＶフリルPD赤,0,464,FALSE,TRUE,TRUE,TRUE,FALSE
wst,PV Frill PD Blue,ＰＶフリルPD青,0,465,FALSE,TRUE,TRUE,TRUE,FALSE
wst,PV Frill PD Purple,ＰＶフリルPD紫,0,466,FALSE,TRUE,TRUE,TRUE,FALSE
wst,Empress Coil PD Red,エンプレスコイルPD赤,494,494,TRUE,TRUE,TRUE,TRUE,FALSE
wst,Empress Coil PD Yellow,エンプレスコイルPD黄,496,496,TRUE,TRUE,TRUE,TRUE,FALSE
wst,Empress Coil PD Purple,エンプレスコイルPD紫,498,498,TRUE,TRUE,TRUE,TRUE,FALSE
wst,Empress Coat PD Red,エンプレスコートPD赤,495,495,TRUE,TRUE,TRUE,TRUE,FALSE
wst,Empress Coat PD Yellow,エンプレスコートPD黄,497,497,TRUE,TRUE,TRUE,TRUE,FALSE
wst,Empress Coat PD Purple,エンプレスコートPD紫,499,499,TRUE,TRUE,TRUE,TRUE,FALSE
wst,Vespoid Faulds PD Yellow,ランゴフォールドPD黄,500,500,TRUE,TRUE,TRUE,TRUE,FALSE
wst,Vespoid Faulds PD Black,ランゴフォールドPD黒,501,501,TRUE,TRUE,TRUE,TRUE,FALSE
wst,Vespoid Faulds PD Blue,ランゴフォールドPD青,502,502,TRUE,TRUE,TRUE,TRUE,FALSE
wst,Death Stench Navel PD White,デスギアナーベルPD白,525,525,TRUE,TRUE,TRUE,TRUE,FALSE
wst,Death Stench Navel PD Red,デスギアナーベルPD赤,526,526,TRUE,TRUE,TRUE,TRUE,FALSE
wst,Death Stench Navel PD Blue,デスギアナーベルPD青,527,527,TRUE,TRUE,TRUE,TRUE,FALSE
wst,Diablos Coil PD Purple,ディアブロコイルPD紫,528,528,TRUE,TRUE,TRUE,TRUE,FALSE
wst,Diablos Coil PD Blue,ディアブロコイルPD青,529,529,TRUE,TRUE,TRUE,TRUE,FALSE
wst,Diablos Coil PD Yellow,ディアブロコイルPD黄,530,530,TRUE,TRUE,TRUE,TRUE,FALSE
wst,Makluva Coil PD Green,マカルパコイルPD緑,531,531,TRUE,TRUE,TRUE,TRUE,FALSE
wst,Makluva Coil PD Blue,マカルパコイルPD青,532,532,TRUE,TRUE,TRUE,TRUE,FALSE
wst,Makluva Coil PD Black,マカルパコイルPD黒,533,533,TRUE,TRUE,TRUE,TRUE,FALSE
wst,Akantor イッケク PD Black,アカムトイッケクPD黒,576,576,TRUE,TRUE,TRUE,TRUE,FALSE
wst,Akantor イッケク PD Red,アカムトイッケクPD赤,577,577,TRUE,TRUE,TRUE,TRUE,FALSE
wst,Akantor イッケク PD White,アカムトイッケクPD白,578,578,TRUE,TRUE,TRUE,TRUE,FALSE
wst,Akantor クッコレ PD Black,アカムトクッコレPD黒,579,579,TRUE,TRUE,TRUE,TRUE,FALSE
wst,Akantor クッコレ PD Red,アカムトクッコレPD赤,580,580,TRUE,TRUE,TRUE,TRUE,FALSE
wst,Akantor クッコレ PD White,アカムトクッコレPD白,581,581,TRUE,TRUE,TRUE,TRUE,FALSE
wst,Gravios Coil PD Black,グラビドコイルPD黒,582,582,TRUE,TRUE,TRUE,TRUE,FALSE
wst,Gravios Coil PD Blue,グラビドコイルPD青,583,583,TRUE,TRUE,TRUE,TRUE,FALSE
wst,Gravios Coil PD Red,グラビドコイルPD赤,584,584,TRUE,TRUE,TRUE,TRUE,FALSE
wst,Sharuru D Coil,シャルルＤコイル,1985,1985,TRUE,TRUE,TRUE,TRUE,FALSE
wst,Neriotori Obi D,煉鳳ノ帯Ｄ,2109,2109,TRUE,TRUE,TRUE,TRUE,FALSE
wst,Anorupatisu ZD Coil,アノルZDコイル,2137,2137,TRUE,TRUE,TRUE,TRUE,FALSE
wst,Anorupatisu ZD Coat,アノルZDコート,2138,2138,TRUE,TRUE,TRUE,TRUE,FALSE
wst,Dylan D Coil,ディランＤコイル,2160,2160,TRUE,TRUE,TRUE,TRUE,FALSE
wst,Dibble D Coil,ディブルＤコイル,2161,2161,TRUE,TRUE,TRUE,TRUE,FALSE
wst,Fins D Coil,フィンスＤコイル,2162,2162,TRUE,TRUE,TRUE,TRUE,FALSE
wst,Dins D Coil,ディンスＤコイル,2163,2163,TRUE,TRUE,TRUE,TRUE,FALSE
wst,Charis D Coil,カリスＤコイル,2172,2172,TRUE,TRUE,TRUE,TRUE,FALSE
wst,Miriam D Coil,ミリアムＤコイル,2173,2173,TRUE,TRUE,TRUE,TRUE,FALSE
wst,Lenigan D Coil,レニガンＤコイル,2174,2174,TRUE,TRUE,TRUE,TRUE,FALSE
wst,Katante D Coil,カタンテＤコイル,1963,1963,TRUE,TRUE,TRUE,TRUE,FALSE
wst,Rikante D Coil,リカンテＤコイル,2088,2088,TRUE,TRUE,TRUE,TRUE,FALSE
wst,Merente D Coil,メレンテＤコイル,2110,2110,TRUE,TRUE,TRUE,TRUE,FALSE
wst,Utante D Coil,ウタンテＤコイル,2125,2125,TRUE,TRUE,TRUE,TRUE,FALSE
wst,Brooke D Faulds,ブルックＤフォールド,1306,1306,TRUE,TRUE,TRUE,TRUE,FALSE
wst,Shirukku D Faulds,シルックＤフォールド,1307,1307,TRUE,TRUE,TRUE,TRUE,FALSE
wst,Gorukku D Faulds,ゴルックＤフォールド,1742,1742,TRUE,TRUE,TRUE,TRUE,FALSE
wst,Kiyoshi Obi D,潔燭ノ帯Ｄ,2170,2170,TRUE,TRUE,TRUE,TRUE,FALSE
wst,Kashoku Obi D,華燭ノ帯Ｄ,2171,2171,TRUE,TRUE,TRUE,TRUE,FALSE
wst,Jyaga D Faulds,ジャガーＤフォールド,1090,1090,TRUE,TRUE,TRUE,TRUE,FALSE
wst,Cure D Faulds,キュールＤフォールド,1919,1919,TRUE,TRUE,TRUE,TRUE,FALSE
wst,Jess D Faulds,ジェスＤフォールド,1100,1100,TRUE,TRUE,TRUE,TRUE,FALSE
wst,Riaruo D Coil,リアルオＤコイル,1807,1807,TRUE,TRUE,TRUE,TRUE,FALSE
wst,Reiresu D Coil,レイレスＤコイル,1869,1869,TRUE,TRUE,TRUE,TRUE,FALSE
wst,Reuasu D Coil,レウアスＤコイル,1835,1835,TRUE,TRUE,TRUE,TRUE,FALSE
wst,Buran D Faulds,ブランＤフォールド,457,457,TRUE,TRUE,TRUE,TRUE,FALSE
wst,ハンショク Mask D,ハンショクフェイクＤ,574,574,TRUE,TRUE,TRUE,TRUE,FALSE
wst,Shimashima D Waist,しましまＤウエスト,1745,1745,TRUE,TRUE,TRUE,TRUE,FALSE
wst,Furante D Coil,フランテＤコイル,2126,2126,TRUE,TRUE,TRUE,TRUE,FALSE
wst,Favila D Coil,ファビラＤコイル,2175,2175,TRUE,TRUE,TRUE,TRUE,FALSE
wst,Alicia D Coil,アリシアＤコイル,2232,2232,TRUE,TRUE,TRUE,TRUE,FALSE
wst,Masaha Dress C [Waistband 】,雅葉ノ装Ｃ【腰帯】,2187,2187,TRUE,TRUE,TRUE,TRUE,FALSE
wst,Aura C Coil,アウラＣコイル,2204,2204,TRUE,TRUE,TRUE,TRUE,FALSE
wst,Asumo C Coil,アスモＣコイル,2205,2205,TRUE,TRUE,TRUE,TRUE,FALSE
wst,Rokka C Coil,ロッカＣコイル,2206,2206,TRUE,TRUE,TRUE,TRUE,FALSE
wst,Ruche C Coil,ルーチェＣコイル,2207,2207,TRUE,TRUE,TRUE,TRUE,FALSE
wst,Shui C Coil,シュイＣコイル,2208,2208,TRUE,TRUE,TRUE,TRUE,FALSE
wst,Masaha Dress D [Waistband] Red,雅葉ノ装Ｄ【腰帯】朱,2183,2183,TRUE,TRUE,TRUE,TRUE,FALSE
wst,Masaha Dress D [Waistband] Silver,雅葉ノ装Ｄ【腰帯】銀,2184,2184,TRUE,TRUE,TRUE,TRUE,FALSE
wst,Masaha Dress D [Waistband] Blue,雅葉ノ装Ｄ【腰帯】碧,2185,2185,TRUE,TRUE,TRUE,TRUE,FALSE
wst,Masaha Dress D [Waistband] Orange,雅葉ノ装Ｄ【腰帯】橙,2186,2186,TRUE,TRUE,TRUE,TRUE,FALSE
wst,Genbu・Kensei D Coil,玄武・剣聖Ｄコイル,1340,1340,TRUE,TRUE,TRUE,TRUE,FALSE
wst,Genbu・双龍D Coil,玄武・双龍Ｄコイル,1344,1344,TRUE,TRUE,TRUE,TRUE,FALSE
wst,Genbu・Blade 王D Coil,玄武・剣王Ｄコイル,1348,1348,TRUE,TRUE,TRUE,TRUE,FALSE
wst,Genbu・刀神D Coil,玄武・刀神Ｄコイル,1352,1352,TRUE,TRUE,TRUE,TRUE,FALSE
wst,Genbu・Heaven 槍D Coil,玄武・天槍Ｄコイル,1356,1356,TRUE,TRUE,TRUE,TRUE,FALSE
wst,Genbu・砲皇D Coil,玄武・砲皇Ｄコイル,1360,1360,TRUE,TRUE,TRUE,TRUE,FALSE
wst,Genbu・鈍器獣D Coil,玄武・鈍器獣Ｄコイル,1364,1364,TRUE,TRUE,TRUE,TRUE,FALSE
wst,Genbu・奏帝D Coil,玄武・奏帝Ｄコイル,1368,1368,TRUE,TRUE,TRUE,TRUE,FALSE
wst,Genbu・穿凰D Coil,玄武・穿凰Ｄコイル,1545,1545,TRUE,TRUE,TRUE,TRUE,FALSE
wst,Genbu・斬将D Coil,玄武・斬将Ｄコイル,1893,1893,TRUE,TRUE,TRUE,TRUE,FALSE
wst,Genbu・銃傑D Coat,玄武・銃傑Ｄコート,1372,1372,TRUE,TRUE,TRUE,TRUE,FALSE
wst,Genbu・銃仙D Coat,玄武・銃仙Ｄコート,1376,1376,TRUE,TRUE,TRUE,TRUE,FALSE
wst,Genbu・Bow 鬼D Coat,玄武・弓鬼Ｄコート,1380,1380,TRUE,TRUE,TRUE,TRUE,FALSE
wst,Tanzanite D Coil,タンザナＤコイル,2141,2141,TRUE,TRUE,TRUE,TRUE,FALSE
wst,Hematite D Coil,ヘマタイトＤコイル,2142,2142,TRUE,TRUE,TRUE,TRUE,FALSE
wst,Byakko・磁星D Coil,白虎・磁星Ｄコイル,2143,2143,TRUE,TRUE,TRUE,TRUE,FALSE
wst,Suzaku・磁星D Coil,朱雀・磁星Ｄコイル,2144,2144,TRUE,TRUE,TRUE,TRUE,FALSE
wst,Genbu・磁星D Coil,玄武・磁星Ｄコイル,2145,2145,TRUE,TRUE,TRUE,TRUE,FALSE
wst,Tigrex Coil PD Black,レックスコイルPD黒,586,586,TRUE,TRUE,TRUE,TRUE,FALSE
wst,Tigrex Coil PD White,レックスコイルPD白,587,587,TRUE,TRUE,TRUE,TRUE,FALSE
wst,Tigrex Coil PD Purple,レックスコイルPD紫,588,588,TRUE,TRUE,TRUE,TRUE,FALSE
wst,Monoblos Coil PD Yellow,モノブロスコイルPD黄,589,589,TRUE,TRUE,TRUE,TRUE,FALSE
wst,Monoblos Coil PD Green,モノブロスコイルPD緑,590,590,TRUE,TRUE,TRUE,TRUE,FALSE
wst,Monoblos Coil PD White,モノブロスコイルPD白,591,591,TRUE,TRUE,TRUE,TRUE,FALSE
wst,Khezu Coat PD Black,フルフルコートPD黒,313,313,TRUE,TRUE,TRUE,TRUE,FALSE
wst,Khezu Coat PD Green,フルフルコートPD緑,311,311,TRUE,TRUE,TRUE,TRUE,FALSE
wst,Khezu Coat PD Blue,フルフルコートPD青,309,309,TRUE,TRUE,TRUE,TRUE,FALSE
wst,Plesioth Faulds PD Black,ガノスフォールドPD黒,686,686,TRUE,TRUE,TRUE,TRUE,FALSE
wst,Plesioth Faulds PD Yellow,ガノスフォールドPD黄,687,687,TRUE,TRUE,TRUE,TRUE,FALSE
wst,Plesioth Faulds PD Purple,ガノスフォールドPD紫,688,688,TRUE,TRUE,TRUE,TRUE,FALSE
wst,Plesioth Coat PD Black,ガノスコートPD黒,689,689,TRUE,TRUE,TRUE,TRUE,FALSE
wst,Plesioth Coat PD Yellow,ガノスコートPD黄,690,690,TRUE,TRUE,TRUE,TRUE,FALSE
wst,Plesioth Coat PD Purple,ガノスコートPD紫,691,691,TRUE,TRUE,TRUE,TRUE,FALSE
wst,Gypceros Coat PD Red,ゲリョスコートPD赤,692,692,TRUE,TRUE,TRUE,TRUE,FALSE
wst,Gypceros Coat PD Yellow,ゲリョスコートPD黄,693,693,TRUE,TRUE,TRUE,TRUE,FALSE
wst,Gypceros Coat PD Green,ゲリョスコートPD緑,694,694,TRUE,TRUE,TRUE,TRUE,FALSE
wst,Kagura [Waist て】 PD Red,神楽【腰当て】PD赤,724,724,TRUE,TRUE,TRUE,TRUE,FALSE
wst,Kagura [Waist て】 PD Black,神楽【腰当て】PD黒,725,725,TRUE,TRUE,TRUE,TRUE,FALSE
wst,Kagura [Waist て】 PD Purple,神楽【腰当て】PD紫,726,726,TRUE,TRUE,TRUE,TRUE,FALSE
wst,Kamiza [Waist て】 PD Red,神座【腰当て】PD赤,727,727,TRUE,TRUE,TRUE,TRUE,FALSE
wst,Kamiza [Waist て】 PD Black,神座【腰当て】PD黒,728,728,TRUE,TRUE,TRUE,TRUE,FALSE
wst,Kamiza [Waist て】 PD Purple,神座【腰当て】PD紫,729,729,TRUE,TRUE,TRUE,TRUE,FALSE
wst,Mosswine Hip PD White,モスヒップPD白,730,730,TRUE,TRUE,TRUE,TRUE,FALSE
wst,Mosswine Hip PD Yellow,モスヒップPD黄,731,731,TRUE,TRUE,TRUE,TRUE,FALSE
wst,Mosswine Hip PD Blue,モスヒップPD青,732,732,TRUE,TRUE,TRUE,TRUE,FALSE
wst,忍の Obi・陰 PD Yellow,忍の帯・陰PD黄,771,771,TRUE,TRUE,TRUE,TRUE,FALSE
wst,忍の Obi・陰 PD Red,忍の帯・陰PD赤,772,772,TRUE,TRUE,TRUE,TRUE,FALSE
wst,忍の Obi・陰 PD Blue,忍の帯・陰PD青,773,773,TRUE,TRUE,TRUE,TRUE,FALSE
wst,Dusk D Waist・Red,ダスクＤウエスト・赤,1784,1784,TRUE,TRUE,TRUE,TRUE,FALSE
wst,Dusk D Waist・White,ダスクＤウエスト・白,1785,1785,TRUE,TRUE,TRUE,TRUE,FALSE
wst,Dusk D Waist・Peach,ダスクＤウエスト・桃,1786,1786,TRUE,TRUE,TRUE,TRUE,FALSE
wst,Dusk D Waist・Blue,ダスクＤウエスト・青,1787,1787,TRUE,TRUE,TRUE,TRUE,FALSE
wst,Marin D Coil・Blue,マリンＤコイル・青,1716,1716,TRUE,TRUE,TRUE,TRUE,FALSE
wst,Marin D Coil・Peach,マリンＤコイル・桃,1717,1717,TRUE,TRUE,TRUE,TRUE,FALSE
wst,Marin D Coil・White,マリンＤコイル・白,1718,1718,TRUE,TRUE,TRUE,TRUE,FALSE
wst,Marin D Coil・Black,マリンＤコイル・黒,1719,1719,TRUE,TRUE,TRUE,TRUE,FALSE
wst,Reflet D Coil・Blue,ルフレＤコイル・青,1720,1720,TRUE,TRUE,TRUE,TRUE,FALSE
wst,Reflet D Coil・White,ルフレＤコイル・白,1722,1722,TRUE,TRUE,TRUE,TRUE,FALSE
wst,Reflet D Coil・Red,ルフレＤコイル・赤,1721,1721,TRUE,TRUE,TRUE,TRUE,FALSE
wst,Reflet D Coil・Black,ルフレＤコイル・黒,1723,1723,TRUE,TRUE,TRUE,TRUE,FALSE
wst,Tenpi Waistband D・Red,天日ノ腰帯Ｄ・赤,0,1662,FALSE,TRUE,TRUE,TRUE,FALSE
wst,Tenpi Waistband D・Blue,天日ノ腰帯Ｄ・青,0,1665,FALSE,TRUE,TRUE,TRUE,FALSE
wst,Tenpi Waistband D・Black,天日ノ腰帯Ｄ・黒,0,1664,FALSE,TRUE,TRUE,TRUE,FALSE
wst,Tenpi Waistband D・White,天日ノ腰帯Ｄ・白,0,1663,FALSE,TRUE,TRUE,TRUE,FALSE
wst,Naga D Coil・Blue,ナーガＤコイル・青,1516,1516,TRUE,TRUE,TRUE,TRUE,FALSE
wst,Naga D Coil・Red,ナーガＤコイル・赤,1517,1517,TRUE,TRUE,TRUE,TRUE,FALSE
wst,Naga D Coil・White,ナーガＤコイル・白,1518,1518,TRUE,TRUE,TRUE,TRUE,FALSE
wst,Naga D Coil・Black,ナーガＤコイル・黒,1519,1519,TRUE,TRUE,TRUE,TRUE,FALSE
wst,Sheriff D Coil・Tea,シェリフＤコイル・茶,1297,1297,TRUE,TRUE,TRUE,TRUE,FALSE
wst,Sheriff D Coil・Black,シェリフＤコイル・黒,1298,1298,TRUE,TRUE,TRUE,TRUE,FALSE
wst,Sheriff D Coil・Blue,シェリフＤコイル・青,1299,1299,TRUE,TRUE,TRUE,TRUE,FALSE
wst,Sheriff D Coil・White,シェリフＤコイル・白,1300,1300,TRUE,TRUE,TRUE,TRUE,FALSE
wst,Serena D Coil・Purple,セレナＤコイル・紫,1494,1494,TRUE,TRUE,TRUE,TRUE,FALSE
wst,Serena D Coil・Blue,セレナＤコイル・青,1495,1495,TRUE,TRUE,TRUE,TRUE,FALSE
wst,Serena D Coil・White,セレナＤコイル・白,1496,1496,TRUE,TRUE,TRUE,TRUE,FALSE
wst,Serena D Coil・Red,セレナＤコイル・赤,1497,1497,TRUE,TRUE,TRUE,TRUE,FALSE
wst,Gelt D Coil・Black,ゲルトＤコイル・黒,1245,1245,TRUE,TRUE,TRUE,TRUE,FALSE
wst,Gelt D Coil・Copper,ゲルトＤコイル・銅,1246,1246,TRUE,TRUE,TRUE,TRUE,FALSE
wst,Gelt D Coil・Silver,ゲルトＤコイル・銀,1247,1247,TRUE,TRUE,TRUE,TRUE,FALSE
wst,Gelt D Coil・Gold,ゲルトＤコイル・金,1248,1248,TRUE,TRUE,TRUE,TRUE,FALSE
wst,Gloria D Coil・Gold,グロリアＤコイル・金,1218,1218,TRUE,TRUE,TRUE,TRUE,FALSE
wst,Gloria D Coil・Blue,グロリアＤコイル・青,1219,1219,TRUE,TRUE,TRUE,TRUE,FALSE
wst,Gloria D Coil・Water,グロリアＤコイル・水,1220,1220,TRUE,TRUE,TRUE,TRUE,FALSE
wst,Gloria D Coil・Red,グロリアＤコイル・赤,1221,1221,TRUE,TRUE,TRUE,TRUE,FALSE
wst,Cloth D Coil・Red,クロースＤコイル・赤,1225,1225,TRUE,TRUE,TRUE,TRUE,FALSE
wst,Cloth D Coil・Blue,クロースＤコイル・青,1226,1226,TRUE,TRUE,TRUE,TRUE,FALSE
wst,Cloth D Coil・Purple,クロースＤコイル・紫,1227,1227,TRUE,TRUE,TRUE,TRUE,FALSE
wst,Cloth D Coil・Green,クロースＤコイル・緑,1228,1228,TRUE,TRUE,TRUE,TRUE,FALSE
wst,Rast D Coil・Black,レイストＤコイル・黒,1163,1163,TRUE,TRUE,TRUE,TRUE,FALSE
wst,Rast D Coil・Blue,レイストＤコイル・青,1164,1164,TRUE,TRUE,TRUE,TRUE,FALSE
wst,Rast D Coil・Crimson,レイストＤコイル・紅,1165,1165,TRUE,TRUE,TRUE,TRUE,FALSE
wst,Rast D Coil・White,レイストＤコイル・白,1166,1166,TRUE,TRUE,TRUE,TRUE,FALSE
wst,Siena D Coil・Silver,シエナＤコイル・銀,1126,1126,TRUE,TRUE,TRUE,TRUE,FALSE
wst,Siena D Coil・Black,シエナＤコイル・黒,1127,1127,TRUE,TRUE,TRUE,TRUE,FALSE
wst,Siena D Coil・Red,シエナＤコイル・赤,1128,1128,TRUE,TRUE,TRUE,TRUE,FALSE
wst,Siena D Coil・Blue,シエナＤコイル・青,1129,1129,TRUE,TRUE,TRUE,TRUE,FALSE
wst,Cultu D Coil・Ash,カウチュＤコイル・灰,1073,1073,TRUE,TRUE,TRUE,TRUE,FALSE
wst,Cultu D Coil・Blue,カウチュＤコイル・青,1074,1074,TRUE,TRUE,TRUE,TRUE,FALSE
wst,Cultu D Coil・Orange,カウチュＤコイル・橙,1075,1075,TRUE,TRUE,TRUE,TRUE,FALSE
wst,Cultu D Coil・Green,カウチュＤコイル・緑,1076,1076,TRUE,TRUE,TRUE,TRUE,FALSE
wst,Truss D Belt Blue,トラスＤベルト青,1044,1044,TRUE,TRUE,TRUE,TRUE,FALSE
wst,Truss D Belt Red,トラスＤベルト赤,1045,1045,TRUE,TRUE,TRUE,TRUE,FALSE
wst,Truss D Belt White,トラスＤベルト白,1046,1046,TRUE,TRUE,TRUE,TRUE,FALSE
wst,Truss D Belt Purple,トラスＤベルト紫,1047,1047,TRUE,TRUE,TRUE,TRUE,FALSE
wst,Maisto D Coil・Crimson,マイストＤコイル・紅,1017,1018,TRUE,TRUE,TRUE,TRUE,FALSE
wst,Maisto D Coil・Green,マイストＤコイル・緑,1018,1017,TRUE,TRUE,TRUE,TRUE,FALSE
wst,Maisto D Coil・Green,マイストＤコイル・蒼,1020,1020,TRUE,TRUE,TRUE,TRUE,FALSE
wst,Maisto D Coil・Pink,マイストＤコイル・桜,1019,1019,TRUE,TRUE,TRUE,TRUE,FALSE
wst,Randa の Waist・D Yellow,蘭陀の腰当・Ｄ黄,777,777,TRUE,TRUE,TRUE,TRUE,FALSE
wst,Randa の Waist・D Red,蘭陀の腰当・Ｄ赤,778,778,TRUE,TRUE,TRUE,TRUE,FALSE
wst,Randa の Waist・D Purple,蘭陀の腰当・Ｄ紫,779,779,TRUE,TRUE,TRUE,TRUE,FALSE
wst,Randa の Waist・D Gold,蘭陀の腰当・Ｄ金,780,780,TRUE,TRUE,TRUE,TRUE,FALSE
wst,Bunny D Belt・Black,バーニーＤベルト・黒,709,709,TRUE,TRUE,TRUE,TRUE,FALSE
wst,Bunny D Belt・White,バーニーＤベルト・白,710,710,TRUE,TRUE,TRUE,TRUE,FALSE
wst,Bunny D Belt・Red,バーニーＤベルト・赤,711,711,TRUE,TRUE,TRUE,TRUE,FALSE
wst,Bunny D Belt・Purple,バーニーＤベルト・紫,712,712,TRUE,TRUE,TRUE,TRUE,FALSE
wst,Regelia D Coil・White,リゲリアＤコイル・白,681,681,TRUE,TRUE,TRUE,TRUE,FALSE
wst,Regelia D Coil・Red,リゲリアＤコイル・赤,682,682,TRUE,TRUE,TRUE,TRUE,FALSE
wst,Regelia D Coil・Green,リゲリアＤコイル・緑,683,683,TRUE,TRUE,TRUE,TRUE,FALSE
wst,Regelia D Coil・Blue,リゲリアＤコイル・青,684,684,TRUE,TRUE,TRUE,TRUE,FALSE
wst,Aristo D Coil・Blue,アリストＤコイル・青,548,548,TRUE,TRUE,TRUE,TRUE,FALSE
wst,Aristo D Coil・White,アリストＤコイル・白,549,549,TRUE,TRUE,TRUE,TRUE,FALSE
wst,Aristo D Coil・Purple,アリストＤコイル・紫,550,550,TRUE,TRUE,TRUE,TRUE,FALSE
wst,Aristo D Coil・Red,アリストＤコイル・赤,551,551,TRUE,TRUE,TRUE,TRUE,FALSE
wst,Melety D Coil・White,メレティＤコイル・白,511,511,TRUE,TRUE,TRUE,TRUE,FALSE
wst,Melety D Coil・Red,メレティＤコイル・赤,512,512,TRUE,TRUE,TRUE,TRUE,FALSE
wst,Melety D Coil・Blue,メレティＤコイル・青,513,513,TRUE,TRUE,TRUE,TRUE,FALSE
wst,Melety D Coil・Black,メレティＤコイル・黒,514,514,TRUE,TRUE,TRUE,TRUE,FALSE
wst,Ferme D Coil・Black,フェルムＤコイル・黒,482,482,TRUE,TRUE,TRUE,TRUE,FALSE
wst,Ferme D Coil・Red,フェルムＤコイル・赤,483,483,TRUE,TRUE,TRUE,TRUE,FALSE
wst,Ferme D Coil・White,フェルムＤコイル・白,484,484,TRUE,TRUE,TRUE,TRUE,FALSE
wst,Ferme D Coil・Blue,フェルムＤコイル・青,485,485,TRUE,TRUE,TRUE,TRUE,FALSE
wst,Real D Coil・White,レアルＤコイル・白,473,473,TRUE,TRUE,TRUE,TRUE,FALSE
wst,Real D Coil・Gold,レアルＤコイル・金,477,477,TRUE,TRUE,TRUE,TRUE,FALSE
wst,Real D Coil・Blue,レアルＤコイル・青,475,475,TRUE,TRUE,TRUE,TRUE,FALSE
wst,Real D Coil・Red,レアルＤコイル・赤,476,476,TRUE,TRUE,TRUE,TRUE,FALSE
wst,Arma D Coil・Black,アルマＤコイル・黒,406,406,TRUE,TRUE,TRUE,TRUE,FALSE
wst,Arma D Coil・White,アルマＤコイル・白,409,409,TRUE,TRUE,TRUE,TRUE,FALSE
wst,Arma D Coil・Blue,アルマＤコイル・青,412,412,TRUE,TRUE,TRUE,TRUE,FALSE
wst,Arma D Coil・Tea,アルマＤコイル・茶,411,411,TRUE,TRUE,TRUE,TRUE,FALSE
wst,Honour D Coil・Red,オナブルＤコイル・赤,1498,1498,TRUE,TRUE,TRUE,TRUE,FALSE
wst,Honour D Coil・Blue,オナブルＤコイル・青,1499,1499,TRUE,TRUE,TRUE,TRUE,FALSE
wst,Honour D Coil・Green,オナブルＤコイル・緑,1500,1500,TRUE,TRUE,TRUE,TRUE,FALSE
wst,Honour D Coil・紺,オナブルＤコイル・紺,1501,1501,TRUE,TRUE,TRUE,TRUE,FALSE
wst,Pics D Coil・Green,ピクスＤコイル・緑,1241,1241,TRUE,TRUE,TRUE,TRUE,FALSE
wst,Pics D Coil・Purple,ピクスＤコイル・紫,1243,1243,TRUE,TRUE,TRUE,TRUE,FALSE
wst,Pics D Coil・Black,ピクスＤコイル・黒,1242,1242,TRUE,TRUE,TRUE,TRUE,FALSE
wst,Pics D Coil・Water,ピクスＤコイル・水,1244,1244,TRUE,TRUE,TRUE,TRUE,FALSE
wst,Magos D Coil・Yellow,マゴスＤコイル・黄,1199,1199,TRUE,TRUE,TRUE,TRUE,FALSE
wst,Magos D Coil・Red,マゴスＤコイル・赤,1200,1200,TRUE,TRUE,TRUE,TRUE,FALSE
wst,Magos D Coil・Water,マゴスＤコイル・水,1201,1201,TRUE,TRUE,TRUE,TRUE,FALSE
wst,Magos D Coil・Blue,マゴスＤコイル・青,1202,1202,TRUE,TRUE,TRUE,TRUE,FALSE
wst,Arge D Coil,アージェＤコイル,560,560,TRUE,TRUE,TRUE,TRUE,FALSE
wst,Camarera D Coil,カマレラＤコイル,657,657,TRUE,TRUE,TRUE,TRUE,FALSE
wst,Metenera D Coil,メテネラＤコイル,723,723,TRUE,TRUE,TRUE,TRUE,FALSE
wst,Abitto D Coil,アビットＤコイル,789,789,TRUE,TRUE,TRUE,TRUE,FALSE
wst,Riburi D Coil,リブリーＤコイル,1040,1040,TRUE,TRUE,TRUE,TRUE,FALSE
wst,Zodic D Coil・Blue,ゾデックＤコイル・青,1149,1149,TRUE,TRUE,TRUE,TRUE,FALSE
wst,Zodic D Coil・Tea,ゾデックＤコイル・茶,1152,1152,TRUE,TRUE,TRUE,TRUE,FALSE
wst,Zodic D Coil・Green,ゾデックＤコイル・緑,1150,1150,TRUE,TRUE,TRUE,TRUE,FALSE
wst,Zodic D Coil・Pink,ゾデックＤコイル・桜,1151,1151,TRUE,TRUE,TRUE,TRUE,FALSE
wst,Cayssis D Coil Water,カエシスＤコイル水,1120,1120,TRUE,TRUE,TRUE,TRUE,FALSE
wst,Cayssis D Coil Red,カエシスＤコイル赤,1121,1121,TRUE,TRUE,TRUE,TRUE,FALSE
wst,Cayssis D Coil Blue,カエシスＤコイル青,1122,1122,TRUE,TRUE,TRUE,TRUE,FALSE
wst,Cayssis D Coil Orange,カエシスＤコイル橙,1123,1123,TRUE,TRUE,TRUE,TRUE,FALSE
wst,Omet D Coil・Black,オメットＤコイル・黒,1091,1091,TRUE,TRUE,TRUE,TRUE,FALSE
wst,Omet D Coil・Red,オメットＤコイル・赤,1092,1092,TRUE,TRUE,TRUE,TRUE,FALSE
wst,Omet D Coil・White,オメットＤコイル・白,1093,1093,TRUE,TRUE,TRUE,TRUE,FALSE
wst,Omet D Coil・Blue,オメットＤコイル・青,1094,1094,TRUE,TRUE,TRUE,TRUE,FALSE
wst,Edio D Coil・Blue,エディオＤコイル・青,784,784,TRUE,TRUE,TRUE,TRUE,FALSE
wst,Edio D Coil・Red,エディオＤコイル・赤,785,785,TRUE,TRUE,TRUE,TRUE,FALSE
wst,Edio D Coil・Yellow,エディオＤコイル・黄,786,786,TRUE,TRUE,TRUE,TRUE,FALSE
wst,Edio D Coil・Black,エディオＤコイル・黒,787,787,TRUE,TRUE,TRUE,TRUE,FALSE
wst,Steno D Elytra ー・Orange,ステノＤアンカー・橙,718,718,TRUE,TRUE,TRUE,TRUE,FALSE
wst,Steno D Elytra ー・Peach,ステノＤアンカー・桃,719,719,TRUE,TRUE,TRUE,TRUE,FALSE
wst,Steno D Elytra ー・Blue,ステノＤアンカー・青,720,720,TRUE,TRUE,TRUE,TRUE,FALSE
wst,Steno D Elytra ー・Red,ステノＤアンカー・赤,721,721,TRUE,TRUE,TRUE,TRUE,FALSE
wst,Suriito D Coil・Yellow,スリートＤコイル・黄,652,652,TRUE,TRUE,TRUE,TRUE,FALSE
wst,Suriito D Coil・Silver,スリートＤコイル・銀,653,653,TRUE,TRUE,TRUE,TRUE,FALSE
wst,Suriito D Coil・Red,スリートＤコイル・赤,654,654,TRUE,TRUE,TRUE,TRUE,FALSE
wst,Suriito D Coil・Blue,スリートＤコイル・青,655,655,TRUE,TRUE,TRUE,TRUE,FALSE
wst,Galitos D Belt・Tea,ガリトスＤベルト・茶,1036,1036,TRUE,TRUE,TRUE,TRUE,FALSE
wst,Galitos D Belt・Red,ガリトスＤベルト・赤,1037,1037,TRUE,TRUE,TRUE,TRUE,FALSE
wst,Galitos D Belt・Black,ガリトスＤベルト・黒,1038,1038,TRUE,TRUE,TRUE,TRUE,FALSE
wst,Galitos D Belt・Water,ガリトスＤベルト・水,1039,1039,TRUE,TRUE,TRUE,TRUE,FALSE
wst,Text D Coil・Purple,テクストＤコイル・紫,540,540,TRUE,TRUE,TRUE,TRUE,FALSE
wst,Text D Coil・Green,テクストＤコイル・緑,541,541,TRUE,TRUE,TRUE,TRUE,FALSE
wst,Text D Coil・Blue,テクストＤコイル・青,542,542,TRUE,TRUE,TRUE,TRUE,FALSE
wst,Text D Coil・Black,テクストＤコイル・黒,544,544,TRUE,TRUE,TRUE,TRUE,FALSE
wst,Pharan D Coil・White,ファランＤコイル・白,566,566,TRUE,TRUE,TRUE,TRUE,FALSE
wst,Pharan D Coil・Black,ファランＤコイル・黒,567,567,TRUE,TRUE,TRUE,TRUE,FALSE
wst,Pharan D Coil・Red,ファランＤコイル・赤,568,568,TRUE,TRUE,TRUE,TRUE,FALSE
wst,Pharan D Coil・Blue,ファランＤコイル・青,569,569,TRUE,TRUE,TRUE,TRUE,FALSE
wst,Gold D Coil・Red,ゴルトＤコイル・赤,506,506,TRUE,TRUE,TRUE,TRUE,FALSE
wst,Gold D Coil・Blue,ゴルトＤコイル・青,507,507,TRUE,TRUE,TRUE,TRUE,FALSE
wst,Gold D Coil・Yellow,ゴルトＤコイル・黄,508,508,TRUE,TRUE,TRUE,TRUE,FALSE
wst,Gold D Coil・Purple,ゴルトＤコイル・紫,509,509,TRUE,TRUE,TRUE,TRUE,FALSE
wst,Claire D Coil・Purple,クレールＤコイル・紫,487,487,TRUE,TRUE,TRUE,TRUE,FALSE
wst,Claire D Coil・Water,クレールＤコイル・水,488,488,TRUE,TRUE,TRUE,TRUE,FALSE
wst,Claire D Coil・Red,クレールＤコイル・赤,489,489,TRUE,TRUE,TRUE,TRUE,FALSE
wst,Claire D Coil・Black,クレールＤコイル・黒,490,490,TRUE,TRUE,TRUE,TRUE,FALSE
wst,Gold Cat Dテイル,きんねこ服Ｄテイル,213,213,TRUE,TRUE,TRUE,TRUE,FALSE
wst,Silver Cat Dテイル,ぎんねこ服Ｄテイル,575,575,TRUE,TRUE,TRUE,TRUE,FALSE
wst,Ex D Coil・White,イクスＤコイル・白,420,420,TRUE,TRUE,TRUE,TRUE,FALSE
wst,Ex D Coil・Red,イクスＤコイル・赤,421,421,TRUE,TRUE,TRUE,TRUE,FALSE
wst,Ex D Coil・Blue,イクスＤコイル・青,422,422,TRUE,TRUE,TRUE,TRUE,FALSE
wst,Ex D Coil・Black,イクスＤコイル・黒,423,423,TRUE,TRUE,TRUE,TRUE,FALSE
wst,Star Festival D Obi [Red 】,星祭Ｄ帯【赤】,339,339,TRUE,TRUE,TRUE,TRUE,FALSE
wst,Star Festival D Obi [Blue 】,星祭Ｄ帯【青】,351,351,TRUE,TRUE,TRUE,TRUE,FALSE
wst,Star Festival D Obi [Black 】,星祭Ｄ帯【黒】,352,352,TRUE,TRUE,TRUE,TRUE,FALSE
wst,Star Festival D Obi [White 】,星祭Ｄ帯【白】,353,353,TRUE,TRUE,TRUE,TRUE,FALSE
wst,Promise D Coat・White,プロミスＤコート・白,257,257,TRUE,TRUE,TRUE,TRUE,FALSE
wst,Promise D Coat・Blue,プロミスＤコート・青,258,258,TRUE,TRUE,TRUE,TRUE,FALSE
wst,Promise D Coat・Purple,プロミスＤコート・紫,259,259,TRUE,TRUE,TRUE,TRUE,FALSE
wst,Promise D Coat・Yellow,プロミスＤコート・黄,260,260,TRUE,TRUE,TRUE,TRUE,FALSE
wst,White M Coat D,ホワイトＭコートＤ,252,252,TRUE,TRUE,TRUE,TRUE,FALSE
wst,Flight Obi D・White,飛天ノ帯Ｄ・白,1515,1515,TRUE,TRUE,TRUE,TRUE,FALSE
wst,Flight Obi D・Red,飛天ノ帯Ｄ・赤,1512,1512,TRUE,TRUE,TRUE,TRUE,FALSE
wst,Flight Obi D・Tea,飛天ノ帯Ｄ・茶,1513,1513,TRUE,TRUE,TRUE,TRUE,FALSE
wst,Flight Obi D・Blue,飛天ノ帯Ｄ・青,1514,1514,TRUE,TRUE,TRUE,TRUE,FALSE
wst,Bande D Coil・Blue,バンデＤコイル・青,1658,1658,TRUE,TRUE,TRUE,TRUE,FALSE
wst,Bande D Coil・Red,バンデＤコイル・赤,1659,1659,TRUE,TRUE,TRUE,TRUE,FALSE
wst,Bande D Coil・Green,バンデＤコイル・緑,1660,1660,TRUE,TRUE,TRUE,TRUE,FALSE
wst,Bande D Coil・Black,バンデＤコイル・黒,1661,1661,TRUE,TRUE,TRUE,TRUE,FALSE
wst,Regnum D Coil・White,レグヌムＤコイル・白,1712,1712,TRUE,TRUE,TRUE,TRUE,FALSE
wst,Regnum D Coil・Blue,レグヌムＤコイル・青,1713,1713,TRUE,TRUE,TRUE,TRUE,FALSE
wst,Regnum D Coil・Red,レグヌムＤコイル・赤,1714,1714,TRUE,TRUE,TRUE,TRUE,FALSE
wst,Regnum D Coil・Tea,レグヌムＤコイル・茶,1715,1715,TRUE,TRUE,TRUE,TRUE,FALSE
wst,Gania D Coil・Red,ガニアＤコイル・赤,1770,1770,TRUE,TRUE,TRUE,TRUE,FALSE
wst,Gania D Coil・Blue,ガニアＤコイル・青,1771,1771,TRUE,TRUE,TRUE,TRUE,FALSE
wst,Gania D Coil・Tea,ガニアＤコイル・茶,1772,1772,TRUE,TRUE,TRUE,TRUE,FALSE
wst,Gania D Coil・Purple,ガニアＤコイル・紫,1773,1773,TRUE,TRUE,TRUE,TRUE,FALSE
wst,Amistad D Coil・Black,アミスタＤコイル・黒,1808,1808,TRUE,TRUE,TRUE,TRUE,FALSE
wst,Amistad D Coil・White,アミスタＤコイル・白,1809,1809,TRUE,TRUE,TRUE,TRUE,FALSE
wst,Amistad D Coil・Blue,アミスタＤコイル・青,1810,1810,TRUE,TRUE,TRUE,TRUE,FALSE
wst,Amistad D Coil・Crimson,アミスタＤコイル・紅,1811,1811,TRUE,TRUE,TRUE,TRUE,FALSE
wst,Perifu D Coil・Blue,ペリフＤコイル・青,1856,1856,TRUE,TRUE,TRUE,TRUE,FALSE
wst,Perifu D Coil・Tea,ペリフＤコイル・茶,1857,1857,TRUE,TRUE,TRUE,TRUE,FALSE
wst,Perifu D Coil・Green,ペリフＤコイル・緑,1858,1858,TRUE,TRUE,TRUE,TRUE,FALSE
wst,Perifu D Coil・Purple,ペリフＤコイル・紫,1859,1859,TRUE,TRUE,TRUE,TRUE,FALSE
wst,Vakusu D Faulds,ヴァクスＤフォールド,1918,1918,TRUE,TRUE,TRUE,TRUE,FALSE
wst,Rizuvue D Coil,リズヴェＤコイル,2127,2127,TRUE,TRUE,TRUE,TRUE,FALSE
wst,Konseru D Faulds,コンセルＤフォールド,1262,1262,TRUE,TRUE,TRUE,TRUE,FALSE
wst,Utaei Waistband D,歌詠ノ腰帯Ｄ,2153,2153,TRUE,TRUE,TRUE,TRUE,FALSE
wst,Utatsumugu Waistband D,歌紡ノ腰帯Ｄ,2154,2154,TRUE,TRUE,TRUE,TRUE,FALSE
wst,Shikari の Waist てD,シカリの腰当てＤ,436,436,TRUE,TRUE,TRUE,TRUE,FALSE
wst,Strega D Faulds,ストレガＤフォールド,391,391,TRUE,TRUE,TRUE,TRUE,FALSE
wst,Eques D Faulds,エクエスＤフォールド,338,338,TRUE,TRUE,TRUE,TRUE,FALSE
wst,Uida D Coil,ウィダＤコイル,445,445,TRUE,TRUE,TRUE,TRUE,FALSE
wst,Kuraaji D Faulds,クラージＤフォールド,459,459,TRUE,TRUE,TRUE,TRUE,FALSE
wst,Aneshisu D Faulds,アネシスＤフォールド,458,458,TRUE,TRUE,TRUE,TRUE,FALSE
wst,Zaakaa D Coil,ザーカーＤコイル,547,547,TRUE,TRUE,TRUE,TRUE,FALSE
wst,Vinen D Waist,ヴィネンＤウエスト,760,760,TRUE,TRUE,TRUE,TRUE,FALSE
wst,Rudeos D Faulds,ルデオスＤフォールド,1001,1001,TRUE,TRUE,TRUE,TRUE,FALSE
wst,Breo D Faulds,ブレオＤフォールド,761,761,TRUE,TRUE,TRUE,TRUE,FALSE
wst,Rouge D Faulds,ルージュＤフォールド,365,365,TRUE,TRUE,TRUE,TRUE,FALSE
wst,Onero D Faulds,オネロＤフォールド,1089,1089,TRUE,TRUE,TRUE,TRUE,FALSE
wst,Diina D Waist,ディーナＤウエスト,220,220,TRUE,TRUE,TRUE,TRUE,FALSE
wst,Oorowa D Faulds,オーロワＤフォールド,1118,1118,TRUE,TRUE,TRUE,TRUE,FALSE
wst,Higakure D Faulds,ヒガクレＤフォールド,1257,1257,TRUE,TRUE,TRUE,TRUE,FALSE
wst,Perce D Faulds,ペルセＤフォールド,1316,1316,TRUE,TRUE,TRUE,TRUE,FALSE
wst,Orykto D Faulds,オリクトＤフォールド,1684,1684,TRUE,TRUE,TRUE,TRUE,FALSE
wst,Orykto D Coat,オリクトＤコート,1685,1685,TRUE,TRUE,TRUE,TRUE,FALSE
wst,Yoruti D Faulds,ヨルティＤフォールド,1677,1677,TRUE,TRUE,TRUE,TRUE,FALSE
wst,Nisuru D Faulds,ニスルＤフォールド,1222,1222,TRUE,TRUE,TRUE,TRUE,FALSE
wst,Maaden D Faulds,マアデンＤフォールド,1738,1738,TRUE,TRUE,TRUE,TRUE,FALSE
wst,Maaden D Coat,マアデンＤコート,1739,1739,TRUE,TRUE,TRUE,TRUE,FALSE
wst,Cheni D Faulds,チェニーＤフォールド,1778,1778,TRUE,TRUE,TRUE,TRUE,FALSE
wst,Eguiene D Faulds,エギエネＤフォールド,1917,1917,TRUE,TRUE,TRUE,TRUE,FALSE
wst,Toruboda D Coil,トルボダＤコイル,1834,1834,TRUE,TRUE,TRUE,TRUE,FALSE
wst,Kabariba D Faulds,カバリバＤフォールド,1833,1833,TRUE,TRUE,TRUE,TRUE,FALSE
wst,Norukku D Faulds,ノルックＤフォールド,1308,1308,TRUE,TRUE,TRUE,TRUE,FALSE
wst,Valier D Faulds,ヴァリエＤフォールド,1867,1867,TRUE,TRUE,TRUE,TRUE,FALSE
wst,Arumyu D Coil,アルミュＤコイル,2075,2075,TRUE,TRUE,TRUE,TRUE,FALSE
wst,Chatore D Faulds,チャトレＤフォールド,2074,2074,TRUE,TRUE,TRUE,TRUE,FALSE
wst,Pashio D Faulds,パシオＤフォールド,1223,1223,TRUE,TRUE,TRUE,TRUE,FALSE
wst,Cariva D Coil,カリヴァＤコイル,2128,2128,TRUE,TRUE,TRUE,TRUE,FALSE
wst,Desutora D Tasset,デストラＤタセット,0,2258,FALSE,TRUE,TRUE,TRUE,FALSE
wst,Bogabado ZD Coil,ボガバドZDコイル,2192,2192,TRUE,TRUE,TRUE,TRUE,FALSE
wst,Bogabado ZD Coat,ボガバドZDコート,2193,2193,TRUE,TRUE,TRUE,TRUE,FALSE
wst,Nerishoku Obi D,煉燭ノ帯Ｄ,2165,2165,TRUE,TRUE,TRUE,TRUE,FALSE
wst,Gravios ZD Coil,グラビZDコイル,2190,2190,TRUE,TRUE,TRUE,TRUE,FALSE
wst,Gravios ZD Coat,グラビZDコート,2191,2191,TRUE,TRUE,TRUE,TRUE,FALSE
wst,Baruragaru ZD Coil,バルラZDコイル,2188,2188,TRUE,TRUE,TRUE,TRUE,FALSE
wst,Baruragaru ZD Coat,バルラZDコート,2189,2189,TRUE,TRUE,TRUE,TRUE,FALSE
wst,Rabius D Coil,ラビウスＤコイル,2230,2230,TRUE,TRUE,TRUE,TRUE,FALSE
wst,Rocras D Coil,ロクラスＤコイル,2231,2231,TRUE,TRUE,TRUE,TRUE,FALSE
wst,Alisys D Coil,アリシスＤコイル,2233,2233,TRUE,TRUE,TRUE,TRUE,FALSE
wst,Loli D Coil,ロゥリィＤコイル,2234,2234,TRUE,TRUE,TRUE,TRUE,FALSE
wst,Recolis D Coil,レコリスＤコイル,2235,2235,TRUE,TRUE,TRUE,TRUE,FALSE
wst,Rapin D Coil,ラファンＤコイル,2242,2242,TRUE,TRUE,TRUE,TRUE,FALSE
wst,Rapin C Coil,ラファンＣコイル,2243,2243,TRUE,TRUE,TRUE,TRUE,FALSE
wst,Quna D Coil,クーナＤコイル,0,2168,FALSE,TRUE,TRUE,TRUE,FALSE
wst,Ionia D Coil,イオニアＤコイル,0,2169,FALSE,TRUE,TRUE,TRUE,FALSE
wst,Guridi D Coil,グリディＤコイル,1964,1964,TRUE,TRUE,TRUE,TRUE,FALSE
wst,Shifunyi D Belt,シフニィＤベルト,2100,2100,TRUE,TRUE,TRUE,TRUE,FALSE
wst,Rappy D Hip,ラッピーＤヒップ,0,0,TRUE,TRUE,TRUE,TRUE,FALSE
wst,Bita D Faulds,ビーターＤフォールド,2238,2238,TRUE,TRUE,TRUE,TRUE,FALSE
wst,Koreputo D Faulds,コレプトＤフォールド,2239,2239,TRUE,TRUE,TRUE,TRUE,FALSE
wst,Secuti D Coil・Black,セクティＤコイル・黒,1289,1289,TRUE,TRUE,TRUE,TRUE,FALSE
wst,Secuti D Coil・Blue,セクティＤコイル・青,1290,1290,TRUE,TRUE,TRUE,TRUE,FALSE
wst,Secuti D Coil・Red,セクティＤコイル・赤,1291,1291,TRUE,TRUE,TRUE,TRUE,FALSE
wst,Secuti D Coil・White,セクティＤコイル・白,1292,1292,TRUE,TRUE,TRUE,TRUE,FALSE
wst,Rockman D Coat,ロックマンＤコート,0,0,TRUE,TRUE,TRUE,TRUE,FALSE
wst,蜂針D [Waist て】・Orange,蜂針Ｄ【腰当て】・橙,0,1229,FALSE,TRUE,TRUE,TRUE,FALSE
wst,Kinkou D Coil,キンコウＤコイル,2228,2228,TRUE,TRUE,TRUE,TRUE,FALSE
wst,Anbu D Coil,アンブＤコイル,2229,2229,TRUE,TRUE,TRUE,TRUE,FALSE
wst,Rengoku Obi D,煉獄ノ帯Ｄ,2240,2240,TRUE,TRUE,TRUE,TRUE,FALSE
wst,Nerigeki Obi D,煉戟ノ帯Ｄ,2241,2241,TRUE,TRUE,TRUE,TRUE,FALSE
wst,Shanru D Coil,シャンルＤコイル,2236,2236,TRUE,TRUE,TRUE,TRUE,FALSE
wst,Fanru D Coil,ファンルＤコイル,2237,2237,TRUE,TRUE,TRUE,TRUE,FALSE
wst,Zamuza ZD Coil,ザムザZDコイル,2245,2245,TRUE,TRUE,TRUE,TRUE,FALSE
wst,Zamuza ZD Coat,ザムザZDコート,2246,2246,TRUE,TRUE,TRUE,TRUE,FALSE
wst,Harudo ZD Coil,ハルドZDコイル,2247,2247,TRUE,TRUE,TRUE,TRUE,FALSE
wst,Harudo ZD Coat,ハルドZDコート,2248,2248,TRUE,TRUE,TRUE,TRUE,FALSE
wst,Arbiter D Tasset,アービターＤタセット,2276,2276,TRUE,TRUE,TRUE,TRUE,FALSE
wst,Elysi D Coil,エリュシＤコイル,2277,2277,TRUE,TRUE,TRUE,TRUE,FALSE
wst,Fine D Coil,フィーネＤコイル,2278,2278,TRUE,TRUE,TRUE,TRUE,FALSE
wst,Kotona D Coil,コトナＤコイル,2279,2279,TRUE,TRUE,TRUE,TRUE,FALSE
wst,Finis D Coil,フィニスＤコイル,2280,2280,TRUE,TRUE,TRUE,TRUE,FALSE
wst,Firl D Coil,フィールＤコイル,2281,2281,TRUE,TRUE,TRUE,TRUE,FALSE
wst,Ryoso Waistband D,了奏ノ腰帯Ｄ,2282,2282,TRUE,TRUE,TRUE,TRUE,FALSE
wst,Gems D Coil,ジェムズＤコイル,2284,2284,TRUE,TRUE,TRUE,TRUE,FALSE
wst,Alisha D Coil,アリシャＤコイル,2285,2285,TRUE,TRUE,TRUE,TRUE,FALSE
wst,Ricca D Coil,リッカＤコイル,2288,2288,TRUE,TRUE,TRUE,TRUE,FALSE
wst,Kelis D Coil,ケリスＤコイル,2290,2290,TRUE,TRUE,TRUE,TRUE,FALSE
wst,Myunru D Coil,ミュンルＤコイル,2292,2292,TRUE,TRUE,TRUE,TRUE,FALSE
wst,Seiryu・Kensei D Coil,青龍・剣聖Ｄコイル,1341,1341,TRUE,TRUE,TRUE,TRUE,FALSE
wst,Seiryu・双龍D Coil,青龍・双龍Ｄコイル,1345,1345,TRUE,TRUE,TRUE,TRUE,FALSE
wst,Seiryu・Blade 王D Coil,青龍・剣王Ｄコイル,1349,1349,TRUE,TRUE,TRUE,TRUE,FALSE
wst,Seiryu・刀神D Coil,青龍・刀神Ｄコイル,1353,1353,TRUE,TRUE,TRUE,TRUE,FALSE
wst,Seiryu・Heaven 槍D Coil,青龍・天槍Ｄコイル,1357,1357,TRUE,TRUE,TRUE,TRUE,FALSE
wst,Seiryu・砲皇D Coil,青龍・砲皇Ｄコイル,1361,1361,TRUE,TRUE,TRUE,TRUE,FALSE
wst,Seiryu・鈍器獣D Coil,青龍・鈍器獣Ｄコイル,1365,1365,TRUE,TRUE,TRUE,TRUE,FALSE
wst,Seiryu・奏帝D Coil,青龍・奏帝Ｄコイル,1369,1369,TRUE,TRUE,TRUE,TRUE,FALSE
wst,Seiryu・穿凰D Coil,青龍・穿凰Ｄコイル,1546,1546,TRUE,TRUE,TRUE,TRUE,FALSE
wst,Seiryu・斬将D Coil,青龍・斬将Ｄコイル,1894,1894,TRUE,TRUE,TRUE,TRUE,FALSE
wst,Seiryu・銃傑D Coat,青龍・銃傑Ｄコート,1373,1373,TRUE,TRUE,TRUE,TRUE,FALSE
wst,Seiryu・銃仙D Coat,青龍・銃仙Ｄコート,1377,1377,TRUE,TRUE,TRUE,TRUE,FALSE
wst,Seiryu・Bow 鬼D Coat,青龍・弓鬼Ｄコート,1381,1381,TRUE,TRUE,TRUE,TRUE,FALSE
wst,Seiryu・磁星D Coil,青龍・磁星Ｄコイル,2146,2146,TRUE,TRUE,TRUE,TRUE,FALSE
wst,K. Lobster Coil PD Black,ＫロブスタコイルPD黒,765,765,TRUE,TRUE,TRUE,TRUE,FALSE
wst,K. Lobster Coil PD Green,ＫロブスタコイルPD緑,766,766,TRUE,TRUE,TRUE,TRUE,FALSE
wst,K. Lobster Coil PD Blue,ＫロブスタコイルPD青,767,767,TRUE,TRUE,TRUE,TRUE,FALSE
wst,K. Lobster Coat PD Black,ＫロブスタコートPD黒,768,768,TRUE,TRUE,TRUE,TRUE,FALSE
wst,K. Lobster Coat PD Green,ＫロブスタコートPD緑,769,769,TRUE,TRUE,TRUE,TRUE,FALSE
wst,K. Lobster Coat PD Blue,ＫロブスタコートPD青,770,770,TRUE,TRUE,TRUE,TRUE,FALSE
wst,Hypnoc Coil PD Green,ヒプノコイルPD緑,1005,1005,TRUE,TRUE,TRUE,TRUE,FALSE
wst,Hypnoc Coil PD Red,ヒプノコイルPD赤,1006,1006,TRUE,TRUE,TRUE,TRUE,FALSE
wst,Hypnoc Coil PD Yellow,ヒプノコイルPD黄,1007,1007,TRUE,TRUE,TRUE,TRUE,FALSE
wst,Beru Faulds PD Black,ベルフォールドPD黒,1008,1008,TRUE,TRUE,TRUE,TRUE,FALSE
wst,Beru Faulds PD Red,ベルフォールドPD赤,1009,1009,TRUE,TRUE,TRUE,TRUE,FALSE
wst,Beru Faulds PD Purple,ベルフォールドPD紫,1010,1010,TRUE,TRUE,TRUE,TRUE,FALSE
wst,Beru Coat PD Black,ベルコートPD黒,1011,1011,TRUE,TRUE,TRUE,TRUE,FALSE
wst,Beru Coat PD Red,ベルコートPD赤,1012,1012,TRUE,TRUE,TRUE,TRUE,FALSE
wst,Beru Coat PD Purple,ベルコートPD紫,1013,1013,TRUE,TRUE,TRUE,TRUE,FALSE
wst,Black Belt Coil PD White,クロオビコイルPD白,1062,1062,TRUE,TRUE,TRUE,TRUE,FALSE
wst,Black Belt Coil PD Black,クロオビコイルPD黒,1063,1063,TRUE,TRUE,TRUE,TRUE,FALSE
wst,Black Belt Coil PD Blue,クロオビコイルPD青,1064,1064,TRUE,TRUE,TRUE,TRUE,FALSE
wst,Apkallu Coil PD White,アプカルコイルPD白,1086,1086,TRUE,TRUE,TRUE,TRUE,FALSE
wst,Apkallu Coil PD Green,アプカルコイルPD緑,1087,1087,TRUE,TRUE,TRUE,TRUE,FALSE
wst,Apkallu Coil PD Yellow,アプカルコイルPD黄,1088,1088,TRUE,TRUE,TRUE,TRUE,FALSE
wst,Rukodiora Wing PD White,ルコウイングPD白,1103,1103,TRUE,TRUE,TRUE,TRUE,FALSE
wst,Rukodiora Wing PD Blue,ルコウイングPD青,1104,1104,TRUE,TRUE,TRUE,TRUE,FALSE
wst,Rukodiora Wing PD Red,ルコウイングPD赤,1105,1105,TRUE,TRUE,TRUE,TRUE,FALSE
wst,Rukodiora テイル PD White,ルコテイルPD白,1106,1106,TRUE,TRUE,TRUE,TRUE,FALSE
wst,Rukodiora テイル PD Blue,ルコテイルPD青,1107,1107,TRUE,TRUE,TRUE,TRUE,FALSE
wst,Rukodiora テイル PD Red,ルコテイルPD赤,1108,1108,TRUE,TRUE,TRUE,TRUE,FALSE
wst,Comrade Belt PD White Red,コムラダベルトPD白赤,1109,1109,TRUE,TRUE,TRUE,TRUE,FALSE
wst,Comrade Belt PD White Blue,コムラダベルトPD白青,1110,1110,TRUE,TRUE,TRUE,TRUE,FALSE
wst,Comrade Belt PD White Yellow,コムラダベルトPD白黄,1111,1111,TRUE,TRUE,TRUE,TRUE,FALSE
wst,Otono D Faulds,オトノＤフォールド,1832,1832,TRUE,TRUE,TRUE,TRUE,FALSE
wst,忍の Obi・空D,忍の帯・空Ｄ,150,150,TRUE,TRUE,TRUE,TRUE,FALSE
wst,忍の Obi・海D,忍の帯・海Ｄ,151,151,TRUE,TRUE,TRUE,TRUE,FALSE
wst,Shadow Obi・D,黒影ノ帯・Ｄ,1189,1189,TRUE,TRUE,TRUE,TRUE,FALSE
wst,Shade Obi・D,黒陰ノ帯・Ｄ,1190,1190,TRUE,TRUE,TRUE,TRUE,FALSE
wst,Hope D Faulds,ホープＤフォールド,1191,1191,TRUE,TRUE,TRUE,TRUE,FALSE
