arm,Carrol C Arms,キャロルＣアーム,1960,1960,TRUE,TRUE,TRUE,TRUE,FALSE
arm,Zyra C Arms,ザイラＣアーム,1961,1961,TRUE,TRUE,TRUE,TRUE,FALSE
arm,Loose C Arms,ルースＣアーム,1962,1962,TRUE,TRUE,TRUE,TRUE,FALSE
arm,Higakure C Arms,ヒガクレＣアーム,1973,1973,TRUE,TRUE,TRUE,TRUE,FALSE
arm,Harokyu D Arms,ハロキュＤアーム,1557,1557,TRUE,TRUE,TRUE,TRUE,FALSE
arm,Evol D Arms・White,エヴォルＤアーム・白,1928,1928,TRUE,TRUE,TRUE,TRUE,FALSE
arm,Evol D Arms・Red,エヴォルＤアーム・赤,1929,1929,TRUE,TRUE,TRUE,TRUE,FALSE
arm,Evol D Arms・Blue,エヴォルＤアーム・青,1930,1930,TRUE,TRUE,TRUE,TRUE,FALSE
arm,Evol D Arms・Purple,エヴォルＤアーム・紫,1931,1931,TRUE,TRUE,TRUE,TRUE,FALSE
arm,Blue Ice Emperor D Arms,蒼皇氷Ｄアーム,1871,1871,TRUE,TRUE,TRUE,TRUE,FALSE
arm,White Ice Emperor D Arms,白皇氷Ｄアーム,1872,1872,TRUE,TRUE,TRUE,TRUE,FALSE
arm,Red Ice Emperor D Arms,紅皇氷Ｄアーム,1873,1873,TRUE,TRUE,TRUE,TRUE,FALSE
arm,Rance C Arms,ランセＣアーム,1975,1975,TRUE,TRUE,TRUE,TRUE,FALSE
arm,Santa D Arms,サンタＤアーム,700,700,TRUE,TRUE,TRUE,TRUE,FALSE
arm,Anteka Dグローブ,ガウシカＤグローブ,1527,1527,TRUE,TRUE,TRUE,TRUE,FALSE
arm,Sakufi D Arms,サクフィＤアーム,1911,1911,TRUE,TRUE,TRUE,TRUE,FALSE
arm,Asumo D Arms,アスモＤアーム,1932,1932,TRUE,TRUE,TRUE,TRUE,FALSE
arm,Dios D Arms,ディオスＤアーム,1921,1921,TRUE,TRUE,TRUE,TRUE,FALSE
arm,Asteli D Arms・White,アステリＤアーム・白,1693,1693,TRUE,TRUE,TRUE,TRUE,FALSE
arm,Asteli D Arms・Blue,アステリＤアーム・青,1694,1694,TRUE,TRUE,TRUE,TRUE,FALSE
arm,Asteli D Arms・Red,アステリＤアーム・赤,1695,1695,TRUE,TRUE,TRUE,TRUE,FALSE
arm,Asteli D Arms・Black,アステリＤアーム・黒,1696,1696,TRUE,TRUE,TRUE,TRUE,FALSE
arm,Lien D Arms・Blue,リアンＤアーム・青,424,424,TRUE,TRUE,TRUE,TRUE,FALSE
arm,Lien D Arms・Red,リアンＤアーム・赤,425,425,TRUE,TRUE,TRUE,TRUE,FALSE
arm,Lien D Arms・Black,リアンＤアーム・黒,426,426,TRUE,TRUE,TRUE,TRUE,FALSE
arm,Lien D Arms・White,リアンＤアーム・白,427,427,TRUE,TRUE,TRUE,TRUE,FALSE
arm,Lien D Arms・Crimson,リアンＤアーム・紅,440,440,TRUE,TRUE,TRUE,TRUE,FALSE
arm,Lien D Arms・藍,リアンＤアーム・藍,775,775,TRUE,TRUE,TRUE,TRUE,FALSE
arm,Lien D Arms・Peach,リアンＤアーム・桃,776,776,TRUE,TRUE,TRUE,TRUE,FALSE
arm,Carrol D Arms・Black,キャロルＤアーム・黒,1490,1490,TRUE,TRUE,TRUE,TRUE,FALSE
arm,Carrol D Arms・Blue,キャロルＤアーム・青,1491,1491,TRUE,TRUE,TRUE,TRUE,FALSE
arm,Carrol D Arms・White,キャロルＤアーム・白,1492,1492,TRUE,TRUE,TRUE,TRUE,FALSE
arm,Carrol D Arms・Red,キャロルＤアーム・赤,1493,1493,TRUE,TRUE,TRUE,TRUE,FALSE
arm,Carrol D Arms・Peach,キャロルＤアーム・桃,1726,1726,TRUE,TRUE,TRUE,TRUE,FALSE
arm,Gothic D Arms,ゴシックＤアーム,251,251,TRUE,TRUE,TRUE,TRUE,FALSE
arm,Kirin D Arms ロング,キリンＤアームロング,93,93,TRUE,TRUE,TRUE,TRUE,FALSE
arm,Farunokku D Arms,ファルノＤアーム,1175,1175,TRUE,TRUE,TRUE,TRUE,FALSE
arm,Farunokku D Guard,ファルノＤガード,1176,1176,TRUE,TRUE,TRUE,TRUE,FALSE
arm,Pokara D Arms,ポカラＤアーム,1179,1179,TRUE,TRUE,TRUE,TRUE,FALSE
arm,Pokara D Guard,ポカラＤガード,1180,1180,TRUE,TRUE,TRUE,TRUE,FALSE
arm,Genesis D【手袋】,創音奏Ｄ【手袋】,1654,1654,TRUE,TRUE,TRUE,TRUE,FALSE
arm,Motion D【手袋】,音紡奏Ｄ【手袋】,1655,1655,TRUE,TRUE,TRUE,TRUE,FALSE
arm,Lightning D [Kote 】,照雷Ｄ【篭手】,1802,1802,TRUE,TRUE,TRUE,TRUE,FALSE
arm,Thunder D [Kote 】,明雷Ｄ【篭手】,1803,1803,TRUE,TRUE,TRUE,TRUE,FALSE
arm,Toridcless D Arms,トリドＤアーム,1760,1760,TRUE,TRUE,TRUE,TRUE,FALSE
arm,Toridcless D Guard,トリドＤガード,1761,1761,TRUE,TRUE,TRUE,TRUE,FALSE
arm,Guan D Arms,グァンＤアーム,1852,1852,TRUE,TRUE,TRUE,TRUE,FALSE
arm,Guan D Guard,グァンＤガード,1853,1853,TRUE,TRUE,TRUE,TRUE,FALSE
arm,Varusa D Arms,ヴァルＤアーム,1656,1656,TRUE,TRUE,TRUE,TRUE,FALSE
arm,Varusa D Guard,ヴァルＤガード,1657,1657,TRUE,TRUE,TRUE,TRUE,FALSE
arm,Toa D Arms,トアＤアーム,1875,1875,TRUE,TRUE,TRUE,TRUE,FALSE
arm,Toa D Guard,トアＤガード,1876,1876,TRUE,TRUE,TRUE,TRUE,FALSE
arm,Blitz D Arms,ブリッツＤアーム,792,792,TRUE,TRUE,TRUE,TRUE,FALSE
arm,Stroma D Arms,ストロマＤアーム,1264,1264,TRUE,TRUE,TRUE,TRUE,FALSE
arm,Stroma D Guard,ストロマＤガード,1265,1265,TRUE,TRUE,TRUE,TRUE,FALSE
arm,Elegance D [Kote 】,雅深Ｄ【篭手】,1637,1637,TRUE,TRUE,TRUE,TRUE,FALSE
arm,Grace D [Kote 】,雅淵Ｄ【篭手】,1638,1638,TRUE,TRUE,TRUE,TRUE,FALSE
arm,Altera D Arms,アルテラＤアーム,1336,1336,TRUE,TRUE,TRUE,TRUE,FALSE
arm,Altera D Guard,アルテラＤガード,1337,1337,TRUE,TRUE,TRUE,TRUE,FALSE
arm,Pobo D Arms,ポボルムＤアーム,1652,1652,TRUE,TRUE,TRUE,TRUE,FALSE
arm,Pobo D Guard,ポボルムＤガード,1653,1653,TRUE,TRUE,TRUE,TRUE,FALSE
arm,Zinogre C Arms,ジンオウＣアーム,1794,1794,TRUE,TRUE,TRUE,TRUE,FALSE
arm,Zinogre C Guard,ジンオウＣガード,1795,1795,TRUE,TRUE,TRUE,TRUE,FALSE
arm,Hornetaur UD Arms,タロスＵＤアーム,153,153,TRUE,TRUE,TRUE,TRUE,FALSE
arm,Hornetaur UD Guard,タロスＵＤガード,153,153,TRUE,TRUE,TRUE,TRUE,FALSE
arm,Rathalos D Arms,レウスＤアーム,12,10,TRUE,TRUE,TRUE,TRUE,FALSE
arm,Rathalos D Guard,レウスＤガード,13,11,TRUE,TRUE,TRUE,TRUE,FALSE
arm,Gogo D Arms,ゴゴＤアーム,1030,1030,TRUE,TRUE,TRUE,TRUE,FALSE
arm,Gogo D Guard,ゴゴＤガード,1031,1031,TRUE,TRUE,TRUE,TRUE,FALSE
arm,Azul D Arms,アスールＤアーム,348,348,TRUE,TRUE,TRUE,TRUE,FALSE
arm,Azul D Guard,アスールＤガード,349,349,TRUE,TRUE,TRUE,TRUE,FALSE
arm,Harvest D Arms,ハーヴェストＤアーム,550,550,TRUE,TRUE,TRUE,TRUE,FALSE
arm,Harvest D Guard,ハーヴェストＤガード,551,551,TRUE,TRUE,TRUE,TRUE,FALSE
arm,Melan D Arms,メランＤアーム,395,395,TRUE,TRUE,TRUE,TRUE,FALSE
arm,Melan D Guard,メランＤガード,396,396,TRUE,TRUE,TRUE,TRUE,FALSE
arm,Diru D Arms,ディールＤアーム,594,594,TRUE,TRUE,TRUE,TRUE,FALSE
arm,Diru D Guard,ディールＤガード,595,595,TRUE,TRUE,TRUE,TRUE,FALSE
arm,Tandress D Arms,タンドレスＤアーム,1194,1194,TRUE,TRUE,TRUE,TRUE,FALSE
arm,Tandress D Guard,タンドレスＤガード,1195,1195,TRUE,TRUE,TRUE,TRUE,FALSE
arm,Rance D Arms,ランセＤアーム,1733,1733,TRUE,TRUE,TRUE,TRUE,FALSE
arm,Rance D Guard,ランセＤガード,1734,1734,TRUE,TRUE,TRUE,TRUE,FALSE
arm,Ganeto D Arms,ガネトＤアーム,1776,1776,TRUE,TRUE,TRUE,TRUE,FALSE
arm,Ganeto D Guard,ガネトＤガード,1777,1777,TRUE,TRUE,TRUE,TRUE,FALSE
arm,Chiru D Arms,チールＤアーム,1735,1735,TRUE,TRUE,TRUE,TRUE,FALSE
arm,Chiru D Guard,チールＤガード,1736,1736,TRUE,TRUE,TRUE,TRUE,FALSE
arm,Shiusu D Arms,シウスＤアーム,1837,1837,TRUE,TRUE,TRUE,TRUE,FALSE
arm,Shiusu D Guard,シウスＤガード,1838,1838,TRUE,TRUE,TRUE,TRUE,FALSE
arm,Once D Arms・無,ワンスＤアーム・無,1988,1988,TRUE,TRUE,TRUE,TRUE,FALSE
arm,Pale Sakura D [Sleeve 】,淡桜Ｄ【袖】,754,754,TRUE,TRUE,TRUE,TRUE,FALSE
arm,Howla D Arms,ハウラＤアーム,1849,1849,TRUE,TRUE,TRUE,TRUE,FALSE
arm,Panse D Arms,パンセＤアーム,1967,1967,TRUE,TRUE,TRUE,TRUE,FALSE
arm,Marriage D Arms,マリジュＤアーム,1965,1965,TRUE,TRUE,TRUE,TRUE,FALSE
arm,Yukine D Arms,ユキネＤアーム,1976,0,TRUE,FALSE,TRUE,TRUE,FALSE
arm,Miku D Arms,ミクＤアーム,1277,1277,TRUE,TRUE,TRUE,TRUE,FALSE
arm,Wasou Kote D,和奏ノ篭手Ｄ,1861,1861,TRUE,TRUE,TRUE,TRUE,FALSE
arm,Melynx D Arms,メラルーＤアーム,1906,1906,TRUE,FALSE,TRUE,TRUE,FALSE
arm,Tabby D Arms,アメショＤアーム,1907,1907,TRUE,FALSE,TRUE,TRUE,FALSE
arm,Calico D Arms,ミケＤアーム,1908,1908,TRUE,FALSE,TRUE,TRUE,FALSE
arm,Chashiro D Arms,チャシロＤアーム,1909,1909,TRUE,FALSE,TRUE,TRUE,FALSE
arm,King Beetle D Brachia,オウビートＤマーノ,281,0,TRUE,FALSE,TRUE,TRUE,FALSE
arm,Demon Lord Kote D,鬼神ノ篭手Ｄ,468,468,TRUE,TRUE,TRUE,TRUE,FALSE
arm,Demon Tale Kote D,鬼伝ノ篭手Ｄ,1848,1848,TRUE,TRUE,TRUE,TRUE,FALSE
arm,鬼凛ノ Kote D,鬼凛ノ篭手Ｄ,1920,1920,TRUE,TRUE,TRUE,TRUE,FALSE
arm,Empress C Arms,エンプレスＣアーム,183,183,TRUE,TRUE,TRUE,TRUE,FALSE
arm,Empress C Guard,エンプレスＣガード,184,184,TRUE,TRUE,TRUE,TRUE,FALSE
arm,Kaiser C Arms,カイザーＣアーム,181,181,TRUE,TRUE,TRUE,TRUE,FALSE
arm,Kaiser C Guard,カイザーＣガード,182,182,TRUE,TRUE,TRUE,TRUE,FALSE
arm,Dragon Dクロウ,ドラゴンＤクロウ,46,46,TRUE,TRUE,TRUE,TRUE,FALSE
arm,Dragon Dフィスト,ドラゴンＤフィスト,47,47,TRUE,TRUE,TRUE,TRUE,FALSE
arm,Nargacuga C Arms,ナルガＣアーム,1850,1850,TRUE,TRUE,TRUE,TRUE,FALSE
arm,Nargacuga C Guard,ナルガＣガード,1851,1851,TRUE,TRUE,TRUE,TRUE,FALSE
arm,Harudo D Arms,ハルドＤアーム,1702,1702,TRUE,TRUE,TRUE,TRUE,FALSE
arm,Harudo D Guard,ハルドＤガード,1703,1703,TRUE,TRUE,TRUE,TRUE,FALSE
arm,Elegance D [Kote 】,雅孔Ｄ【篭手】,1550,1550,TRUE,TRUE,TRUE,TRUE,FALSE
arm,Grace D [Kote 】,雅穿Ｄ【篭手】,1551,1551,TRUE,TRUE,TRUE,TRUE,FALSE
arm,Meraginasu D Arms,メラギＤアーム,1484,1484,TRUE,TRUE,TRUE,TRUE,FALSE
arm,Meraginasu D Guard,メラギＤガード,1485,1485,TRUE,TRUE,TRUE,TRUE,FALSE
arm,Hesyumu D Arms,ヘシュムＤアーム,1933,1933,TRUE,TRUE,TRUE,TRUE,FALSE
arm,Kasamie D Arms,カサミエＤアーム,1966,1966,TRUE,TRUE,TRUE,TRUE,FALSE
arm,Cielo D Arms,シエロＤアーム,1845,1845,TRUE,TRUE,TRUE,TRUE,FALSE
arm,Vichi D Arms,ヴィーチＤアーム,1790,1790,TRUE,TRUE,TRUE,TRUE,FALSE
arm,Adel D Arms,アデルＤアーム,1938,1938,TRUE,FALSE,TRUE,TRUE,FALSE
arm,Alkaiser D Arms,アルカイザーＤアーム,1939,1939,TRUE,FALSE,TRUE,TRUE,FALSE
arm,Kinosu D Arms,キノスＤアーム,472,472,TRUE,TRUE,TRUE,TRUE,FALSE
arm,Himeros D Arms,ヒメロスＤアーム,473,473,TRUE,TRUE,TRUE,TRUE,FALSE
arm,Charien D Guard,カリエンＤガード,474,474,TRUE,TRUE,TRUE,TRUE,FALSE
arm,Arietta D Arms,アリエッタＤアーム,476,476,TRUE,TRUE,TRUE,TRUE,FALSE
arm,Craft D Arms,クラフトＤアーム,566,566,TRUE,TRUE,TRUE,TRUE,FALSE
arm,Shieri D Arms,シエリーＤアーム,588,588,TRUE,TRUE,TRUE,TRUE,FALSE
arm,Pupen D Arms,プペンＤアーム,741,741,TRUE,TRUE,TRUE,TRUE,FALSE
arm,Moss Cover D Arms,モスカバＤアーム,742,742,TRUE,TRUE,TRUE,TRUE,FALSE
arm,Excelle D Arms,エクセレＤアーム,740,740,TRUE,TRUE,TRUE,TRUE,FALSE
arm,Ordre D Arms,オルドルＤアーム,1789,1789,TRUE,TRUE,TRUE,TRUE,FALSE
arm,Rath Duo D Arms,リオデュオＤアーム,489,489,TRUE,TRUE,TRUE,TRUE,FALSE
arm,Atra D Arms,アトラＤアーム,672,672,TRUE,TRUE,TRUE,TRUE,FALSE
arm,Madaru D Arms,マダルＤアーム,1162,1162,TRUE,TRUE,TRUE,TRUE,FALSE
arm,Shasse D Arms,シャッセＤアーム,733,733,TRUE,TRUE,TRUE,TRUE,FALSE
arm,Orchesis D Arms,オルケシスＤアーム,1002,1002,TRUE,TRUE,TRUE,TRUE,FALSE
arm,Blize D Arms,ブリゼＤアーム,1260,1260,TRUE,TRUE,TRUE,TRUE,FALSE
arm,Quoiz D Arms,クオイズＤアーム,1670,1670,TRUE,TRUE,TRUE,TRUE,FALSE
arm,Kalais D Arms,カライスＤアーム,1671,1671,TRUE,TRUE,TRUE,TRUE,FALSE
arm,Lucchese D Arms,ルケーゼＤアーム,1672,1672,TRUE,TRUE,TRUE,TRUE,FALSE
arm,Entora D Arms,エントラＤアーム,1029,1029,TRUE,TRUE,TRUE,TRUE,FALSE
arm,Penre D Arms,ペンレＤアーム,1968,1968,TRUE,TRUE,TRUE,TRUE,FALSE
arm,Rokka D Arms,ロッカＤアーム,1969,1969,TRUE,TRUE,TRUE,TRUE,FALSE
arm,YoRHa No.9 Type S D Arms,ﾖﾙﾊ九号S型Ｄアーム,1990,1990,TRUE,FALSE,TRUE,TRUE,FALSE
arm,トリートC Arms,トリートＣアーム,2083,2083,TRUE,TRUE,TRUE,TRUE,FALSE
arm,Craft C Arms,クラフトＣアーム,2084,2084,TRUE,TRUE,TRUE,TRUE,FALSE
arm,Cielo C Arms,シエロＣアーム,2085,2085,TRUE,TRUE,TRUE,TRUE,FALSE
arm,Felyne C Arms,アイルーＣアーム,2086,2086,TRUE,TRUE,TRUE,TRUE,FALSE
arm,Akahara Reisou GN Arms D Red,赤原礼装・腕：弓Ｄ赤,1278,0,TRUE,FALSE,TRUE,TRUE,FALSE
arm,Akahara Reisou GN Arms D Blue,赤原礼装・腕：弓Ｄ青,1279,0,TRUE,FALSE,TRUE,TRUE,FALSE
arm,Akahara Reisou GN Arms D Black,赤原礼装・腕：弓Ｄ黒,1280,0,TRUE,FALSE,TRUE,TRUE,FALSE
arm,Akahara Reisou GN Arms D White,赤原礼装・腕：弓Ｄ白,1281,0,TRUE,FALSE,TRUE,TRUE,FALSE
arm,Hero King Arms BM D Gold,英雄王の篭手：剣Ｄ金,1476,0,TRUE,FALSE,TRUE,TRUE,FALSE
arm,Hero King Arms BM D Black,英雄王の篭手：剣Ｄ黒,1478,0,TRUE,FALSE,TRUE,TRUE,FALSE
arm,Hero King Arms BM D White,英雄王の篭手：剣Ｄ白,1479,0,TRUE,FALSE,TRUE,TRUE,FALSE
arm,Hero King Arms BM D Red,英雄王の篭手：剣Ｄ赤,1480,0,TRUE,FALSE,TRUE,TRUE,FALSE
arm,Arben D Arms,アーベンＤアーム,1925,1925,TRUE,TRUE,TRUE,TRUE,FALSE
arm,Aura D Arms,アウラＤアーム,1846,1846,TRUE,TRUE,TRUE,TRUE,FALSE
arm,Gagachu D Arms,ガガチュＤアーム,1831,1831,TRUE,TRUE,TRUE,TRUE,FALSE
arm,Kurofi D Arms,クロフィＤアーム,1910,1910,TRUE,TRUE,TRUE,TRUE,FALSE
arm,Keravuno D Arms,ケラヴノＤアーム,1791,1791,TRUE,TRUE,TRUE,TRUE,FALSE
arm,Espinas ZD Grip,エスピナZDファオスト,1944,1944,TRUE,TRUE,TRUE,TRUE,FALSE
arm,Espinas ZD Grasp,エスピナZDベギアデ,1945,1945,TRUE,TRUE,TRUE,TRUE,FALSE
arm,Hypnoc ZD Arms,ヒプノZDアーム,1948,1948,TRUE,TRUE,TRUE,TRUE,FALSE
arm,Hypnoc ZD Guard,ヒプノZDガード,1949,1949,TRUE,TRUE,TRUE,TRUE,FALSE
arm,Khezu ZD Arms,フルフルZDアーム,1952,1952,TRUE,TRUE,TRUE,TRUE,FALSE
arm,Khezu ZD Guard,フルフルZDガード,1953,1953,TRUE,TRUE,TRUE,TRUE,FALSE
arm,Hermitaur ZD Arms,ザザミZDアーム,1954,1954,TRUE,TRUE,TRUE,TRUE,FALSE
arm,Hermitaur ZD Guard,ザザミZDガード,1955,1955,TRUE,TRUE,TRUE,TRUE,FALSE
arm,Rathalos ZD Arms,レウスZDアーム,1950,1950,TRUE,TRUE,TRUE,TRUE,FALSE
arm,Rathalos ZD Guard,レウスZDガード,1951,1951,TRUE,TRUE,TRUE,TRUE,FALSE
arm,Blango ZD Arms,ブランゴZDアーム,1956,1956,TRUE,TRUE,TRUE,TRUE,FALSE
arm,Blango ZD Guard,ブランゴZDガード,1957,1957,TRUE,TRUE,TRUE,TRUE,FALSE
arm,Vashimu ZD Arms,ヴァシムZDアーム,1946,1946,TRUE,TRUE,TRUE,TRUE,FALSE
arm,Vashimu ZD Guard,ヴァシムZDガード,1947,1947,TRUE,TRUE,TRUE,TRUE,FALSE
arm,Tigrex ZD Arms,レックスZDアーム,1958,1958,TRUE,TRUE,TRUE,TRUE,FALSE
arm,Tigrex ZD Guard,レックスZDガード,1959,1959,TRUE,TRUE,TRUE,TRUE,FALSE
arm,Hyujikiki ZD Arms,ヒュジZDアーム,1977,1977,TRUE,TRUE,TRUE,TRUE,FALSE
arm,Hyujikiki ZD Guard,ヒュジZDガード,1978,1978,TRUE,TRUE,TRUE,TRUE,FALSE
arm,Gear ZD Arms,ギアZDアーム,1981,1981,TRUE,TRUE,TRUE,TRUE,FALSE
arm,Gear ZD Guard,ギアZDガード,1982,1982,TRUE,TRUE,TRUE,TRUE,FALSE
arm,Muruta D Arms,ムルタＤアーム,1825,1825,TRUE,TRUE,TRUE,TRUE,FALSE
arm,Midogaron ZD Arms,ミドZDアーム,1979,1979,TRUE,TRUE,TRUE,TRUE,FALSE
arm,Midogaron ZD Guard,ミドZDガード,1980,1980,TRUE,TRUE,TRUE,TRUE,FALSE
arm,White Fatalis Dクロウ,祖龍Ｄクロウ,1710,1710,TRUE,TRUE,TRUE,TRUE,FALSE
arm,White Fatalis Dフィスト,祖龍Ｄフィスト,1711,1711,TRUE,TRUE,TRUE,TRUE,FALSE
arm,Elzelion D Arms,エルゼＤアーム,2090,2090,TRUE,TRUE,TRUE,TRUE,FALSE
arm,Elzelion D Guard,エルゼＤガード,2091,2091,TRUE,TRUE,TRUE,TRUE,FALSE
arm,Zakka D Arms,ザッカＤアーム,1970,1970,TRUE,TRUE,TRUE,TRUE,FALSE
arm,十ノ軌跡C Arms,十ノ軌跡Ｃアーム,2058,2058,TRUE,TRUE,TRUE,TRUE,FALSE
arm,十ノ至道C Guard,十ノ至道Ｃガード,2059,2059,TRUE,TRUE,TRUE,TRUE,FALSE
arm,Rantana D Arms,ランタナＤアーム,2081,2081,TRUE,TRUE,TRUE,TRUE,FALSE
arm,Eris D Arms,エリスＤアーム,2107,2107,TRUE,TRUE,TRUE,TRUE,FALSE
arm,Magisa D Arms・Red,マギサＤアーム・赤,406,406,TRUE,TRUE,TRUE,TRUE,FALSE
arm,Magisa D Arms・Black,マギサＤアーム・黒,419,419,TRUE,TRUE,TRUE,TRUE,FALSE
arm,Magisa D Arms・Green,マギサＤアーム・緑,408,408,TRUE,TRUE,TRUE,TRUE,FALSE
arm,Magisa D Arms・White,マギサＤアーム・白,409,409,TRUE,TRUE,TRUE,TRUE,FALSE
arm,Magisa D Arms・Blue,マギサＤアーム・青,407,407,TRUE,TRUE,TRUE,TRUE,FALSE
arm,Waka Kote D,和花ノ篭手Ｄ,1860,1860,TRUE,TRUE,TRUE,TRUE,FALSE
arm,Shaln D Arms・Blue,シャランＤアーム・青,482,482,TRUE,TRUE,TRUE,TRUE,FALSE
arm,Shaln D Arms・Green,シャランＤアーム・緑,483,483,TRUE,TRUE,TRUE,TRUE,FALSE
arm,Shaln D Arms・Purple,シャランＤアーム・紫,484,484,TRUE,TRUE,TRUE,TRUE,FALSE
arm,Shaln D Arms・White,シャランＤアーム・白,485,485,TRUE,TRUE,TRUE,TRUE,FALSE
arm,Shaln D Arms・Red,シャランＤアーム・赤,486,486,TRUE,TRUE,TRUE,TRUE,FALSE
arm,Shaln D Arms・Crimson,シャランＤアーム・紅,549,549,TRUE,TRUE,TRUE,TRUE,FALSE
arm,Shaln D Arms・Orange,シャランＤアーム・橙,548,548,TRUE,TRUE,TRUE,TRUE,FALSE
arm,Carriage D Arms,キャリッジＤアーム,1520,1520,TRUE,TRUE,TRUE,TRUE,FALSE
arm,Marble D Arms,マーブルＤアーム,1522,1522,TRUE,TRUE,TRUE,TRUE,FALSE
arm,Shandy D Arms,シャンディＤアーム,1523,1523,TRUE,TRUE,TRUE,TRUE,FALSE
arm,Banquet D Arms,バンケットＤアーム,1521,1521,TRUE,TRUE,TRUE,TRUE,FALSE
arm,Korinyi D Arms,コリニィＤアーム,2087,2087,TRUE,TRUE,TRUE,TRUE,FALSE
arm,Renka Kote D,煉華ノ篭手Ｄ,2108,2108,TRUE,TRUE,TRUE,TRUE,FALSE
arm,Kukubo D Arms,ククボＤアーム,701,701,TRUE,TRUE,TRUE,TRUE,FALSE
arm,Kakabu D Arms,カカブＤアーム,1069,1069,TRUE,TRUE,TRUE,TRUE,FALSE
arm,Aruru D Arms,アルルＤアーム,1116,1116,TRUE,TRUE,TRUE,TRUE,FALSE
arm,Red Cat D Arms,あかねこ服Ｄアーム,428,428,TRUE,TRUE,TRUE,TRUE,FALSE
arm,Rios D Arms,ライオスＤアーム,1681,1681,TRUE,TRUE,TRUE,TRUE,FALSE
arm,Bonito D Arms,ボニトＤアーム,1682,1682,TRUE,TRUE,TRUE,TRUE,FALSE
arm,Meirida D Arms,メイリダＤアーム,1737,1737,TRUE,TRUE,TRUE,TRUE,FALSE
arm,Miniomu D Arms,ミニオムＤアーム,1775,1775,TRUE,TRUE,TRUE,TRUE,FALSE
arm,Harimeno D Arms,ハリメノＤアーム,1836,1836,TRUE,TRUE,TRUE,TRUE,FALSE
arm,Deliver D Arms,デリヴＤアーム,1251,1251,TRUE,TRUE,TRUE,TRUE,FALSE
arm,Asaku D Arms,アサークＤアーム,1252,1252,TRUE,TRUE,TRUE,TRUE,FALSE
arm,Desordre D Arms,デゾルトＤアーム,1253,1253,TRUE,TRUE,TRUE,TRUE,FALSE
arm,Haragan D Arms,ハラガンＤアーム,1679,1679,TRUE,TRUE,TRUE,TRUE,FALSE
arm,Abuyado D Arms,アブヤドＤアーム,1680,1680,TRUE,TRUE,TRUE,TRUE,FALSE
arm,Rukodiora ZD Arms,ルコZDアーム,2092,2092,TRUE,TRUE,TRUE,TRUE,FALSE
arm,Rukodiora ZD Guard,ルコZDガード,2093,2093,TRUE,TRUE,TRUE,TRUE,FALSE
arm,Plesioth ZD Arms,ガノZDアーム,2094,2094,TRUE,TRUE,TRUE,TRUE,FALSE
arm,Plesioth ZD Guard,ガノZDガード,2095,2095,TRUE,TRUE,TRUE,TRUE,FALSE
arm,Sharufu D Arms,シャルフＤアーム,1984,1984,TRUE,TRUE,TRUE,TRUE,FALSE
arm,Kamara D Arms,カマラＤアーム,2082,2082,TRUE,TRUE,TRUE,TRUE,FALSE
arm,Liebre D Arms,リエブレＤアーム,2099,2099,TRUE,TRUE,TRUE,TRUE,FALSE
arm,Korinyi C Arms,コリニィＣアーム,2098,2098,TRUE,TRUE,TRUE,TRUE,FALSE
arm,Ruche D Arms,ルーチェＤアーム,2105,2105,TRUE,TRUE,TRUE,TRUE,FALSE
arm,Strength D Hands,ストレングスＤハンド,274,274,TRUE,TRUE,TRUE,TRUE,FALSE
arm,Rage D Arms,レイジＤアーム,603,603,TRUE,TRUE,TRUE,TRUE,FALSE
arm,Rampage D Arms,ランページＤアーム,604,604,TRUE,TRUE,TRUE,TRUE,FALSE
arm,Blaze D Arms,ブレイズＤアーム,605,605,TRUE,TRUE,TRUE,TRUE,FALSE
arm,Poogie D Gloves,プーギーＤパンチ,1022,1022,TRUE,TRUE,TRUE,TRUE,FALSE
arm,Mandora D Arms,マンドラＤアーム,1024,1024,TRUE,TRUE,TRUE,TRUE,FALSE
arm,Aonoko D Arms,アオノコＤアーム,1023,1023,TRUE,TRUE,TRUE,TRUE,FALSE
arm,Gauss D Arms,ガウスＤアーム,1130,1130,TRUE,TRUE,TRUE,TRUE,FALSE
arm,Weber D Arms,ウェーバＤアーム,1131,1131,TRUE,TRUE,TRUE,TRUE,FALSE
arm,Gilbert D Arms,ギルバートＤアーム,1132,1132,TRUE,TRUE,TRUE,TRUE,FALSE
arm,Zuibei D Grip,ズィベイＤファオスト,1510,1510,TRUE,TRUE,TRUE,TRUE,FALSE
arm,Chiarim D Arms,チアリムＤアーム,1864,1864,TRUE,TRUE,TRUE,TRUE,FALSE
arm,Guild Bard C Arms,ギルドバードＣアーム,1842,0,TRUE,FALSE,TRUE,TRUE,FALSE
arm,Aelucanth C Brachia,ロワーガＣマーノ,1816,0,TRUE,FALSE,TRUE,TRUE,FALSE
arm,Yukumo ノコテC・Heaven,ユクモノコテＣ・天,1804,1804,TRUE,TRUE,TRUE,TRUE,FALSE
arm,White 蘭D Arms,白蘭Ｄアーム,1558,1558,TRUE,TRUE,TRUE,TRUE,FALSE
arm,Crimson 霞D Arms,紅霞Ｄアーム,1559,1559,TRUE,TRUE,TRUE,TRUE,FALSE
arm,Demonclad Kote D,鬼穿ノ篭手Ｄ,1974,1974,TRUE,TRUE,TRUE,TRUE,FALSE
arm,Tangusu D Arms,タングスＤアーム,1160,1160,TRUE,TRUE,TRUE,TRUE,FALSE
arm,Disu D Arms,ディスＤアーム,1187,1187,TRUE,TRUE,TRUE,TRUE,FALSE
arm,Disu D Guard,ディスＤガード,1188,1188,TRUE,TRUE,TRUE,TRUE,FALSE
arm,Lils D Arms,リルスＤアーム,790,790,TRUE,TRUE,TRUE,TRUE,FALSE
arm,Lils D Guard,リルスＤガード,791,791,TRUE,TRUE,TRUE,TRUE,FALSE
arm,Dragon SCクロウ,ドラゴンSCクロウ,148,148,TRUE,TRUE,TRUE,TRUE,FALSE
arm,Dragon SCフィスト,ドラゴンSCフィスト,149,149,TRUE,TRUE,TRUE,TRUE,FALSE
arm,Dragon GDクロウ,ドラゴンGDクロウ,1537,1537,TRUE,TRUE,TRUE,TRUE,FALSE
arm,Dragon GDフィスト,ドラゴンGDフィスト,1538,1538,TRUE,TRUE,TRUE,TRUE,FALSE
arm,Vulcan Dクロウ,バルカンＤクロウ,59,59,TRUE,TRUE,TRUE,TRUE,FALSE
arm,Vulcan Dフィスト,バルカンＤフィスト,60,60,TRUE,TRUE,TRUE,TRUE,FALSE
arm,Vulcan GDクロウ,バルカンGDクロウ,1539,1539,TRUE,TRUE,TRUE,TRUE,FALSE
arm,Vulcan GDフィスト,バルカンGDフィスト,1540,1540,TRUE,TRUE,TRUE,TRUE,FALSE
arm,Garnet D Arms,ガーネットＤアーム,658,658,TRUE,TRUE,TRUE,TRUE,FALSE
arm,Amethyst D Arms,アメジストＤアーム,659,659,TRUE,TRUE,TRUE,TRUE,FALSE
arm,Coral D Arms,コーラルＤアーム,660,660,TRUE,TRUE,TRUE,TRUE,FALSE
arm,Quartz D Arms,クォーツＤアーム,661,661,TRUE,TRUE,TRUE,TRUE,FALSE
arm,Emerald D Arms,エメラルドＤアーム,664,664,TRUE,TRUE,TRUE,TRUE,FALSE
arm,Pearl D Arms,パールＤアーム,665,665,TRUE,TRUE,TRUE,TRUE,FALSE
arm,Ruby D Arms,ルビーＤアーム,662,662,TRUE,TRUE,TRUE,TRUE,FALSE
arm,Sapphire D Arms,サファイアＤアーム,663,663,TRUE,TRUE,TRUE,TRUE,FALSE
arm,Topaz D Guard,トパーズＤガード,666,666,TRUE,TRUE,TRUE,TRUE,FALSE
arm,Tourmaline D Guard,トルマリンＤガード,667,667,TRUE,TRUE,TRUE,TRUE,FALSE
arm,Lapis D Guard,ラピスＤガード,668,668,TRUE,TRUE,TRUE,TRUE,FALSE
arm,Hisui D Arms,ヒスイＤアーム,1541,1541,TRUE,TRUE,TRUE,TRUE,FALSE
arm,Onyx D Arms,オニキスＤアーム,1889,1889,TRUE,TRUE,TRUE,TRUE,FALSE
arm,Veloci Hands D,ランポスーツハンドＤ,166,166,TRUE,TRUE,TRUE,TRUE,FALSE
arm,Gen Hands D,ゲネポスーツハンドＤ,167,167,TRUE,TRUE,TRUE,TRUE,FALSE
arm,Io Hands D,イーオスーツハンドＤ,168,168,TRUE,TRUE,TRUE,TRUE,FALSE
arm,Gia Hands D,ギアノスーツハンドＤ,220,220,TRUE,TRUE,TRUE,TRUE,FALSE
arm,Mosswine Gloves D,モスパンチＤ,214,214,TRUE,TRUE,TRUE,TRUE,FALSE
arm,Remobra Hands D,ガブラスーツハンドＤ,221,221,TRUE,TRUE,TRUE,TRUE,FALSE
arm,Battle Guard PD Blue,バトルガードPD青,316,316,TRUE,TRUE,TRUE,TRUE,FALSE
arm,Battle Guard PD Yellow,バトルガードPD黄,318,318,TRUE,TRUE,TRUE,TRUE,FALSE
arm,Battle Guard PD Purple,バトルガードPD紫,320,320,TRUE,TRUE,TRUE,TRUE,FALSE
arm,Rathian Arms PD Blue,レイアアームPD青,336,336,TRUE,TRUE,TRUE,TRUE,FALSE
arm,Rathian Arms PD Red,レイアアームPD赤,338,338,TRUE,TRUE,TRUE,TRUE,FALSE
arm,Rathian Arms PD Black,レイアアームPD黒,340,340,TRUE,TRUE,TRUE,TRUE,FALSE
arm,Khezu Arms PD Blue,フルフルアームPD青,342,342,TRUE,TRUE,TRUE,TRUE,FALSE
arm,Khezu Arms PD Green,フルフルアームPD緑,344,344,TRUE,TRUE,TRUE,TRUE,FALSE
arm,Khezu Arms PD Black,フルフルアームPD黒,346,346,TRUE,TRUE,TRUE,TRUE,FALSE
arm,Espinas Arms PD Red,エスピナアームPD赤,350,350,TRUE,TRUE,TRUE,TRUE,FALSE
arm,Espinas Arms PD Blue,エスピナアームPD青,352,352,TRUE,TRUE,TRUE,TRUE,FALSE
arm,Espinas Arms PD Yellow,エスピナアームPD黄,354,354,TRUE,TRUE,TRUE,TRUE,FALSE
arm,Espinas Guard PD Red,エスピナガードPD赤,351,351,TRUE,TRUE,TRUE,TRUE,FALSE
arm,Espinas Guard PD Blue,エスピナガードPD青,353,353,TRUE,TRUE,TRUE,TRUE,FALSE
arm,Espinas Guard PD Yellow,エスピナガードPD黄,355,355,TRUE,TRUE,TRUE,TRUE,FALSE
arm,Guardi Arms PD White,ガーディアームPD白,321,0,TRUE,FALSE,TRUE,TRUE,FALSE
arm,Guardi Arms PD Black,ガーディアームPD黒,323,0,TRUE,FALSE,TRUE,TRUE,FALSE
arm,Guardi Arms PD Purple,ガーディアームPD紫,325,0,TRUE,FALSE,TRUE,TRUE,FALSE
arm,Shourou 【上手】D,ショウロウ【上手】Ｄ,1181,1181,TRUE,TRUE,TRUE,TRUE,FALSE
arm,Mitama 【上手】D,ミタマ【上手】Ｄ,1182,1182,TRUE,TRUE,TRUE,TRUE,FALSE
arm,Burning Cliff D [Kote 】,焔嶽Ｄ【篭手】,1942,1942,TRUE,TRUE,TRUE,TRUE,FALSE
arm,Crimson Cliff D [Kote 】,緋嶽Ｄ【篭手】,1943,1943,TRUE,TRUE,TRUE,TRUE,FALSE
arm,Ledia D Arms,ルディアＤアーム,567,567,TRUE,TRUE,TRUE,TRUE,FALSE
arm,White Snake Sleeve D,白蛇ノ袖Ｄ,749,749,TRUE,TRUE,TRUE,TRUE,FALSE
arm,Black Tiger Sleeve D,黒虎ノ袖Ｄ,748,748,TRUE,TRUE,TRUE,TRUE,FALSE
arm,Crushing Fog D [Sleeve 】,崩霧Ｄ【袖】,750,750,TRUE,TRUE,TRUE,TRUE,FALSE
arm,Valued Word Sleeve D,納言ノ袖Ｄ,752,752,TRUE,TRUE,TRUE,TRUE,FALSE
arm,Blue Sky Sleeve D,蒼空ノ袖Ｄ,746,746,TRUE,TRUE,TRUE,TRUE,FALSE
arm,Noon Glow Sleeve D,夕焼ノ袖Ｄ,747,747,TRUE,TRUE,TRUE,TRUE,FALSE
arm,Kosho D [Sleeve 】,紅昇Ｄ【袖】,1740,1740,TRUE,TRUE,TRUE,TRUE,FALSE
arm,True Shadow Sleeve D,絶影ノ袖Ｄ,751,751,TRUE,TRUE,TRUE,TRUE,FALSE
arm,Furogada D Arms,フロガダＤアーム,1732,1732,TRUE,TRUE,TRUE,TRUE,FALSE
arm,Lars D Arms,ラースＤアーム,1224,1224,TRUE,TRUE,TRUE,TRUE,FALSE
arm,Donru D Arms,ドゥンルＤアーム,2078,2078,TRUE,TRUE,TRUE,TRUE,FALSE
arm,Inagami ZD Arms,イナガミZDアーム,2113,2113,TRUE,TRUE,TRUE,TRUE,FALSE
arm,Barioth C Arms,ベリオＣアーム,1812,1812,TRUE,TRUE,TRUE,TRUE,FALSE
arm,Barioth C Guard,ベリオＣガード,1813,1813,TRUE,TRUE,TRUE,TRUE,FALSE
arm,Brachy C Arms,ブラキＣアーム,1798,1798,TRUE,TRUE,TRUE,TRUE,FALSE
arm,Brachy C Guard,ブラキＣガード,1799,1799,TRUE,TRUE,TRUE,TRUE,FALSE
arm,Uragaan C Arms,ガンキンＣアーム,1814,1814,TRUE,TRUE,TRUE,TRUE,FALSE
arm,Uragaan C Guard,ガンキンＣガード,1815,1815,TRUE,TRUE,TRUE,TRUE,FALSE
arm,Stygian C Arms,獄狼Ｃアーム,1914,1914,TRUE,TRUE,TRUE,TRUE,FALSE
arm,Stygian C Guard,獄狼Ｃガード,1915,1915,TRUE,TRUE,TRUE,TRUE,FALSE
arm,Gore C Arms,ゴアＣアーム,1926,1926,TRUE,TRUE,TRUE,TRUE,FALSE
arm,Gore C Guard,ゴアＣガード,1927,1927,TRUE,TRUE,TRUE,TRUE,FALSE
arm,Vangis C Arms,バンギスＣアーム,1796,1796,TRUE,TRUE,TRUE,TRUE,FALSE
arm,Vangis C Guard,バンギスＣガード,1797,1797,TRUE,TRUE,TRUE,TRUE,FALSE
arm,Shagaru C Arms,シャガルＣアーム,1986,1986,TRUE,TRUE,TRUE,TRUE,FALSE
arm,Shagaru C Guard,シャガルＣガード,1987,1987,TRUE,TRUE,TRUE,TRUE,FALSE
arm,Inagami ZD Guard,イナガミZDガード,2114,2114,TRUE,TRUE,TRUE,TRUE,FALSE
arm,Tempest C【袂】,荒天Ｃ【袂】,2111,2111,TRUE,TRUE,TRUE,TRUE,FALSE
arm,Welkin C【袂】,蒼天Ｃ【袂】,2112,2112,TRUE,TRUE,TRUE,TRUE,FALSE
arm,Levin D Arms,レビンＤアーム,2106,2106,TRUE,TRUE,TRUE,TRUE,FALSE
arm,Silver Armour D・Kote,白銀の甲冑Ｄ・篭手,2132,2132,TRUE,FALSE,TRUE,TRUE,FALSE
arm,Shui D Arms,シュイＤアーム,2121,2121,TRUE,TRUE,TRUE,TRUE,FALSE
arm,CE Kevlar D BM Arms Blue,CEケブラーＤ腕：剣青,1746,0,TRUE,FALSE,TRUE,TRUE,FALSE
arm,CE Kevlar D BM Arms Red,CEケブラーＤ腕：剣赤,1747,0,TRUE,FALSE,TRUE,TRUE,FALSE
arm,CE Kevlar D BM Arms White,CEケブラーＤ腕：剣白,1748,0,TRUE,FALSE,TRUE,TRUE,FALSE
arm,CE Kevlar D BM Arms Black,CEケブラーＤ腕：剣黒,1749,0,TRUE,FALSE,TRUE,TRUE,FALSE
arm,L'Amore D Arms,ラモールＤアーム,1687,0,TRUE,FALSE,TRUE,TRUE,FALSE
arm,Dolce D Arms,ドルチェＤアーム,1688,0,TRUE,FALSE,TRUE,TRUE,FALSE
arm,Bright D Arms,ブライトＤアーム,1215,1215,TRUE,TRUE,TRUE,TRUE,FALSE
arm,Juari D Arms,ジュアリＤアーム,1216,1216,TRUE,TRUE,TRUE,TRUE,FALSE
arm,Tinku D Arms,ティンクＤアーム,1217,1217,TRUE,TRUE,TRUE,TRUE,FALSE
arm,Shatemu D Arms,シャテムＤアーム,1301,1301,TRUE,TRUE,TRUE,TRUE,FALSE
arm,Hevria D Arms,ヘヴリアＤアーム,1302,1302,TRUE,TRUE,TRUE,TRUE,FALSE
arm,Tiuru D Arms,ティルルＤアーム,1303,1303,TRUE,TRUE,TRUE,TRUE,FALSE
arm,Kaila D Arms,カイラＤアーム,1830,1830,TRUE,TRUE,TRUE,TRUE,FALSE
arm,Fonce D Arms,フォンセＤアーム,2089,2089,TRUE,TRUE,TRUE,TRUE,FALSE
arm,Hypnoc ルータD Arms,ヒプノルータＤアーム,439,439,TRUE,TRUE,TRUE,TRUE,FALSE
arm,Hypnolia D Arms,ヒプノリアＤアーム,471,471,TRUE,TRUE,TRUE,TRUE,FALSE
arm,Es Quera D Arms,エス・クェラＤアーム,450,450,TRUE,TRUE,TRUE,TRUE,FALSE
arm,Ecole D Arms,エコールＤアーム,493,493,TRUE,TRUE,TRUE,TRUE,FALSE
arm,Guns D Arms,ガンズＤアーム,467,467,TRUE,TRUE,TRUE,TRUE,FALSE
arm,Agria D Arms,アグリアＤアーム,511,511,TRUE,TRUE,TRUE,TRUE,FALSE
arm,Fauve D Arms,フォーヴＤアーム,512,512,TRUE,TRUE,TRUE,TRUE,FALSE
arm,ティーアD Arms,ティーアＤアーム,552,552,TRUE,TRUE,TRUE,TRUE,FALSE
arm,Muse D Arms,ミューズＤアーム,553,553,TRUE,TRUE,TRUE,TRUE,FALSE
arm,Dicto D Arms,ディクトＤアーム,585,585,TRUE,TRUE,TRUE,TRUE,FALSE
arm,Kruss D Arms,クリュスＤアーム,590,590,TRUE,TRUE,TRUE,TRUE,FALSE
arm,Starina D Arms,スタリナＤアーム,591,591,TRUE,TRUE,TRUE,TRUE,FALSE
arm,Loose D Arms,ルースＤアーム,593,593,TRUE,TRUE,TRUE,TRUE,FALSE
arm,Mirado D Arms,ミラドＤアーム,671,671,TRUE,TRUE,TRUE,TRUE,FALSE
arm,Deyuru D Arms,デュールＤアーム,677,677,TRUE,TRUE,TRUE,TRUE,FALSE
arm,Robust Dハトゥー,ロバストＤハトゥー,678,678,TRUE,TRUE,TRUE,TRUE,FALSE
arm,Falco D Arms,ファルコＤアーム,706,706,TRUE,TRUE,TRUE,TRUE,FALSE
arm,Howx D Arms,ハウクスＤアーム,743,743,TRUE,TRUE,TRUE,TRUE,FALSE
arm,Pirata D Arms,ピラータＤアーム,774,774,TRUE,TRUE,TRUE,TRUE,FALSE
arm,Zeroi D Arms,ゼロイＤアーム,1000,1000,TRUE,TRUE,TRUE,TRUE,FALSE
arm,Rail D Arms,レイルＤアーム,1014,1014,TRUE,TRUE,TRUE,TRUE,FALSE
arm,Ridere D Arms,リーデレＤアーム,1027,1027,TRUE,TRUE,TRUE,TRUE,FALSE
arm,Riot D Arms,リエットＤアーム,1041,1041,TRUE,TRUE,TRUE,TRUE,FALSE
arm,Rutare D Arms,ルターレＤアーム,1057,1057,TRUE,TRUE,TRUE,TRUE,FALSE
arm,Rolling Flow の Kote・D,流転の篭手・Ｄ,1071,1071,TRUE,TRUE,TRUE,TRUE,FALSE
arm,Rolling Sky の Kote・D,嵐転の篭手・Ｄ,1072,1072,TRUE,TRUE,TRUE,TRUE,FALSE
arm,Cubie D Arms,キュビィＤアーム,1124,1124,TRUE,TRUE,TRUE,TRUE,FALSE
arm,Kemor D Arms,ケモルＤアーム,1125,1125,TRUE,TRUE,TRUE,TRUE,FALSE
arm,Latria D Arms,ラトリアＤアーム,1153,1153,TRUE,TRUE,TRUE,TRUE,FALSE
arm,Kontao D Arms,コンタオＤアーム,1154,1154,TRUE,TRUE,TRUE,TRUE,FALSE
arm,Ukon D Gloves,オービスＤパンチ,1203,1203,TRUE,TRUE,TRUE,TRUE,FALSE
arm,ロットD Gloves,ロットＤパンチ,1204,1204,TRUE,TRUE,TRUE,TRUE,FALSE
arm,Shoko D Arms,ウーコンＤアーム,1249,1249,TRUE,TRUE,TRUE,TRUE,FALSE
arm,Nimbus D Arms,ニンバスＤアーム,1250,1250,TRUE,TRUE,TRUE,TRUE,FALSE
arm,Moonlight Kote・D,月陽ノ篭手・Ｄ,1304,1304,TRUE,TRUE,TRUE,TRUE,FALSE
arm,Dawnbreak Kote・D,曙光ノ篭手・Ｄ,1305,1305,TRUE,TRUE,TRUE,TRUE,FALSE
arm,Toridcless ZD Arms,トリドZDアーム,2115,2115,TRUE,TRUE,TRUE,TRUE,FALSE
arm,Toridcless ZD Guard,トリドZDガード,2116,2116,TRUE,TRUE,TRUE,TRUE,FALSE
arm,Doragyurosu ZD Arms,ドラギュZDアーム,2117,2117,TRUE,TRUE,TRUE,TRUE,FALSE
arm,Doragyurosu ZD Guard,ドラギュZDガード,2118,2118,TRUE,TRUE,TRUE,TRUE,FALSE
arm,Alfi D Arms,アルフィＤアーム,2119,2119,TRUE,TRUE,TRUE,TRUE,FALSE
arm,Kaifa D Arms,カイファＤアーム,2122,2122,TRUE,TRUE,TRUE,TRUE,FALSE
arm,Straza D Arms,ストラザＤアーム,2123,2123,TRUE,TRUE,TRUE,TRUE,FALSE
arm,Renka Kote C,煉華ノ篭手Ｃ,2131,2131,TRUE,TRUE,TRUE,TRUE,FALSE
arm,Survey Corps D Arms,調査兵団Ｄアーム,1533,1533,TRUE,TRUE,TRUE,TRUE,FALSE
arm,Training Corps D Arms,訓練兵団Ｄアーム,1534,1534,TRUE,TRUE,TRUE,TRUE,FALSE
arm,Twelve Paladins' Armor D・Kote,十二勇士甲冑Ｄ・篭手,2134,0,TRUE,FALSE,TRUE,TRUE,FALSE
arm,Dragon Slayer Armor D・Kote,竜殺しの甲冑Ｄ・篭手,2133,0,TRUE,FALSE,TRUE,TRUE,FALSE
arm,Dinato D Arms,ディナトＤアーム,1779,1779,TRUE,TRUE,TRUE,TRUE,FALSE
arm,Duque D Arms,ドゥケＤアーム,1780,1780,TRUE,TRUE,TRUE,TRUE,FALSE
arm,Granu D Arms,グラヌＤアーム,1781,1781,TRUE,TRUE,TRUE,TRUE,FALSE
arm,Chiyo Sleeve D,千代ノ袖Ｄ,1821,1821,TRUE,TRUE,TRUE,TRUE,FALSE
arm,Rubellite D Arms,ルベライトＤアーム,1133,1133,TRUE,TRUE,TRUE,TRUE,FALSE
arm,ラズライトD Arms,ラズライトＤアーム,1134,1134,TRUE,TRUE,TRUE,TRUE,FALSE
arm,Zircon D Arms,ジルコンＤアーム,1135,1135,TRUE,TRUE,TRUE,TRUE,FALSE
arm,Spinel D Arms,スピネルＤアーム,1136,1136,TRUE,TRUE,TRUE,TRUE,FALSE
arm,Jade D Arms,ジェイドＤアーム,1139,1139,TRUE,TRUE,TRUE,TRUE,FALSE
arm,Agate D Arms,アゲートＤアーム,1140,1140,TRUE,TRUE,TRUE,TRUE,FALSE
arm,Pyrope D Arms,パイローブＤアーム,1137,1137,TRUE,TRUE,TRUE,TRUE,FALSE
arm,アイオラD Arms,アイオラＤアーム,1138,1138,TRUE,TRUE,TRUE,TRUE,FALSE
arm,Rutile D Arms,ルチルＤアーム,1890,1890,TRUE,TRUE,TRUE,TRUE,FALSE
arm,Blood D Arms,ブラッドＤアーム,1542,1542,TRUE,TRUE,TRUE,TRUE,FALSE
arm,Citrine D Guard,シトリンＤガード,1141,1141,TRUE,TRUE,TRUE,TRUE,FALSE
arm,Peridot D Guard,ペリドットＤガード,1142,1142,TRUE,TRUE,TRUE,TRUE,FALSE
arm,Turquoise D Guard,ターコイズＤガード,1143,1143,TRUE,TRUE,TRUE,TRUE,FALSE
arm,Mafumofu ミトン PD Red,マフモフミトンPD赤,333,333,TRUE,TRUE,TRUE,TRUE,FALSE
arm,Mafumofu ミトン PD Yellow,マフモフミトンPD黄,334,334,TRUE,TRUE,TRUE,TRUE,FALSE
arm,Mafumofu ミトン PD Purple,マフモフミトンPD紫,335,335,TRUE,TRUE,TRUE,TRUE,FALSE
arm,Basarios Guard PD Red,バサルガードPD赤,322,322,TRUE,TRUE,TRUE,TRUE,FALSE
arm,Basarios Guard PD Black,バサルガードPD黒,324,324,TRUE,TRUE,TRUE,TRUE,FALSE
arm,Basarios Guard PD Yellow,バサルガードPD黄,326,326,TRUE,TRUE,TRUE,TRUE,FALSE
arm,Blango Arms PD Yellow,ブランゴアームPD黄,357,357,TRUE,TRUE,TRUE,TRUE,FALSE
arm,Blango Arms PD Blue,ブランゴアームPD青,358,358,TRUE,TRUE,TRUE,TRUE,FALSE
arm,Blango Arms PD Black,ブランゴアームPD黒,359,359,TRUE,TRUE,TRUE,TRUE,FALSE
arm,Golden Kote PD White,金色ノ篭手PD白,360,360,TRUE,TRUE,TRUE,TRUE,FALSE
arm,Golden Kote PD Purple,金色ノ篭手PD紫,361,361,TRUE,TRUE,TRUE,TRUE,FALSE
arm,Golden Kote PD Green,金色ノ篭手PD緑,362,362,TRUE,TRUE,TRUE,TRUE,FALSE
arm,Gravios Guard PD Green,グラビドガードPD緑,363,363,TRUE,TRUE,TRUE,TRUE,FALSE
arm,Gravios Guard PD Purple,グラビドガードPD紫,364,364,TRUE,TRUE,TRUE,TRUE,FALSE
arm,Gravios Guard PD Red,グラビドガードPD赤,365,365,TRUE,TRUE,TRUE,TRUE,FALSE
arm,High Metal Arms PD Black,ハイメタアームPD黒,376,376,TRUE,TRUE,TRUE,TRUE,FALSE
arm,High Metal Arms PD Blue,ハイメタアームPD青,374,374,TRUE,TRUE,TRUE,TRUE,FALSE
arm,High Metal Arms PD Yellow,ハイメタアームPD黄,375,375,TRUE,TRUE,TRUE,TRUE,FALSE
arm,S・Sol Arms PD Red,Ｓ・ソルアームPD赤,377,377,TRUE,TRUE,TRUE,TRUE,FALSE
arm,S・Sol Arms PD Purple,Ｓ・ソルアームPD紫,378,378,TRUE,TRUE,TRUE,TRUE,FALSE
arm,S・Sol Arms PD Black,Ｓ・ソルアームPD黒,379,379,TRUE,TRUE,TRUE,TRUE,FALSE
arm,Garuga Guard PD White,ガルルガガードPD白,380,380,TRUE,TRUE,TRUE,TRUE,FALSE
arm,Garuga Guard PD Green,ガルルガガードPD緑,381,381,TRUE,TRUE,TRUE,TRUE,FALSE
arm,Garuga Guard PD Red,ガルルガガードPD赤,382,382,TRUE,TRUE,TRUE,TRUE,FALSE
arm,Hermitaur Arms PD Blue,ザザミアームPD青,435,435,TRUE,TRUE,TRUE,TRUE,FALSE
arm,Hermitaur Arms PD White,ザザミアームPD白,437,437,TRUE,TRUE,TRUE,TRUE,FALSE
arm,Hermitaur Arms PD Purple,ザザミアームPD紫,436,436,TRUE,TRUE,TRUE,TRUE,FALSE
arm,Kushala ハトゥー PD Red,クシャナハトゥーPD赤,410,410,TRUE,TRUE,TRUE,TRUE,FALSE
arm,Kushala ハトゥー PD Yellow,クシャナハトゥーPD黄,411,411,TRUE,TRUE,TRUE,TRUE,FALSE
arm,Kushala ハトゥー PD Green,クシャナハトゥーPD緑,412,412,TRUE,TRUE,TRUE,TRUE,FALSE
arm,Kushala マカーン PD Red,クシャナマカーンPD赤,416,416,TRUE,TRUE,TRUE,TRUE,FALSE
arm,Kushala マカーン PD Yellow,クシャナマカーンPD黄,417,417,TRUE,TRUE,TRUE,TRUE,FALSE
arm,Kushala マカーン PD Green,クシャナマカーンPD緑,418,418,TRUE,TRUE,TRUE,TRUE,FALSE
arm,忍の Kote・陽D,忍の篭手・陽Ｄ,51,51,TRUE,TRUE,TRUE,TRUE,FALSE
arm,忍の Kote・陰D,忍の篭手・陰Ｄ,52,52,TRUE,TRUE,TRUE,TRUE,FALSE
arm,Bonne D Arms,ボンネＤアーム,2130,2130,TRUE,TRUE,TRUE,TRUE,FALSE
arm,Kalais D Guard,カライスＤガード,1674,1674,TRUE,TRUE,TRUE,TRUE,FALSE
arm,Lucchese D Guard,ルケーゼＤガード,1675,1675,TRUE,TRUE,TRUE,TRUE,FALSE
arm,Quoiz D Guard,クオイズＤガード,1673,1673,TRUE,TRUE,TRUE,TRUE,FALSE
arm,Nekodan D Arms,ネコダンＤアーム,1788,1788,TRUE,TRUE,TRUE,TRUE,FALSE
arm,Gudan D Arms,グーダンＤアーム,1912,1912,TRUE,TRUE,TRUE,TRUE,FALSE
arm,Saine D Arms,サイネＤアーム,2120,2120,TRUE,TRUE,TRUE,TRUE,FALSE
arm,Wing D Arms,ウイングＤアーム,2124,2124,TRUE,TRUE,TRUE,TRUE,FALSE
arm,Gasura ZD Arms,ガスラZDアーム,2135,2135,TRUE,TRUE,TRUE,TRUE,FALSE
arm,Gasura ZD Guard,ガスラZDガード,2136,2136,TRUE,TRUE,TRUE,TRUE,FALSE
arm,Seregios C Arms,レギオスＣアーム,2139,2139,TRUE,TRUE,TRUE,TRUE,FALSE
arm,Seregios C Guard,レギオスＣガード,2140,2140,TRUE,TRUE,TRUE,TRUE,FALSE
arm,Pinbi D Arms,ピンビＤアーム,2158,2158,TRUE,TRUE,TRUE,TRUE,FALSE
arm,Pribu D Arms,プリブＤアーム,2159,2159,TRUE,TRUE,TRUE,TRUE,FALSE
arm,Nerihi Kote D,煉緋ノ篭手Ｄ,2164,2164,TRUE,TRUE,TRUE,TRUE,FALSE
arm,Gray D Arms,グレイＤアーム,2167,0,TRUE,FALSE,TRUE,TRUE,FALSE
arm,Noel D Arms,ノエルＤアーム,2166,0,TRUE,FALSE,TRUE,TRUE,FALSE
arm,Melas D Guard,メラースＤガード,2180,2180,TRUE,TRUE,TRUE,TRUE,FALSE
arm,Byakko・Kensei D Arms,白虎・剣聖Ｄアーム,1343,1343,TRUE,TRUE,TRUE,TRUE,FALSE
arm,Byakko・双龍D Arms,白虎・双龍Ｄアーム,1347,1347,TRUE,TRUE,TRUE,TRUE,FALSE
arm,Byakko・Blade 王D Arms,白虎・剣王Ｄアーム,1351,1351,TRUE,TRUE,TRUE,TRUE,FALSE
arm,Byakko・刀神D Arms,白虎・刀神Ｄアーム,1355,1355,TRUE,TRUE,TRUE,TRUE,FALSE
arm,Byakko・Heaven 槍D Arms,白虎・天槍Ｄアーム,1359,1359,TRUE,TRUE,TRUE,TRUE,FALSE
arm,Byakko・砲皇D Arms,白虎・砲皇Ｄアーム,1363,1363,TRUE,TRUE,TRUE,TRUE,FALSE
arm,Byakko・鈍器獣D Arms,白虎・鈍器獣Ｄアーム,1367,1367,TRUE,TRUE,TRUE,TRUE,FALSE
arm,Byakko・奏帝D Arms,白虎・奏帝Ｄアーム,1371,1371,TRUE,TRUE,TRUE,TRUE,FALSE
arm,Byakko・穿凰D Arms,白虎・穿凰Ｄアーム,1543,1543,TRUE,TRUE,TRUE,TRUE,FALSE
arm,Byakko・斬将D Arms,白虎・斬将Ｄアーム,1891,1891,TRUE,TRUE,TRUE,TRUE,FALSE
arm,Byakko・銃傑D Guard,白虎・銃傑Ｄガード,1375,1375,TRUE,TRUE,TRUE,TRUE,FALSE
arm,Byakko・銃仙D Guard,白虎・銃仙Ｄガード,1379,1379,TRUE,TRUE,TRUE,TRUE,FALSE
arm,Byakko・Bow 鬼D Guard,白虎・弓鬼Ｄガード,1383,1383,TRUE,TRUE,TRUE,TRUE,FALSE
arm,Kirin Arms PD Red,キリンアームPD赤,413,413,TRUE,TRUE,TRUE,TRUE,FALSE
arm,Kirin Arms PD Purple,キリンアームPD紫,414,414,TRUE,TRUE,TRUE,TRUE,FALSE
arm,Kirin Arms PD Black,キリンアームPD黒,415,415,TRUE,TRUE,TRUE,TRUE,FALSE
arm,Kaiser Arms PD White,カイザーアームPD白,17549,435,TRUE,TRUE,TRUE,TRUE,FALSE
arm,Kaiser Guard PD White,カイザーガードPD白,433,433,TRUE,TRUE,TRUE,TRUE,FALSE
arm,Kaiser Arms PD Black,カイザーアームPD黒,429,429,TRUE,TRUE,TRUE,TRUE,FALSE
arm,Kaiser Guard PD Black,カイザーガードPD黒,432,432,TRUE,TRUE,TRUE,TRUE,FALSE
arm,Kaiser Arms PD Green,カイザーアームPD緑,431,431,TRUE,TRUE,TRUE,TRUE,FALSE
arm,Kaiser Guard PD Green,カイザーガードPD緑,434,434,TRUE,TRUE,TRUE,TRUE,FALSE
arm,Mizuha [Sleeves] PD Blue,ミヅハ【大袖】PD青,459,459,TRUE,TRUE,TRUE,TRUE,FALSE
arm,Mizuha [Sleeves] PD Red,ミヅハ【大袖】PD赤,460,460,TRUE,TRUE,TRUE,TRUE,FALSE
arm,Mizuha [Sleeves] PD Yellow,ミヅハ【大袖】PD黄,458,458,TRUE,TRUE,TRUE,TRUE,FALSE
arm,Toyotama [Sleeves] PD Blue,トヨタマ【大袖】PD青,462,462,TRUE,TRUE,TRUE,TRUE,FALSE
arm,Toyotama [Sleeves] PD Red,トヨタマ【大袖】PD赤,463,463,TRUE,TRUE,TRUE,TRUE,FALSE
arm,Toyotama [Sleeves] PD Yellow,トヨタマ【大袖】PD黄,461,461,TRUE,TRUE,TRUE,TRUE,FALSE
arm,暁丸 [Kote] PD Red,暁丸【篭手】PD赤,465,0,TRUE,FALSE,TRUE,TRUE,FALSE
arm,暁丸 [Kote] PD Purple,暁丸【篭手】PD紫,464,0,TRUE,FALSE,TRUE,TRUE,FALSE
arm,暁丸 [Kote] PD White,暁丸【篭手】PD白,466,0,TRUE,FALSE,TRUE,TRUE,FALSE
arm,Ceanataur Guard PD Red,ギザミガードPD赤,494,494,TRUE,TRUE,TRUE,TRUE,FALSE
arm,Ceanataur Guard PD Black,ギザミガードPD黒,495,495,TRUE,TRUE,TRUE,TRUE,FALSE
arm,Ceanataur Guard PD Yellow,ギザミガードPD黄,496,496,TRUE,TRUE,TRUE,TRUE,FALSE
arm,Remobra Hands PD White,ガブラスハンドPD白,500,500,TRUE,TRUE,TRUE,TRUE,FALSE
arm,Remobra Hands PD Yellow,ガブラスハンドPD黄,501,501,TRUE,TRUE,TRUE,TRUE,FALSE
arm,Remobra Hands PD Black,ガブラスハンドPD黒,502,502,TRUE,TRUE,TRUE,TRUE,FALSE
arm,Harze D Arms,ハーゼＤアーム,1155,1155,TRUE,TRUE,TRUE,TRUE,FALSE
arm,Revenants D Grip,ルヴナンＤファオスト,1511,1511,TRUE,TRUE,TRUE,TRUE,FALSE
arm,Kukubo D Guard,ククボＤガード,702,702,TRUE,TRUE,TRUE,TRUE,FALSE
arm,Kakabu D Guard,カカブＤガード,1070,1070,TRUE,TRUE,TRUE,TRUE,FALSE
arm,Aruru D Guard,アルルＤガード,1117,1117,TRUE,TRUE,TRUE,TRUE,FALSE
arm,Suzaku・Kensei D Arms,朱雀・剣聖Ｄアーム,1342,1342,TRUE,TRUE,TRUE,TRUE,FALSE
arm,Suzaku・双龍D Arms,朱雀・双龍Ｄアーム,1346,1346,TRUE,TRUE,TRUE,TRUE,FALSE
arm,Suzaku・Blade 王D Arms,朱雀・剣王Ｄアーム,1350,1350,TRUE,TRUE,TRUE,TRUE,FALSE
arm,Suzaku・刀神D Arms,朱雀・刀神Ｄアーム,1354,1354,TRUE,TRUE,TRUE,TRUE,FALSE
arm,Suzaku・Heaven 槍D Arms,朱雀・天槍Ｄアーム,1358,1358,TRUE,TRUE,TRUE,TRUE,FALSE
arm,Suzaku・砲皇D Arms,朱雀・砲皇Ｄアーム,1362,1362,TRUE,TRUE,TRUE,TRUE,FALSE
arm,Suzaku・鈍器獣D Arms,朱雀・鈍器獣Ｄアーム,1366,1366,TRUE,TRUE,TRUE,TRUE,FALSE
arm,Suzaku・奏帝D Arms,朱雀・奏帝Ｄアーム,1370,1370,TRUE,TRUE,TRUE,TRUE,FALSE
arm,Suzaku・穿凰D Arms,朱雀・穿凰Ｄアーム,1544,1544,TRUE,TRUE,TRUE,TRUE,FALSE
arm,Suzaku・斬将D Arms,朱雀・斬将Ｄアーム,1892,1892,TRUE,TRUE,TRUE,TRUE,FALSE
arm,Suzaku・銃傑D Guard,朱雀・銃傑Ｄガード,1374,1374,TRUE,TRUE,TRUE,TRUE,FALSE
arm,Suzaku・銃仙D Guard,朱雀・銃仙Ｄガード,1378,1378,TRUE,TRUE,TRUE,TRUE,FALSE
arm,Suzaku・Bow 鬼D Guard,朱雀・弓鬼Ｄガード,1382,1382,TRUE,TRUE,TRUE,TRUE,FALSE
arm,G・Knight Cuffs PD Red,Ｇ・ナイトカフスPD赤,497,0,TRUE,FALSE,TRUE,TRUE,FALSE
arm,G・Knight Cuffs PD Blue,Ｇ・ナイトカフスPD青,498,0,TRUE,FALSE,TRUE,TRUE,FALSE
arm,G・Knight Cuffs PD Purple,Ｇ・ナイトカフスPD紫,499,0,TRUE,FALSE,TRUE,TRUE,FALSE
arm,Empress Arms PD Red,エンプレスアームPD赤,527,527,TRUE,TRUE,TRUE,TRUE,FALSE
arm,Empress Arms PD Yellow,エンプレスアームPD黄,529,529,TRUE,TRUE,TRUE,TRUE,FALSE
arm,Empress Arms PD Purple,エンプレスアームPD紫,531,531,TRUE,TRUE,TRUE,TRUE,FALSE
arm,Empress Guard PD Red,エンプレスガードPD赤,528,528,TRUE,TRUE,TRUE,TRUE,FALSE
arm,Empress Guard PD Yellow,エンプレスガードPD黄,530,530,TRUE,TRUE,TRUE,TRUE,FALSE
arm,Empress Guard PD Purple,エンプレスガードPD紫,532,532,TRUE,TRUE,TRUE,TRUE,FALSE
arm,Vespoid Arms PD Yellow,ランゴアームPD黄,533,533,TRUE,TRUE,TRUE,TRUE,FALSE
arm,Vespoid Arms PD Black,ランゴアームPD黒,534,534,TRUE,TRUE,TRUE,TRUE,FALSE
arm,Vespoid Arms PD Blue,ランゴアームPD青,535,535,TRUE,TRUE,TRUE,TRUE,FALSE
arm,Death Stench アルム PD White,デスギアアルムPD白,557,557,TRUE,TRUE,TRUE,TRUE,FALSE
arm,Death Stench アルム PD Red,デスギアアルムPD赤,558,558,TRUE,TRUE,TRUE,TRUE,FALSE
arm,Death Stench アルム PD Blue,デスギアアルムPD青,559,559,TRUE,TRUE,TRUE,TRUE,FALSE
arm,Diablos Arms PD Purple,ディアブロアームPD紫,560,560,TRUE,TRUE,TRUE,TRUE,FALSE
arm,Diablos Arms PD Blue,ディアブロアームPD青,561,561,TRUE,TRUE,TRUE,TRUE,FALSE
arm,Diablos Arms PD Yellow,ディアブロアームPD黄,562,562,TRUE,TRUE,TRUE,TRUE,FALSE
arm,Makluva Sleeve PD Green,マカルパスリーブPD緑,563,563,TRUE,TRUE,TRUE,TRUE,FALSE
arm,Makluva Sleeve PD Blue,マカルパスリーブPD青,564,564,TRUE,TRUE,TRUE,TRUE,FALSE
arm,Makluva Sleeve PD Black,マカルパスリーブPD黒,565,565,TRUE,TRUE,TRUE,TRUE,FALSE
arm,Akantor サクンペ PD Black,アカムトサクンペPD黒,615,615,TRUE,TRUE,TRUE,TRUE,FALSE
arm,Akantor サクンペ PD Red,アカムトサクンペPD赤,616,616,TRUE,TRUE,TRUE,TRUE,FALSE
arm,Akantor サクンペ PD White,アカムトサクンペPD白,617,617,TRUE,TRUE,TRUE,TRUE,FALSE
arm,Akantor ノキリペ PD Black,アカムトノキリペPD黒,618,618,TRUE,TRUE,TRUE,TRUE,FALSE
arm,Akantor ノキリペ PD Red,アカムトノキリペPD赤,619,619,TRUE,TRUE,TRUE,TRUE,FALSE
arm,Akantor ノキリペ PD White,アカムトノキリペPD白,620,620,TRUE,TRUE,TRUE,TRUE,FALSE
arm,Gravios Arms PD Black,グラビドアームPD黒,621,621,TRUE,TRUE,TRUE,TRUE,FALSE
arm,Gravios Arms PD Blue,グラビドアームPD青,622,622,TRUE,TRUE,TRUE,TRUE,FALSE
arm,Gravios Arms PD Red,グラビドアームPD赤,623,623,TRUE,TRUE,TRUE,TRUE,FALSE
arm,Sharuru D Arms,シャルルＤアーム,1985,1985,TRUE,TRUE,TRUE,TRUE,FALSE
arm,Neriotori Kote D,煉鳳ノ篭手Ｄ,2109,2109,TRUE,TRUE,TRUE,TRUE,FALSE
arm,Anorupatisu ZD Arms,アノルZDアーム,2137,2137,TRUE,TRUE,TRUE,TRUE,FALSE
arm,Anorupatisu ZD Guard,アノルZDガード,2138,2138,TRUE,TRUE,TRUE,TRUE,FALSE
arm,Dylan D Arms,ディランＤアーム,2160,2160,TRUE,TRUE,TRUE,TRUE,FALSE
arm,Dibble D Arms,ディブルＤアーム,2161,2161,TRUE,TRUE,TRUE,TRUE,FALSE
arm,Fins D Arms,フィンスＤアーム,2162,2162,TRUE,TRUE,TRUE,TRUE,FALSE
arm,Dins D Arms,ディンスＤアーム,2163,2163,TRUE,TRUE,TRUE,TRUE,FALSE
arm,Charis D Arms,カリスＤアーム,2172,2172,TRUE,TRUE,TRUE,TRUE,FALSE
arm,Miriam D Arms,ミリアムＤアーム,2173,2173,TRUE,TRUE,TRUE,TRUE,FALSE
arm,Lenigan D Arms,レニガンＤアーム,2174,2174,TRUE,TRUE,TRUE,TRUE,FALSE
arm,Katante D Arms,カタンテＤアーム,1963,1963,TRUE,TRUE,TRUE,TRUE,FALSE
arm,Rikante D Arms,リカンテＤアーム,2088,2088,TRUE,TRUE,TRUE,TRUE,FALSE
arm,Merente D Arms,メレンテＤアーム,2110,2110,TRUE,TRUE,TRUE,TRUE,FALSE
arm,Utante D Arms,ウタンテＤアーム,2125,2125,TRUE,TRUE,TRUE,TRUE,FALSE
arm,Brooke Dグローブ,ブルックＤグローブ,1306,1306,TRUE,TRUE,TRUE,TRUE,FALSE
arm,Shirukku Dグローブ,シルックＤグローブ,1307,1307,TRUE,TRUE,TRUE,TRUE,FALSE
arm,Gorukku Dグローブ,ゴルックＤグローブ,1742,1742,TRUE,TRUE,TRUE,TRUE,FALSE
arm,Kiyoshi Kote D,潔燭ノ篭手Ｄ,2170,2170,TRUE,TRUE,TRUE,TRUE,FALSE
arm,Kashoku Kote D,華燭ノ篭手Ｄ,2171,2171,TRUE,TRUE,TRUE,TRUE,FALSE
arm,Jyaga D Arms,ジャガーＤアーム,1090,1090,TRUE,TRUE,TRUE,TRUE,FALSE
arm,Cure D Arms,キュールＤアーム,1919,1919,TRUE,TRUE,TRUE,TRUE,FALSE
arm,Jess D Arms,ジェスＤアーム,1100,1100,TRUE,TRUE,TRUE,TRUE,FALSE
arm,Riaruo D Arms,リアルオＤアーム,1807,1807,TRUE,TRUE,TRUE,TRUE,FALSE
arm,Reiresu D Arms,レイレスＤアーム,1869,1869,TRUE,TRUE,TRUE,TRUE,FALSE
arm,Reuasu D Arms,レウアスＤアーム,1835,1835,TRUE,TRUE,TRUE,TRUE,FALSE
arm,Buran D Arms,ブランＤアーム,490,490,TRUE,TRUE,TRUE,TRUE,FALSE
arm,Shimashima D Arms,しましまＤアーム,1745,1745,TRUE,TRUE,TRUE,TRUE,FALSE
arm,Desutora D Cannon,デストラＤカノン,2258,0,TRUE,FALSE,TRUE,TRUE,FALSE
arm,Furante D Arms,フランテＤアーム,2126,2126,TRUE,TRUE,TRUE,TRUE,FALSE
arm,Favila D Arms,ファビラＤアーム,2175,2175,TRUE,TRUE,TRUE,TRUE,FALSE
arm,Alicia D Arms,アリシアＤアーム,2232,2232,TRUE,TRUE,TRUE,TRUE,FALSE
arm,Masaha Dress C [Sleeves 】,雅葉ノ装Ｃ【衣袂】,2187,2187,TRUE,TRUE,TRUE,TRUE,FALSE
arm,Aura C Arms,アウラＣアーム,2204,2204,TRUE,TRUE,TRUE,TRUE,FALSE
arm,Asumo C Arms,アスモＣアーム,2205,2205,TRUE,TRUE,TRUE,TRUE,FALSE
arm,Rokka C Arms,ロッカＣアーム,2206,2206,TRUE,TRUE,TRUE,TRUE,FALSE
arm,Ruche C Arms,ルーチェＣアーム,2207,2207,TRUE,TRUE,TRUE,TRUE,FALSE
arm,Shui C Arms,シュイＣアーム,2208,2208,TRUE,TRUE,TRUE,TRUE,FALSE
arm,Masaha Dress D [Sleeves] Red,雅葉ノ装Ｄ【衣袂】朱,2183,2183,TRUE,TRUE,TRUE,TRUE,FALSE
arm,Masaha Dress D [Sleeves] Silver,雅葉ノ装Ｄ【衣袂】銀,2184,2184,TRUE,TRUE,TRUE,TRUE,FALSE
arm,Masaha Dress D [Sleeves] Blue,雅葉ノ装Ｄ【衣袂】碧,2185,2185,TRUE,TRUE,TRUE,TRUE,FALSE
arm,Masaha Dress D [Sleeves] Orange,雅葉ノ装Ｄ【衣袂】橙,2186,2186,TRUE,TRUE,TRUE,TRUE,FALSE
arm,Genbu・Kensei D Arms,玄武・剣聖Ｄアーム,1340,1340,TRUE,TRUE,TRUE,TRUE,FALSE
arm,Genbu・双龍D Arms,玄武・双龍Ｄアーム,1344,1344,TRUE,TRUE,TRUE,TRUE,FALSE
arm,Genbu・Blade 王D Arms,玄武・剣王Ｄアーム,1348,1348,TRUE,TRUE,TRUE,TRUE,FALSE
arm,Genbu・刀神D Arms,玄武・刀神Ｄアーム,1352,1352,TRUE,TRUE,TRUE,TRUE,FALSE
arm,Genbu・Heaven 槍D Arms,玄武・天槍Ｄアーム,1356,1356,TRUE,TRUE,TRUE,TRUE,FALSE
arm,Genbu・砲皇D Arms,玄武・砲皇Ｄアーム,1360,1360,TRUE,TRUE,TRUE,TRUE,FALSE
arm,Genbu・鈍器獣D Arms,玄武・鈍器獣Ｄアーム,1364,1364,TRUE,TRUE,TRUE,TRUE,FALSE
arm,Genbu・奏帝D Arms,玄武・奏帝Ｄアーム,1368,1368,TRUE,TRUE,TRUE,TRUE,FALSE
arm,Genbu・穿凰D Arms,玄武・穿凰Ｄアーム,1545,1545,TRUE,TRUE,TRUE,TRUE,FALSE
arm,Genbu・斬将D Arms,玄武・斬将Ｄアーム,1893,1893,TRUE,TRUE,TRUE,TRUE,FALSE
arm,Genbu・銃傑D Guard,玄武・銃傑Ｄガード,1372,1372,TRUE,TRUE,TRUE,TRUE,FALSE
arm,Genbu・銃仙D Guard,玄武・銃仙Ｄガード,1376,1376,TRUE,TRUE,TRUE,TRUE,FALSE
arm,Genbu・Bow 鬼D Guard,玄武・弓鬼Ｄガード,1380,1380,TRUE,TRUE,TRUE,TRUE,FALSE
arm,Tanzanite D Arms,タンザナＤアーム,2141,2141,TRUE,TRUE,TRUE,TRUE,FALSE
arm,Hematite D Arms,ヘマタイトＤアーム,2142,2142,TRUE,TRUE,TRUE,TRUE,FALSE
arm,Byakko・磁星D Arms,白虎・磁星Ｄアーム,2143,2143,TRUE,TRUE,TRUE,TRUE,FALSE
arm,Suzaku・磁星D Arms,朱雀・磁星Ｄアーム,2144,2144,TRUE,TRUE,TRUE,TRUE,FALSE
arm,Genbu・磁星D Arms,玄武・磁星Ｄアーム,2145,2145,TRUE,TRUE,TRUE,TRUE,FALSE
arm,Tigrex Arms PD Black,レックスアームPD黒,625,625,TRUE,TRUE,TRUE,TRUE,FALSE
arm,Tigrex Arms PD White,レックスアームPD白,626,626,TRUE,TRUE,TRUE,TRUE,FALSE
arm,Tigrex Arms PD Purple,レックスアームPD紫,627,627,TRUE,TRUE,TRUE,TRUE,FALSE
arm,Monoblos Arms PD Yellow,モノブロスアームPD黄,628,628,TRUE,TRUE,TRUE,TRUE,FALSE
arm,Monoblos Arms PD Green,モノブロスアームPD緑,629,629,TRUE,TRUE,TRUE,TRUE,FALSE
arm,Monoblos Arms PD White,モノブロスアームPD白,630,630,TRUE,TRUE,TRUE,TRUE,FALSE
arm,Khezu Guard PD Black,フルフルガードPD黒,347,347,TRUE,TRUE,TRUE,TRUE,FALSE
arm,Khezu Guard PD Green,フルフルガードPD緑,345,345,TRUE,TRUE,TRUE,TRUE,FALSE
arm,Khezu Guard PD Blue,フルフルガードPD青,343,343,TRUE,TRUE,TRUE,TRUE,FALSE
arm,Plesioth Arms PD Black,ガノスアームPD黒,686,686,TRUE,TRUE,TRUE,TRUE,FALSE
arm,Plesioth Arms PD Yellow,ガノスアームPD黄,687,687,TRUE,TRUE,TRUE,TRUE,FALSE
arm,Plesioth Arms PD Purple,ガノスアームPD紫,688,688,TRUE,TRUE,TRUE,TRUE,FALSE
arm,Plesioth Guard PD Black,ガノスガードPD黒,689,689,TRUE,TRUE,TRUE,TRUE,FALSE
arm,Plesioth Guard PD Yellow,ガノスガードPD黄,690,690,TRUE,TRUE,TRUE,TRUE,FALSE
arm,Plesioth Guard PD Purple,ガノスガードPD紫,691,691,TRUE,TRUE,TRUE,TRUE,FALSE
arm,Gypceros Guard PD Red,ゲリョスガードPD赤,692,692,TRUE,TRUE,TRUE,TRUE,FALSE
arm,Gypceros Guard PD Yellow,ゲリョスガードPD黄,693,693,TRUE,TRUE,TRUE,TRUE,FALSE
arm,Gypceros Guard PD Green,ゲリョスガードPD緑,694,694,TRUE,TRUE,TRUE,TRUE,FALSE
arm,Kagura [Kote] PD Red,神楽【篭手】PD赤,724,724,TRUE,TRUE,TRUE,TRUE,FALSE
arm,Kagura [Kote] PD Black,神楽【篭手】PD黒,725,725,TRUE,TRUE,TRUE,TRUE,FALSE
arm,Kagura [Kote] PD Purple,神楽【篭手】PD紫,726,726,TRUE,TRUE,TRUE,TRUE,FALSE
arm,Kamiza [Kote] PD Red,神座【篭手】PD赤,727,727,TRUE,TRUE,TRUE,TRUE,FALSE
arm,Kamiza [Kote] PD Black,神座【篭手】PD黒,728,728,TRUE,TRUE,TRUE,TRUE,FALSE
arm,Kamiza [Kote] PD Purple,神座【篭手】PD紫,729,729,TRUE,TRUE,TRUE,TRUE,FALSE
arm,Mosswine Gloves PD White,モスパンチPD白,730,730,TRUE,TRUE,TRUE,TRUE,FALSE
arm,Mosswine Gloves PD Yellow,モスパンチPD黄,731,731,TRUE,TRUE,TRUE,TRUE,FALSE
arm,Mosswine Gloves PD Blue,モスパンチPD青,732,732,TRUE,TRUE,TRUE,TRUE,FALSE
arm,忍の Kote・陰 PD Yellow,忍の篭手・陰PD黄,771,771,TRUE,TRUE,TRUE,TRUE,FALSE
arm,忍の Kote・陰 PD Red,忍の篭手・陰PD赤,772,772,TRUE,TRUE,TRUE,TRUE,FALSE
arm,忍の Kote・陰 PD Blue,忍の篭手・陰PD青,773,773,TRUE,TRUE,TRUE,TRUE,FALSE
arm,Dusk D Arms・Red,ダスクＤアーム・赤,1784,1784,TRUE,TRUE,TRUE,TRUE,FALSE
arm,Dusk D Arms・White,ダスクＤアーム・白,1785,1785,TRUE,TRUE,TRUE,TRUE,FALSE
arm,Dusk D Arms・Peach,ダスクＤアーム・桃,1786,1786,TRUE,TRUE,TRUE,TRUE,FALSE
arm,Dusk D Arms・Blue,ダスクＤアーム・青,1787,1787,TRUE,TRUE,TRUE,TRUE,FALSE
arm,Marin D Arms・Blue,マリンＤアーム・青,1716,1716,TRUE,TRUE,TRUE,TRUE,FALSE
arm,Marin D Arms・Peach,マリンＤアーム・桃,1717,1717,TRUE,TRUE,TRUE,TRUE,FALSE
arm,Marin D Arms・White,マリンＤアーム・白,1718,1718,TRUE,TRUE,TRUE,TRUE,FALSE
arm,Marin D Arms・Black,マリンＤアーム・黒,1719,1719,TRUE,TRUE,TRUE,TRUE,FALSE
arm,Reflet D Arms・Blue,ルフレＤアーム・青,1720,1720,TRUE,TRUE,TRUE,TRUE,FALSE
arm,Reflet D Arms・White,ルフレＤアーム・白,1722,1722,TRUE,TRUE,TRUE,TRUE,FALSE
arm,Reflet D Arms・Red,ルフレＤアーム・赤,1721,1721,TRUE,TRUE,TRUE,TRUE,FALSE
arm,Reflet D Arms・Black,ルフレＤアーム・黒,1723,1723,TRUE,TRUE,TRUE,TRUE,FALSE
arm,Tenpi Kote D・Red,天日ノ篭手Ｄ・赤,1662,0,TRUE,FALSE,TRUE,TRUE,FALSE
arm,Tenpi Kote D・Blue,天日ノ篭手Ｄ・青,1665,0,TRUE,FALSE,TRUE,TRUE,FALSE
arm,Tenpi Kote D・Black,天日ノ篭手Ｄ・黒,1664,0,TRUE,FALSE,TRUE,TRUE,FALSE
arm,Tenpi Kote D・White,天日ノ篭手Ｄ・白,1663,0,TRUE,FALSE,TRUE,TRUE,FALSE
arm,Naga D Arms・Blue,ナーガＤアーム・青,1516,1516,TRUE,TRUE,TRUE,TRUE,FALSE
arm,Naga D Arms・Red,ナーガＤアーム・赤,1517,1517,TRUE,TRUE,TRUE,TRUE,FALSE
arm,Naga D Arms・White,ナーガＤアーム・白,1518,1518,TRUE,TRUE,TRUE,TRUE,FALSE
arm,Naga D Arms・Black,ナーガＤアーム・黒,1519,1519,TRUE,TRUE,TRUE,TRUE,FALSE
arm,Sheriff D Arms・Tea,シェリフＤアーム・茶,1297,1297,TRUE,TRUE,TRUE,TRUE,FALSE
arm,Sheriff D Arms・Black,シェリフＤアーム・黒,1298,1298,TRUE,TRUE,TRUE,TRUE,FALSE
arm,Sheriff D Arms・Blue,シェリフＤアーム・青,1299,1299,TRUE,TRUE,TRUE,TRUE,FALSE
arm,Sheriff D Arms・White,シェリフＤアーム・白,1300,1300,TRUE,TRUE,TRUE,TRUE,FALSE
arm,Serena D Arms・Purple,セレナＤアーム・紫,1494,1494,TRUE,TRUE,TRUE,TRUE,FALSE
arm,Serena D Arms・Blue,セレナＤアーム・青,1495,1495,TRUE,TRUE,TRUE,TRUE,FALSE
arm,Serena D Arms・White,セレナＤアーム・白,1496,1496,TRUE,TRUE,TRUE,TRUE,FALSE
arm,Serena D Arms・Red,セレナＤアーム・赤,1497,1497,TRUE,TRUE,TRUE,TRUE,FALSE
arm,Gelt D Arms・Black,ゲルトＤアーム・黒,1245,1245,TRUE,TRUE,TRUE,TRUE,FALSE
arm,Gelt D Arms・Copper,ゲルトＤアーム・銅,1246,1246,TRUE,TRUE,TRUE,TRUE,FALSE
arm,Gelt D Arms・Silver,ゲルトＤアーム・銀,1247,1247,TRUE,TRUE,TRUE,TRUE,FALSE
arm,Gelt D Arms・Gold,ゲルトＤアーム・金,1248,1248,TRUE,TRUE,TRUE,TRUE,FALSE
arm,Gloria D Arms・Gold,グロリアＤアーム・金,1218,1218,TRUE,TRUE,TRUE,TRUE,FALSE
arm,Gloria D Arms・Blue,グロリアＤアーム・青,1219,1219,TRUE,TRUE,TRUE,TRUE,FALSE
arm,Gloria D Arms・Water,グロリアＤアーム・水,1220,1220,TRUE,TRUE,TRUE,TRUE,FALSE
arm,Gloria D Arms・Red,グロリアＤアーム・赤,1221,1221,TRUE,TRUE,TRUE,TRUE,FALSE
arm,Cloth D Arms・Red,クロースＤアーム・赤,1225,1225,TRUE,TRUE,TRUE,TRUE,FALSE
arm,Cloth D Arms・Blue,クロースＤアーム・青,1226,1226,TRUE,TRUE,TRUE,TRUE,FALSE
arm,Cloth D Arms・Purple,クロースＤアーム・紫,1227,1227,TRUE,TRUE,TRUE,TRUE,FALSE
arm,Cloth D Arms・Green,クロースＤアーム・緑,1228,1228,TRUE,TRUE,TRUE,TRUE,FALSE
arm,Rast D Arms・Black,レイストＤアーム・黒,1163,1163,TRUE,TRUE,TRUE,TRUE,FALSE
arm,Rast D Arms・Blue,レイストＤアーム・青,1164,1164,TRUE,TRUE,TRUE,TRUE,FALSE
arm,Rast D Arms・Crimson,レイストＤアーム・紅,1165,1165,TRUE,TRUE,TRUE,TRUE,FALSE
arm,Rast D Arms・White,レイストＤアーム・白,1166,1166,TRUE,TRUE,TRUE,TRUE,FALSE
arm,Siena D Arms・Silver,シエナＤアーム・銀,1126,1126,TRUE,TRUE,TRUE,TRUE,FALSE
arm,Siena D Arms・Black,シエナＤアーム・黒,1127,1127,TRUE,TRUE,TRUE,TRUE,FALSE
arm,Siena D Arms・Red,シエナＤアーム・赤,1128,1128,TRUE,TRUE,TRUE,TRUE,FALSE
arm,Siena D Arms・Blue,シエナＤアーム・青,1129,1129,TRUE,TRUE,TRUE,TRUE,FALSE
arm,Cultu D Arms・Ash,カウチュＤアーム・灰,1073,1073,TRUE,TRUE,TRUE,TRUE,FALSE
arm,Cultu D Arms・Blue,カウチュＤアーム・青,1074,1074,TRUE,TRUE,TRUE,TRUE,FALSE
arm,Cultu D Arms・Orange,カウチュＤアーム・橙,1075,1075,TRUE,TRUE,TRUE,TRUE,FALSE
arm,Cultu D Arms・Green,カウチュＤアーム・緑,1076,1076,TRUE,TRUE,TRUE,TRUE,FALSE
arm,Truss Dグローブ Blue,トラスＤグローブ青,1044,1044,TRUE,TRUE,TRUE,TRUE,FALSE
arm,Truss Dグローブ Red,トラスＤグローブ赤,1045,1045,TRUE,TRUE,TRUE,TRUE,FALSE
arm,Truss Dグローブ White,トラスＤグローブ白,1046,1046,TRUE,TRUE,TRUE,TRUE,FALSE
arm,Truss Dグローブ Purple,トラスＤグローブ紫,1047,1047,TRUE,TRUE,TRUE,TRUE,FALSE
arm,Maisto D Arms・Crimson,マイストＤアーム・紅,1017,1018,TRUE,TRUE,TRUE,TRUE,FALSE
arm,Maisto D Arms・Green,マイストＤアーム・緑,1018,1017,TRUE,TRUE,TRUE,TRUE,FALSE
arm,Maisto D Arms・Green,マイストＤアーム・蒼,1020,1020,TRUE,TRUE,TRUE,TRUE,FALSE
arm,Maisto D Arms・Pink,マイストＤアーム・桜,1019,1019,TRUE,TRUE,TRUE,TRUE,FALSE
arm,Randa の Gauntlets・D Yellow,蘭陀の籠手・Ｄ黄,777,777,TRUE,TRUE,TRUE,TRUE,FALSE
arm,Randa の Gauntlets・D Red,蘭陀の籠手・Ｄ赤,778,778,TRUE,TRUE,TRUE,TRUE,FALSE
arm,Randa の Gauntlets・D Purple,蘭陀の籠手・Ｄ紫,779,779,TRUE,TRUE,TRUE,TRUE,FALSE
arm,Randa の Gauntlets・D Gold,蘭陀の籠手・Ｄ金,780,780,TRUE,TRUE,TRUE,TRUE,FALSE
arm,Bunny D Arms・Black,バーニーＤアーム・黒,709,709,TRUE,TRUE,TRUE,TRUE,FALSE
arm,Bunny D Arms・White,バーニーＤアーム・白,710,710,TRUE,TRUE,TRUE,TRUE,FALSE
arm,Bunny D Arms・Red,バーニーＤアーム・赤,711,711,TRUE,TRUE,TRUE,TRUE,FALSE
arm,Bunny D Arms・Purple,バーニーＤアーム・紫,712,712,TRUE,TRUE,TRUE,TRUE,FALSE
arm,Regelia D Arms・White,リゲリアＤアーム・白,681,681,TRUE,TRUE,TRUE,TRUE,FALSE
arm,Regelia D Arms・Red,リゲリアＤアーム・赤,682,682,TRUE,TRUE,TRUE,TRUE,FALSE
arm,Regelia D Arms・Green,リゲリアＤアーム・緑,683,683,TRUE,TRUE,TRUE,TRUE,FALSE
arm,Regelia D Arms・Blue,リゲリアＤアーム・青,684,684,TRUE,TRUE,TRUE,TRUE,FALSE
arm,Aristo D Arms・Blue,アリストＤアーム・青,580,580,TRUE,TRUE,TRUE,TRUE,FALSE
arm,Aristo D Arms・White,アリストＤアーム・白,581,581,TRUE,TRUE,TRUE,TRUE,FALSE
arm,Aristo D Arms・Purple,アリストＤアーム・紫,582,582,TRUE,TRUE,TRUE,TRUE,FALSE
arm,Aristo D Arms・Red,アリストＤアーム・赤,583,583,TRUE,TRUE,TRUE,TRUE,FALSE
arm,Melety D Arms・White,メレティＤアーム・白,543,543,TRUE,TRUE,TRUE,TRUE,FALSE
arm,Melety D Arms・Red,メレティＤアーム・赤,544,544,TRUE,TRUE,TRUE,TRUE,FALSE
arm,Melety D Arms・Blue,メレティＤアーム・青,545,545,TRUE,TRUE,TRUE,TRUE,FALSE
arm,Melety D Arms・Black,メレティＤアーム・黒,546,546,TRUE,TRUE,TRUE,TRUE,FALSE
arm,Ferme D Arms・Black,フェルムＤアーム・黒,515,515,TRUE,TRUE,TRUE,TRUE,FALSE
arm,Ferme D Arms・Red,フェルムＤアーム・赤,516,516,TRUE,TRUE,TRUE,TRUE,FALSE
arm,Ferme D Arms・White,フェルムＤアーム・白,517,517,TRUE,TRUE,TRUE,TRUE,FALSE
arm,Ferme D Arms・Blue,フェルムＤアーム・青,518,518,TRUE,TRUE,TRUE,TRUE,FALSE
arm,Real D Arms・White,レアルＤアーム・白,506,506,TRUE,TRUE,TRUE,TRUE,FALSE
arm,Real D Arms・Gold,レアルＤアーム・金,510,510,TRUE,TRUE,TRUE,TRUE,FALSE
arm,Real D Arms・Blue,レアルＤアーム・青,508,508,TRUE,TRUE,TRUE,TRUE,FALSE
arm,Real D Arms・Red,レアルＤアーム・赤,509,509,TRUE,TRUE,TRUE,TRUE,FALSE
arm,Arma D Arms・Black,アルマＤアーム・黒,438,438,TRUE,TRUE,TRUE,TRUE,FALSE
arm,Arma D Arms・White,アルマＤアーム・白,441,441,TRUE,TRUE,TRUE,TRUE,FALSE
arm,Arma D Arms・Blue,アルマＤアーム・青,444,444,TRUE,TRUE,TRUE,TRUE,FALSE
arm,Arma D Arms・Tea,アルマＤアーム・茶,443,443,TRUE,TRUE,TRUE,TRUE,FALSE
arm,Honour D Arms・Red,オナブルＤアーム・赤,1498,1498,TRUE,TRUE,TRUE,TRUE,FALSE
arm,Honour D Arms・Blue,オナブルＤアーム・青,1499,1499,TRUE,TRUE,TRUE,TRUE,FALSE
arm,Honour D Arms・Green,オナブルＤアーム・緑,1500,1500,TRUE,TRUE,TRUE,TRUE,FALSE
arm,Honour D Arms・紺,オナブルＤアーム・紺,1501,1501,TRUE,TRUE,TRUE,TRUE,FALSE
arm,Pics D Arms・Green,ピクスＤアーム・緑,1241,1241,TRUE,TRUE,TRUE,TRUE,FALSE
arm,Pics D Arms・Purple,ピクスＤアーム・紫,1243,1243,TRUE,TRUE,TRUE,TRUE,FALSE
arm,Pics D Arms・Black,ピクスＤアーム・黒,1242,1242,TRUE,TRUE,TRUE,TRUE,FALSE
arm,Pics D Arms・Water,ピクスＤアーム・水,1244,1244,TRUE,TRUE,TRUE,TRUE,FALSE
arm,Magos D Arms・Yellow,マゴスＤアーム・黄,1199,1199,TRUE,TRUE,TRUE,TRUE,FALSE
arm,Magos D Arms・Red,マゴスＤアーム・赤,1200,1200,TRUE,TRUE,TRUE,TRUE,FALSE
arm,Magos D Arms・Water,マゴスＤアーム・水,1201,1201,TRUE,TRUE,TRUE,TRUE,FALSE
arm,Magos D Arms・Blue,マゴスＤアーム・青,1202,1202,TRUE,TRUE,TRUE,TRUE,FALSE
arm,Arge D Arms,アージェＤアーム,592,592,TRUE,TRUE,TRUE,TRUE,FALSE
arm,Camarera D Arms,カマレラＤアーム,657,657,TRUE,TRUE,TRUE,TRUE,FALSE
arm,Metenera D Arms,メテネラＤアーム,723,723,TRUE,TRUE,TRUE,TRUE,FALSE
arm,Abitto D Arms,アビットＤアーム,789,789,TRUE,TRUE,TRUE,TRUE,FALSE
arm,Riburi D Arms,リブリーＤアーム,1040,1040,TRUE,TRUE,TRUE,TRUE,FALSE
arm,Zodic D Arms・Blue,ゾデックＤアーム・青,1149,1149,TRUE,TRUE,TRUE,TRUE,FALSE
arm,Zodic D Arms・Tea,ゾデックＤアーム・茶,1152,1152,TRUE,TRUE,TRUE,TRUE,FALSE
arm,Zodic D Arms・Green,ゾデックＤアーム・緑,1150,1150,TRUE,TRUE,TRUE,TRUE,FALSE
arm,Zodic D Arms・Pink,ゾデックＤアーム・桜,1151,1151,TRUE,TRUE,TRUE,TRUE,FALSE
arm,Cayssis D Arms Water,カエシスＤアーム水,1120,1120,TRUE,TRUE,TRUE,TRUE,FALSE
arm,Cayssis D Arms Red,カエシスＤアーム赤,1121,1121,TRUE,TRUE,TRUE,TRUE,FALSE
arm,Cayssis D Arms Blue,カエシスＤアーム青,1122,1122,TRUE,TRUE,TRUE,TRUE,FALSE
arm,Cayssis D Arms Orange,カエシスＤアーム橙,1123,1123,TRUE,TRUE,TRUE,TRUE,FALSE
arm,Omet D Arms・Black,オメットＤアーム・黒,1091,1091,TRUE,TRUE,TRUE,TRUE,FALSE
arm,Omet D Arms・Red,オメットＤアーム・赤,1092,1092,TRUE,TRUE,TRUE,TRUE,FALSE
arm,Omet D Arms・White,オメットＤアーム・白,1093,1093,TRUE,TRUE,TRUE,TRUE,FALSE
arm,Omet D Arms・Blue,オメットＤアーム・青,1094,1094,TRUE,TRUE,TRUE,TRUE,FALSE
arm,Edio D Arms・Blue,エディオＤアーム・青,784,784,TRUE,TRUE,TRUE,TRUE,FALSE
arm,Edio D Arms・Red,エディオＤアーム・赤,785,785,TRUE,TRUE,TRUE,TRUE,FALSE
arm,Edio D Arms・Yellow,エディオＤアーム・黄,786,786,TRUE,TRUE,TRUE,TRUE,FALSE
arm,Edio D Arms・Black,エディオＤアーム・黒,787,787,TRUE,TRUE,TRUE,TRUE,FALSE
arm,Steno D Arms・Orange,ステノＤアーム・橙,718,718,TRUE,TRUE,TRUE,TRUE,FALSE
arm,Steno D Arms・Peach,ステノＤアーム・桃,719,719,TRUE,TRUE,TRUE,TRUE,FALSE
arm,Steno D Arms・Blue,ステノＤアーム・青,720,720,TRUE,TRUE,TRUE,TRUE,FALSE
arm,Steno D Arms・Red,ステノＤアーム・赤,721,721,TRUE,TRUE,TRUE,TRUE,FALSE
arm,Suriito D Arms・Yellow,スリートＤアーム・黄,652,652,TRUE,TRUE,TRUE,TRUE,FALSE
arm,Suriito D Arms・Silver,スリートＤアーム・銀,653,653,TRUE,TRUE,TRUE,TRUE,FALSE
arm,Suriito D Arms・Red,スリートＤアーム・赤,654,654,TRUE,TRUE,TRUE,TRUE,FALSE
arm,Suriito D Arms・Blue,スリートＤアーム・青,655,655,TRUE,TRUE,TRUE,TRUE,FALSE
arm,Galitos D Arms・Tea,ガリトスＤアーム・茶,1036,1036,TRUE,TRUE,TRUE,TRUE,FALSE
arm,Galitos D Arms・Red,ガリトスＤアーム・赤,1037,1037,TRUE,TRUE,TRUE,TRUE,FALSE
arm,Galitos D Arms・Black,ガリトスＤアーム・黒,1038,1038,TRUE,TRUE,TRUE,TRUE,FALSE
arm,Galitos D Arms・Water,ガリトスＤアーム・水,1039,1039,TRUE,TRUE,TRUE,TRUE,FALSE
arm,Text D Arms・Purple,テクストＤアーム・紫,572,572,TRUE,TRUE,TRUE,TRUE,FALSE
arm,Text D Arms・Green,テクストＤアーム・緑,573,573,TRUE,TRUE,TRUE,TRUE,FALSE
arm,Text D Arms・Blue,テクストＤアーム・青,574,574,TRUE,TRUE,TRUE,TRUE,FALSE
arm,Text D Arms・Black,テクストＤアーム・黒,576,576,TRUE,TRUE,TRUE,TRUE,FALSE
arm,Pharan D Arms・White,ファランＤアーム・白,598,598,TRUE,TRUE,TRUE,TRUE,FALSE
arm,Pharan D Arms・Black,ファランＤアーム・黒,599,599,TRUE,TRUE,TRUE,TRUE,FALSE
arm,Pharan D Arms・Red,ファランＤアーム・赤,600,600,TRUE,TRUE,TRUE,TRUE,FALSE
arm,Pharan D Arms・Blue,ファランＤアーム・青,601,601,TRUE,TRUE,TRUE,TRUE,FALSE
arm,Gold D Arms・Red,ゴルトＤアーム・赤,538,538,TRUE,TRUE,TRUE,TRUE,FALSE
arm,Gold D Arms・Blue,ゴルトＤアーム・青,539,539,TRUE,TRUE,TRUE,TRUE,FALSE
arm,Gold D Arms・Yellow,ゴルトＤアーム・黄,540,540,TRUE,TRUE,TRUE,TRUE,FALSE
arm,Gold D Arms・Purple,ゴルトＤアーム・紫,541,541,TRUE,TRUE,TRUE,TRUE,FALSE
arm,Claire D Arms・Purple,クレールＤアーム・紫,520,520,TRUE,TRUE,TRUE,TRUE,FALSE
arm,Claire D Arms・Water,クレールＤアーム・水,521,521,TRUE,TRUE,TRUE,TRUE,FALSE
arm,Claire D Arms・Red,クレールＤアーム・赤,522,522,TRUE,TRUE,TRUE,TRUE,FALSE
arm,Claire D Arms・Black,クレールＤアーム・黒,523,523,TRUE,TRUE,TRUE,TRUE,FALSE
arm,Gold Cat D Arms,きんねこ服Ｄアーム,250,250,TRUE,TRUE,TRUE,TRUE,FALSE
arm,Silver Cat D Arms,ぎんねこ服Ｄアーム,606,606,TRUE,TRUE,TRUE,TRUE,FALSE
arm,Ex D Arms・White,イクスＤアーム・白,453,453,TRUE,TRUE,TRUE,TRUE,FALSE
arm,Ex D Arms・Red,イクスＤアーム・赤,454,454,TRUE,TRUE,TRUE,TRUE,FALSE
arm,Ex D Arms・Blue,イクスＤアーム・青,455,455,TRUE,TRUE,TRUE,TRUE,FALSE
arm,Ex D Arms・Black,イクスＤアーム・黒,456,456,TRUE,TRUE,TRUE,TRUE,FALSE
arm,Star Festival D Gauntlets [Red 】,星祭Ｄ籠手【赤】,371,371,TRUE,TRUE,TRUE,TRUE,FALSE
arm,Star Festival D Gauntlets [Blue 】,星祭Ｄ籠手【青】,383,383,TRUE,TRUE,TRUE,TRUE,FALSE
arm,Star Festival D Gauntlets [Black 】,星祭Ｄ籠手【黒】,384,384,TRUE,TRUE,TRUE,TRUE,FALSE
arm,Star Festival D Gauntlets [White 】,星祭Ｄ籠手【白】,385,385,TRUE,TRUE,TRUE,TRUE,FALSE
arm,Promise D Arms・White,プロミスＤアーム・白,294,294,TRUE,TRUE,TRUE,TRUE,FALSE
arm,Promise D Arms・Blue,プロミスＤアーム・青,295,295,TRUE,TRUE,TRUE,TRUE,FALSE
arm,Promise D Arms・Purple,プロミスＤアーム・紫,296,296,TRUE,TRUE,TRUE,TRUE,FALSE
arm,Promise D Arms・Yellow,プロミスＤアーム・黄,297,297,TRUE,TRUE,TRUE,TRUE,FALSE
arm,White M Arms D,ホワイトＭアームＤ,289,289,TRUE,TRUE,TRUE,TRUE,FALSE
arm,Flight Kote D・White,飛天ノ篭手Ｄ・白,1515,1515,TRUE,TRUE,TRUE,TRUE,FALSE
arm,Flight Kote D・Red,飛天ノ篭手Ｄ・赤,1512,1512,TRUE,TRUE,TRUE,TRUE,FALSE
arm,Flight Kote D・Tea,飛天ノ篭手Ｄ・茶,1513,1513,TRUE,TRUE,TRUE,TRUE,FALSE
arm,Flight Kote D・Blue,飛天ノ篭手Ｄ・青,1514,1514,TRUE,TRUE,TRUE,TRUE,FALSE
arm,Bande D Arms・Blue,バンデＤアーム・青,1658,1658,TRUE,TRUE,TRUE,TRUE,FALSE
arm,Bande D Arms・Red,バンデＤアーム・赤,1659,1659,TRUE,TRUE,TRUE,TRUE,FALSE
arm,Bande D Arms・Green,バンデＤアーム・緑,1660,1660,TRUE,TRUE,TRUE,TRUE,FALSE
arm,Bande D Arms・Black,バンデＤアーム・黒,1661,1661,TRUE,TRUE,TRUE,TRUE,FALSE
arm,Regnum D Arms・White,レグヌムＤアーム・白,1712,1712,TRUE,TRUE,TRUE,TRUE,FALSE
arm,Regnum D Arms・Blue,レグヌムＤアーム・青,1713,1713,TRUE,TRUE,TRUE,TRUE,FALSE
arm,Regnum D Arms・Red,レグヌムＤアーム・赤,1714,1714,TRUE,TRUE,TRUE,TRUE,FALSE
arm,Regnum D Arms・Tea,レグヌムＤアーム・茶,1715,1715,TRUE,TRUE,TRUE,TRUE,FALSE
arm,Gania D Arms・Red,ガニアＤアーム・赤,1770,1770,TRUE,TRUE,TRUE,TRUE,FALSE
arm,Gania D Arms・Blue,ガニアＤアーム・青,1771,1771,TRUE,TRUE,TRUE,TRUE,FALSE
arm,Gania D Arms・Tea,ガニアＤアーム・茶,1772,1772,TRUE,TRUE,TRUE,TRUE,FALSE
arm,Gania D Arms・Purple,ガニアＤアーム・紫,1773,1773,TRUE,TRUE,TRUE,TRUE,FALSE
arm,Amistad D Arms・Black,アミスタＤアーム・黒,1808,1808,TRUE,TRUE,TRUE,TRUE,FALSE
arm,Amistad D Arms・White,アミスタＤアーム・白,1809,1809,TRUE,TRUE,TRUE,TRUE,FALSE
arm,Amistad D Arms・Blue,アミスタＤアーム・青,1810,1810,TRUE,TRUE,TRUE,TRUE,FALSE
arm,Amistad D Arms・Crimson,アミスタＤアーム・紅,1811,1811,TRUE,TRUE,TRUE,TRUE,FALSE
arm,Perifu D Arms・Blue,ペリフＤアーム・青,1856,1856,TRUE,TRUE,TRUE,TRUE,FALSE
arm,Perifu D Arms・Tea,ペリフＤアーム・茶,1857,1857,TRUE,TRUE,TRUE,TRUE,FALSE
arm,Perifu D Arms・Green,ペリフＤアーム・緑,1858,1858,TRUE,TRUE,TRUE,TRUE,FALSE
arm,Perifu D Arms・Purple,ペリフＤアーム・紫,1859,1859,TRUE,TRUE,TRUE,TRUE,FALSE
arm,Vakusu D Arms,ヴァクスＤアーム,1918,1918,TRUE,TRUE,TRUE,TRUE,FALSE
arm,Rizuvue D Arms,リズヴェＤアーム,2127,2127,TRUE,TRUE,TRUE,TRUE,FALSE
arm,Konseru D Arms,コンセルＤアーム,1262,1262,TRUE,TRUE,TRUE,TRUE,FALSE
arm,Utaei Sleeve D,歌詠ノ袖Ｄ,2153,2153,TRUE,TRUE,TRUE,TRUE,FALSE
arm,Utatsumugu Sleeve D,歌紡ノ袖Ｄ,2154,2154,TRUE,TRUE,TRUE,TRUE,FALSE
arm,Shikari の Kote D,シカリの篭手Ｄ,469,469,TRUE,TRUE,TRUE,TRUE,FALSE
arm,Strega D Arms,ストレガＤアーム,423,423,TRUE,TRUE,TRUE,TRUE,FALSE
arm,Eques D Arms,エクエスＤアーム,370,370,TRUE,TRUE,TRUE,TRUE,FALSE
arm,Uida D Arms,ウィダＤアーム,478,478,TRUE,TRUE,TRUE,TRUE,FALSE
arm,Kuraaji D Arms,クラージＤアーム,492,492,TRUE,TRUE,TRUE,TRUE,FALSE
arm,Aneshisu D Arms,アネシスＤアーム,491,491,TRUE,TRUE,TRUE,TRUE,FALSE
arm,Zaakaa D Arms,ザーカーＤアーム,579,579,TRUE,TRUE,TRUE,TRUE,FALSE
arm,Vinen D Arms,ヴィネンＤアーム,760,760,TRUE,TRUE,TRUE,TRUE,FALSE
arm,Rudeos D Arms,ルデオスＤアーム,1001,1001,TRUE,TRUE,TRUE,TRUE,FALSE
arm,Breo D Arms,ブレオＤアーム,761,761,TRUE,TRUE,TRUE,TRUE,FALSE
arm,Rouge D Arms,ルージュＤアーム,397,397,TRUE,TRUE,TRUE,TRUE,FALSE
arm,Onero D Arms,オネロＤアーム,1089,1089,TRUE,TRUE,TRUE,TRUE,FALSE
arm,Diina D Arms,ディーナＤアーム,257,257,TRUE,TRUE,TRUE,TRUE,FALSE
arm,Oorowa D Arms,オーロワＤアーム,1118,1118,TRUE,TRUE,TRUE,TRUE,FALSE
arm,Higakure D Arms,ヒガクレＤアーム,1257,1257,TRUE,TRUE,TRUE,TRUE,FALSE
arm,Perce D Arms,ペルセＤアーム,1316,1316,TRUE,TRUE,TRUE,TRUE,FALSE
arm,Orykto D Arms,オリクトＤアーム,1684,1684,TRUE,TRUE,TRUE,TRUE,FALSE
arm,Orykto D Guard,オリクトＤガード,1685,1685,TRUE,TRUE,TRUE,TRUE,FALSE
arm,Yoruti D Arms,ヨルティＤアーム,1677,1677,TRUE,TRUE,TRUE,TRUE,FALSE
arm,Nisuru D Arms,ニスルＤアーム,1222,1222,TRUE,TRUE,TRUE,TRUE,FALSE
arm,Maaden D Arms,マアデンＤアーム,1738,1738,TRUE,TRUE,TRUE,TRUE,FALSE
arm,Maaden D Guard,マアデンＤガード,1739,1739,TRUE,TRUE,TRUE,TRUE,FALSE
arm,Cheni D Arms,チェニーＤアーム,1778,1778,TRUE,TRUE,TRUE,TRUE,FALSE
arm,Eguiene D Arms,エギエネＤアーム,1917,1917,TRUE,TRUE,TRUE,TRUE,FALSE
arm,Toruboda D Arms,トルボダＤアーム,1834,1834,TRUE,TRUE,TRUE,TRUE,FALSE
arm,Kabariba D Arms,カバリバＤアーム,1833,1833,TRUE,TRUE,TRUE,TRUE,FALSE
arm,Norukku Dグローブ,ノルックＤグローブ,1308,1308,TRUE,TRUE,TRUE,TRUE,FALSE
arm,Valier D Arms,ヴァリエＤアーム,1867,1867,TRUE,TRUE,TRUE,TRUE,FALSE
arm,Arumyu D Arms,アルミュＤアーム,2075,2075,TRUE,TRUE,TRUE,TRUE,FALSE
arm,Chatore D Arms,チャトレＤアーム,2074,2074,TRUE,TRUE,TRUE,TRUE,FALSE
arm,Pashio D Arms,パシオＤアーム,1223,1223,TRUE,TRUE,TRUE,TRUE,FALSE
arm,Cariva D Arms,カリヴァＤアーム,2128,2128,TRUE,TRUE,TRUE,TRUE,FALSE
arm,Desutora D Cannon,デストラＤカノン,0,2258,FALSE,TRUE,TRUE,TRUE,FALSE
arm,Bogabado ZD Arms,ボガバドZDアーム,2192,2192,TRUE,TRUE,TRUE,TRUE,FALSE
arm,Bogabado ZD Guard,ボガバドZDガード,2193,2193,TRUE,TRUE,TRUE,TRUE,FALSE
arm,Nerishoku Kote D,煉燭ノ篭手Ｄ,2165,2165,TRUE,TRUE,TRUE,TRUE,FALSE
arm,Gravios ZD Arms,グラビZDアーム,2190,2190,TRUE,TRUE,TRUE,TRUE,FALSE
arm,Gravios ZD Guard,グラビZDガード,2191,2191,TRUE,TRUE,TRUE,TRUE,FALSE
arm,Baruragaru ZD Arms,バルラZDアーム,2188,2188,TRUE,TRUE,TRUE,TRUE,FALSE
arm,Baruragaru ZD Guard,バルラZDガード,2189,2189,TRUE,TRUE,TRUE,TRUE,FALSE
arm,Rabius D Arms,ラビウスＤアーム,2230,2230,TRUE,TRUE,TRUE,TRUE,FALSE
arm,Rocras D Arms,ロクラスＤアーム,2231,2231,TRUE,TRUE,TRUE,TRUE,FALSE
arm,Alisys D Arms,アリシスＤアーム,2233,2233,TRUE,TRUE,TRUE,TRUE,FALSE
arm,Loli D Arms,ロゥリィＤアーム,2234,2234,TRUE,TRUE,TRUE,TRUE,FALSE
arm,Recolis D Arms,レコリスＤアーム,2235,2235,TRUE,TRUE,TRUE,TRUE,FALSE
arm,Rapin D Arms,ラファンＤアーム,2242,2242,TRUE,TRUE,TRUE,TRUE,FALSE
arm,Rapin C Arms,ラファンＣアーム,2243,2243,TRUE,TRUE,TRUE,TRUE,FALSE
arm,Kireek D Arms,キリークＤアーム,2168,0,TRUE,FALSE,TRUE,TRUE,FALSE
arm,Dista D Arms,ディスタＤアーム,2169,0,TRUE,FALSE,TRUE,TRUE,FALSE
arm,Guridi D Arms,グリディＤアーム,1964,1964,TRUE,TRUE,TRUE,TRUE,FALSE
arm,Shifunyi D Arms,シフニィＤアーム,2100,2100,TRUE,TRUE,TRUE,TRUE,FALSE
arm,Rappy D Arms,ラッピーＤアーム,2198,2198,TRUE,TRUE,TRUE,TRUE,FALSE
arm,Bita D Arms,ビーターＤアーム,2238,2238,TRUE,TRUE,TRUE,TRUE,FALSE
arm,Koreputo D Arms,コレプトＤアーム,2239,2239,TRUE,TRUE,TRUE,TRUE,FALSE
arm,Secuti D Arms・Black,セクティＤアーム・黒,1289,1289,TRUE,TRUE,TRUE,TRUE,FALSE
arm,Secuti D Arms・Blue,セクティＤアーム・青,1290,1290,TRUE,TRUE,TRUE,TRUE,FALSE
arm,Secuti D Arms・Red,セクティＤアーム・赤,1291,1291,TRUE,TRUE,TRUE,TRUE,FALSE
arm,Secuti D Arms・White,セクティＤアーム・白,1292,1292,TRUE,TRUE,TRUE,TRUE,FALSE
arm,Rockman D Guard,ロックマンＤガード,2293,2293,TRUE,TRUE,TRUE,TRUE,FALSE
arm,Issen D [Kote 】・Red,一閃Ｄ【篭手】・赤,1229,0,TRUE,FALSE,TRUE,TRUE,FALSE
arm,Kinkou D Arms,キンコウＤアーム,2228,2228,TRUE,TRUE,TRUE,TRUE,FALSE
arm,Anbu D Arms,アンブＤアーム,2229,2229,TRUE,TRUE,TRUE,TRUE,FALSE
arm,Rengoku Kote D,煉獄ノ篭手Ｄ,2240,2240,TRUE,TRUE,TRUE,TRUE,FALSE
arm,Nerigeki Kote D,煉戟ノ篭手Ｄ,2241,2241,TRUE,TRUE,TRUE,TRUE,FALSE
arm,Shanru D Arms,シャンルＤアーム,2236,2236,TRUE,TRUE,TRUE,TRUE,FALSE
arm,Fanru D Arms,ファンルＤアーム,2237,2237,TRUE,TRUE,TRUE,TRUE,FALSE
arm,Zamuza ZD Arms,ザムザZDアーム,2245,2245,TRUE,TRUE,TRUE,TRUE,FALSE
arm,Zamuza ZD Guard,ザムザZDガード,2246,2246,TRUE,TRUE,TRUE,TRUE,FALSE
arm,Harudo ZD Arms,ハルドZDアーム,2247,2247,TRUE,TRUE,TRUE,TRUE,FALSE
arm,Harudo ZD Guard,ハルドZDガード,2248,2248,TRUE,TRUE,TRUE,TRUE,FALSE
arm,Arbiter D Cannon,アービターＤカノン,2276,2276,TRUE,TRUE,TRUE,TRUE,FALSE
arm,Elysi D Arms,エリュシＤアーム,2277,2277,TRUE,TRUE,TRUE,TRUE,FALSE
arm,Fine D Arms,フィーネＤアーム,2278,2278,TRUE,TRUE,TRUE,TRUE,FALSE
arm,Kotona D Arms,コトナＤアーム,2279,2279,TRUE,TRUE,TRUE,TRUE,FALSE
arm,Finis D Arms,フィニスＤアーム,2280,2280,TRUE,TRUE,TRUE,TRUE,FALSE
arm,Firl D Arms,フィールＤアーム,2281,2281,TRUE,TRUE,TRUE,TRUE,FALSE
arm,Ryoso Kote D,了奏ノ篭手Ｄ,2282,2282,TRUE,TRUE,TRUE,TRUE,FALSE
arm,Gems D Arms,ジェムズＤアーム,2284,2284,TRUE,TRUE,TRUE,TRUE,FALSE
arm,Alisha D Arms,アリシャＤアーム,2285,2285,TRUE,TRUE,TRUE,TRUE,FALSE
arm,Ricca D Arms,リッカＤアーム,2288,2288,TRUE,TRUE,TRUE,TRUE,FALSE
arm,Kelis D Arms,ケリスＤアーム,2290,2290,TRUE,TRUE,TRUE,TRUE,FALSE
arm,Myunru D Arms,ミュンルＤアーム,2292,2292,TRUE,TRUE,TRUE,TRUE,FALSE
arm,Seiryu・Kensei D Arms,青龍・剣聖Ｄアーム,1341,1341,TRUE,TRUE,TRUE,TRUE,FALSE
arm,Seiryu・双龍D Arms,青龍・双龍Ｄアーム,1345,1345,TRUE,TRUE,TRUE,TRUE,FALSE
arm,Seiryu・Blade 王D Arms,青龍・剣王Ｄアーム,1349,1349,TRUE,TRUE,TRUE,TRUE,FALSE
arm,Seiryu・刀神D Arms,青龍・刀神Ｄアーム,1353,1353,TRUE,TRUE,TRUE,TRUE,FALSE
arm,Seiryu・Heaven 槍D Arms,青龍・天槍Ｄアーム,1357,1357,TRUE,TRUE,TRUE,TRUE,FALSE
arm,Seiryu・砲皇D Arms,青龍・砲皇Ｄアーム,1361,1361,TRUE,TRUE,TRUE,TRUE,FALSE
arm,Seiryu・鈍器獣D Arms,青龍・鈍器獣Ｄアーム,1365,1365,TRUE,TRUE,TRUE,TRUE,FALSE
arm,Seiryu・奏帝D Arms,青龍・奏帝Ｄアーム,1369,1369,TRUE,TRUE,TRUE,TRUE,FALSE
arm,Seiryu・穿凰D Arms,青龍・穿凰Ｄアーム,1546,1546,TRUE,TRUE,TRUE,TRUE,FALSE
arm,Seiryu・斬将D Arms,青龍・斬将Ｄアーム,1894,1894,TRUE,TRUE,TRUE,TRUE,FALSE
arm,Seiryu・銃傑D Guard,青龍・銃傑Ｄガード,1373,1373,TRUE,TRUE,TRUE,TRUE,FALSE
arm,Seiryu・銃仙D Guard,青龍・銃仙Ｄガード,1377,1377,TRUE,TRUE,TRUE,TRUE,FALSE
arm,Seiryu・Bow 鬼D Guard,青龍・弓鬼Ｄガード,1381,1381,TRUE,TRUE,TRUE,TRUE,FALSE
arm,Seiryu・磁星D Arms,青龍・磁星Ｄアーム,2146,2146,TRUE,TRUE,TRUE,TRUE,FALSE
arm,K. Lobster Arms PD Black,ＫロブスタアームPD黒,765,765,TRUE,TRUE,TRUE,TRUE,FALSE
arm,K. Lobster Arms PD Green,ＫロブスタアームPD緑,766,766,TRUE,TRUE,TRUE,TRUE,FALSE
arm,K. Lobster Arms PD Blue,ＫロブスタアームPD青,767,767,TRUE,TRUE,TRUE,TRUE,FALSE
arm,K. Lobster Guard PD Black,ＫロブスタガードPD黒,768,768,TRUE,TRUE,TRUE,TRUE,FALSE
arm,K. Lobster Guard PD Green,ＫロブスタガードPD緑,769,769,TRUE,TRUE,TRUE,TRUE,FALSE
arm,K. Lobster Guard PD Blue,ＫロブスタガードPD青,770,770,TRUE,TRUE,TRUE,TRUE,FALSE
arm,Hypnoc Arms PD Green,ヒプノアームPD緑,1005,1005,TRUE,TRUE,TRUE,TRUE,FALSE
arm,Hypnoc Arms PD Red,ヒプノアームPD赤,1006,1006,TRUE,TRUE,TRUE,TRUE,FALSE
arm,Hypnoc Arms PD Yellow,ヒプノアームPD黄,1007,1007,TRUE,TRUE,TRUE,TRUE,FALSE
arm,Beru Arms PD Black,ベルアームPD黒,1008,1008,TRUE,TRUE,TRUE,TRUE,FALSE
arm,Beru Arms PD Red,ベルアームPD赤,1009,1009,TRUE,TRUE,TRUE,TRUE,FALSE
arm,Beru Arms PD Purple,ベルアームPD紫,1010,1010,TRUE,TRUE,TRUE,TRUE,FALSE
arm,Beru Guard PD Black,ベルガードPD黒,1011,1011,TRUE,TRUE,TRUE,TRUE,FALSE
arm,Beru Guard PD Red,ベルガードPD赤,1012,1012,TRUE,TRUE,TRUE,TRUE,FALSE
arm,Beru Guard PD Purple,ベルガードPD紫,1013,1013,TRUE,TRUE,TRUE,TRUE,FALSE
arm,Black Belt Arms PD White,クロオビアームPD白,1062,1062,TRUE,TRUE,TRUE,TRUE,FALSE
arm,Black Belt Arms PD Black,クロオビアームPD黒,1063,1063,TRUE,TRUE,TRUE,TRUE,FALSE
arm,Black Belt Arms PD Blue,クロオビアームPD青,1064,1064,TRUE,TRUE,TRUE,TRUE,FALSE
arm,Apkallu Arms PD White,アプカルアームPD白,1086,1086,TRUE,TRUE,TRUE,TRUE,FALSE
arm,Apkallu Arms PD Green,アプカルアームPD緑,1087,1087,TRUE,TRUE,TRUE,TRUE,FALSE
arm,Apkallu Arms PD Yellow,アプカルアームPD黄,1088,1088,TRUE,TRUE,TRUE,TRUE,FALSE
arm,Rukodiora クロウ PD White,ルコクロウPD白,1103,1103,TRUE,TRUE,TRUE,TRUE,FALSE
arm,Rukodiora クロウ PD Blue,ルコクロウPD青,1104,1104,TRUE,TRUE,TRUE,TRUE,FALSE
arm,Rukodiora クロウ PD Red,ルコクロウPD赤,1105,1105,TRUE,TRUE,TRUE,TRUE,FALSE
arm,Rukodiora フィスト PD White,ルコフィストPD白,1106,1106,TRUE,TRUE,TRUE,TRUE,FALSE
arm,Rukodiora フィスト PD Blue,ルコフィストPD青,1107,1107,TRUE,TRUE,TRUE,TRUE,FALSE
arm,Rukodiora フィスト PD Red,ルコフィストPD赤,1108,1108,TRUE,TRUE,TRUE,TRUE,FALSE
arm,Comrade Arms PD White Red,コムラダアームPD白赤,1109,1109,TRUE,TRUE,TRUE,TRUE,FALSE
arm,Comrade Arms PD White Blue,コムラダアームPD白青,1110,1110,TRUE,TRUE,TRUE,TRUE,FALSE
arm,Comrade Arms PD White Yellow,コムラダアームPD白黄,1111,1111,TRUE,TRUE,TRUE,TRUE,FALSE
arm,Otono D Arms,オトノＤアーム,1832,1832,TRUE,TRUE,TRUE,TRUE,FALSE
arm,忍の Kote・空D,忍の篭手・空Ｄ,158,158,TRUE,TRUE,TRUE,TRUE,FALSE
arm,忍の Kote・海D,忍の篭手・海Ｄ,159,159,TRUE,TRUE,TRUE,TRUE,FALSE
arm,Shadow Kote・D,黒影ノ篭手・Ｄ,1189,1189,TRUE,TRUE,TRUE,TRUE,FALSE
arm,Shade Kote・D,黒陰ノ篭手・Ｄ,1190,1190,TRUE,TRUE,TRUE,TRUE,FALSE
arm,Hope D Arms,ホープＤアーム,1191,1191,TRUE,TRUE,TRUE,TRUE,FALSE
